cod_municipio,municipio,ano,populacao,pib,pib_per_capita
110001,Alta Floresta D'Oeste,2023,22787,1046343,45.91841839645412
110002,Ariquemes,2023,109170,4383815,40.15585783640194
110003,Cabixi,2023,5664,300832,53.112994350282484
110004,Cacoal,2023,98280,3848468,39.15820105820106
110005,Cerejeiras,2023,16966,1006389,59.317988919014496
110006,Colorado do Oeste,2023,16508,580899,35.18893869638963
110007,Corumbiara,2023,7968,509566,63.9515562248996
110008,Costa Marques,2023,13510,413943,30.63974833456699
110009,Espigão D'Oeste,2023,32842,1023973,31.178764996041654
110010,Guajará,2023,43594,1145034,26.265862274624947
110011,Jaru,2023,55682,2515558,45.17722064581014
110012,Ji,2023,140101,5824472,41.573379205002105
110013,Machadinho D'Oeste,2023,34149,1055806,30.917625699141997
110014,Nova Brasilândia D'Oeste,2023,16374,731952,44.702088677171126
110015,Ouro Preto do Oeste,2023,38684,1275479,32.97174542446489
110018,Pimenta Bueno,2023,39220,2124340,54.164711881693016
110020,Porto Velho,2023,517709,25402193,49.06654703704204
110025,Presidente Médici,2023,20443,776281,37.97294917575698
110026,Rio Crespo,2023,3767,265160,70.390230953013
110028,Rolim de Moura,2023,62959,2287631,36.33524992455408
110029,Santa Luzia D'Oeste,2023,7837,291887,37.244736506316194
110030,Vilhena,2023,109651,5115785,46.65516046365286
110032,São Miguel do Guaporé,2023,22305,1549192,69.45492042143017
110033,Nova Mamoré,2023,28701,1060566,36.95223162955995
110034,Alvorada D'Oeste,2023,13720,486626,35.46836734693878
110037,Alto Alegre dos Parecis,2023,12237,575129,46.99918280624336
110040,Alto Paraíso,2023,17467,667923,38.23913665769737
110045,Buritis,2023,30649,1221008,39.83842865998891
110050,Novo Horizonte do Oeste,2023,7972,331958,41.64049172102358
110060,Cacaulândia,2023,4292,238989,55.682432432432435
110070,Campo Novo de Rondônia,2023,9095,455251,50.055085211654756
110080,Candeias do Jamari,2023,24313,1001610,41.19647924978407
110090,Castanheiras,2023,3450,138594,40.17217391304348
110092,Chupinguaia,2023,10191,673990,66.13580610342458
110094,Cujubim,2023,15877,582148,36.666120803678275
110100,Governador Jorge Teixeira,2023,8340,320123,38.38405275779377
110110,Itapuã do Oeste,2023,9228,340162,36.861941915908105
110120,Ministro Andreazza,2023,6519,440282,67.53827274121798
110130,Mirante da Serra,2023,9657,380179,39.36823029926478
110140,Monte Negro,2023,12168,526990,43.3095003287311
110143,Nova União,2023,6541,193557,29.591346888854915
110145,Parecis,2023,4372,201510,46.09103385178408
110146,Pimenteiras do Oeste,2023,2309,355185,153.8263317453443
110147,Primavera de Rondônia,2023,3268,131193,40.14473684210526
110148,São Felipe D'Oeste,2023,5588,177906,31.83715103793844
110149,São Francisco do Guaporé,2023,17557,716411,40.804864156746596
110150,Seringueiras,2023,12965,446997,34.47720786733513
110155,Teixeirópolis,2023,4521,156426,34.59986728599867
110160,Theobroma,2023,8459,307754,36.381841825274854
110170,Urupá,2023,11314,370214,32.721760650521475
110175,Vale do Anari,2023,8220,257311,31.303041362530415
110180,Vale do Paraíso,2023,6790,225187,33.16450662739322
120001,Acrelândia,2023,14712,502663,34.166870581837955
120005,Assis Brasil,2023,8648,187366,21.66581868640148
120010,Brasiléia,2023,28028,929800,33.1739688882546
120013,Bujari,2023,13928,365419,26.236286616886847
120017,Capixaba,2023,10981,530657,48.325015936617795
120020,Cruzeiro do Sul,2023,98916,2680143,27.095141332039304
120025,Epitaciolândia,2023,19874,793427,39.922864043473886
120030,Feijó,2023,37764,741344,19.630971295413623
120032,Jordão,2023,9884,150648,15.241602590044517
120033,Mâncio Lima,2023,20479,339224,16.56448068753357
120034,Manoel Urbano,2023,12923,262614,20.32144238953803
120035,Marechal Thaumaturgo,2023,18057,288045,15.951985379631168
120038,Plácido de Castro,2023,17107,764818,44.707897351961186
120039,Porto Walter,2023,11333,200512,17.69275566928439
120040,Rio Branco,2023,389001,12960966,33.31859301132902
120042,Rodrigues Alves,2023,15560,293645,18.871786632390744
120043,Santa Rosa do Purus,2023,7217,124070,17.191353748094777
120045,Senador Guiomard,2023,22402,1111821,49.630434782608695
120050,Sena Madureira,2023,44049,972648,22.08104610774365
120060,Tarauacá,2023,46816,932080,19.90943267259057
120070,Xapuri,2023,19170,626026,32.656546687532604
120080,Porto Acre,2023,17523,533386,30.439194201906066
130002,Alvarães,2023,16806,242584,14.434368677853147
130006,Amaturá,2023,11533,134732,11.682302956732853
130008,Anamã,2023,9981,154694,15.498847810840598
130010,Anori,2023,18056,297171,16.458296411165264
130014,Apuí,2023,21781,386133,17.727973922225793
130020,Atalaia do Norte,2023,15889,206769,13.013342564038014
130030,Autazes,2023,45960,584990,12.728241949521323
130040,Barcelos,2023,18210,242100,13.294892915980231
130050,Barreirinha,2023,33722,398068,11.804400687978175
130060,Benjamin Constant,2023,40908,469445,11.475628238975261
130063,Beruri,2023,22495,262121,11.652411647032674
130068,Boa Vista do Ramos,2023,26479,243779,9.20650326673968
130070,Boca do Acre,2023,38792,661735,17.058542998556405
130080,Borba,2023,34869,435684,12.494880839714359
130083,Caapiranga,2023,14806,219112,14.798865324868297
130090,Canutama,2023,18109,208247,11.499641062455133
130100,Carauari,2023,31130,433322,13.919755862512046
130110,Careiro,2023,32336,436682,13.504515091538842
130115,Careiro da Várzea,2023,20324,418938,20.612969887817357
130120,Coari,2023,73576,3893679,52.92050396868544
130130,Codajás,2023,24572,637713,25.95283249226762
130140,Eirunepé,2023,35793,683640,19.099823987930602
130150,Envira,2023,17985,236124,13.128940783986655
130160,Fonte Boa,2023,28227,324329,11.490027278846494
130165,Guajará,2023,14344,184646,12.872699386503067
130170,Humaitá,2023,63454,926065,14.594273016673496
130180,Ipixuna,2023,25629,247844,9.67045144172617
130185,Iranduba,2023,68862,1263496,18.348232697278615
130190,Itacoatiara,2023,113917,3321936,29.16102074317266
130195,Itamarati,2023,11956,161777,13.531030444964872
130200,Itapiranga,2023,10955,196557,17.94221816522136
130210,Japurá,2023,9420,145337,15.42855626326964
130220,Juruá,2023,11093,147950,13.33723970071216
130230,Jutaí,2023,28202,394550,13.990142543082051
130240,Lábrea,2023,49469,742982,15.019143301865816
130250,Manacapuru,2023,111751,1917413,17.157904627251657
130255,Manaquiri,2023,16211,303947,18.749429399790266
130260,Manaus,2023,2303732,127649795,55.41000211830195
130270,Manicoré,2023,58018,926410,15.967630735289049
130280,Maraã,2023,15815,202680,12.815681315207081
130290,Maués,2023,66336,695907,10.490638567293777
130300,Nhamundá,2023,21251,239731,11.280927956331467
130310,Nova Olinda do Norte,2023,28123,354693,12.612203534473563
130320,Novo Airão,2023,16562,243316,14.691220867045043
130330,Novo Aripuanã,2023,25325,311737,12.309457058242844
130340,Parintins,2023,101855,1656949,16.26772372490305
130350,Pauini,2023,20229,237839,11.757328587671164
130353,Presidente Figueiredo,2023,33291,730303,21.936949926406538
130356,Rio Preto da Eva,2023,25364,495858,19.549676707143984
130360,Santa Isabel do Rio Negro,2023,13947,197857,14.186348318634831
130370,Santo Antônio do Içá,2023,30679,354277,11.547866618859807
130380,São Gabriel da Cachoeira,2023,57396,584409,10.182051014007945
130390,São Paulo de Olivença,2023,35442,358400,10.1122961458157
130395,São Sebastião do Uatumã,2023,12338,145515,11.794050899659588
130400,Silves,2023,12619,434235,34.411205325303115
130406,Tabatinga,2023,73348,849681,11.584242242460599
130410,Tapauá,2023,20728,318010,15.342049401775377
130420,Tefé,2023,80137,1619517,20.20935398130701
130423,Tonantins,2023,20257,214602,10.593967517401392
130426,Uarini,2023,15640,265246,16.959462915601023
130430,Urucará,2023,19617,244547,12.466075342814905
130440,Urucurituba,2023,25965,297173,11.445137685345658
140002,Amajari,2023,16112,329100,20.425769612711022
140005,Alto Alegre,2023,23589,802540,34.02178981728772
140010,Boa Vista,2023,485477,18234169,37.55928499187397
140015,Bonfim,2023,15570,772903,49.64052665382145
140017,Cantá,2023,21102,498394,23.618330016112218
140020,Caracaraí,2023,22750,637454,28.019956043956043
140023,Caroebe,2023,12004,317377,26.43927024325225
140028,Iracema,2023,10937,279559,25.560848495931243
140030,Mucajaí,2023,20006,552044,27.593921823452963
140040,Normandia,2023,16323,370956,22.725969490902408
140045,Pacaraima,2023,23112,447421,19.358817930079613
140047,Rorainópolis,2023,37787,981040,25.962368010162226
140050,São João da Baliza,2023,9969,425809,42.71331126492126
140060,São Luiz,2023,7848,221585,28.234582059123344
140070,Uiramutã,2023,16186,254453,15.720560978623501
150010,Abaetetuba,2023,172344,2441092,14.164067214408393
150013,Abel Figueiredo,2023,6275,131077,20.888764940239042
150020,Acará,2023,63110,2111467,33.45693234035811
150030,Afuá,2023,40473,665557,16.444469152274355
150034,Água Azul do Norte,2023,17596,1047226,59.51500340986588
150040,Alenquer,2023,75882,1578584,20.803141720039008
150050,Almeirim,2023,36442,593847,16.295675319686076
150060,Altamira,2023,138749,3887894,28.021059611240442
150070,Anajás,2023,30247,370838,12.260323337851688
150080,Ananindeua,2023,509227,11473897,22.531988680882986
150085,Anapu,2023,35638,715999,20.090886132779616
150090,Augusto Corrêa,2023,47912,490157,10.230359826348305
150095,Aurora do Pará,2023,24193,390415,16.137519117099988
150100,Aveiro,2023,19380,228317,11.781062951496388
150110,Bagre,2023,35147,329848,9.384812359518593
150120,Baião,2023,56850,799363,14.060914687774845
150125,Bannach,2023,4290,153995,35.896270396270396
150130,Barcarena,2023,139076,9190033,66.07921568063504
150140,Belém,2023,1397315,40536062,29.009966972372013
150145,Belterra,2023,19075,352844,18.497719528178244
150150,Benevides,2023,68962,3338145,48.40557118413039
150157,Bom Jesus do Tocantins,2023,19129,336974,17.615871190339277
150160,Bonito,2023,12961,147258,11.36162333153306
150170,Bragança,2023,132489,1977330,14.924484296809547
150172,Brasil Novo,2023,27130,517482,19.07416144489495
150175,Brejo Grande do Araguaia,2023,6966,143221,20.560005742176283
150178,Breu Branco,2023,47066,802221,17.04459694896528
150180,Breves,2023,116058,1515250,13.055972013993003
150190,Bujaru,2023,25065,688320,27.461400359066428
150195,Cachoeira do Piriá,2023,19223,237908,12.37621599126047
150200,Cachoeira do Arari,2023,25467,354702,13.927906702791848
150210,Cametá,2023,144859,1901553,13.126923422086305
150215,Canaã dos Carajás,2023,89524,16621560,185.66596666815602
150220,Capanema,2023,75309,1883282,25.00739619434596
150230,Capitão Poço,2023,60318,900134,14.923140687688583
150240,Castanhal,2023,209126,6318091,30.211886613811767
150250,Chaves,2023,21501,331190,15.403469606064835
150260,Colares,2023,13625,136194,9.995889908256881
150270,Conceição do Araguaia,2023,47144,985296,20.89971152214492
150275,Concórdia do Pará,2023,28270,520832,18.42348779625044
150276,Cumaru do Norte,2023,15150,479032,31.61927392739274
150277,Curionópolis,2023,20975,737806,35.17549463647199
150280,Curralinho,2023,36814,396832,10.779377410767642
150285,Curuá,2023,14954,192168,12.850608532834025
150290,Curuçá,2023,44880,485458,10.816800356506239
150293,Dom Eliseu,2023,62823,1332437,21.209381914267066
150295,Eldorado do Carajás,2023,29287,736064,25.132789292177417
150300,Faro,2023,9167,102052,11.132540634886004
150304,Floresta do Araguaia,2023,18595,657025,35.33342296316214
150307,Garrafão do Norte,2023,25558,426847,16.701111198059316
150309,Goianésia do Pará,2023,26703,595811,22.31251170280493
150310,Gurupá,2023,34137,489497,14.339192078975891
150320,Igarapé,2023,37925,599286,15.801872116018458
150330,Igarapé,2023,69446,1021946,14.715692768481986
150340,Inhangapi,2023,10784,230530,21.37704005934718
150345,Ipixuna do Pará,2023,29264,612707,20.937226626571896
150350,Irituia,2023,32740,377735,11.537416004886989
150360,Itaituba,2023,135369,3806020,28.115890639659007
150370,Itupiranga,2023,52201,979792,18.769602114902014
150375,Jacareacanga,2023,26579,732418,27.556266225215396
150380,Jacundá,2023,37726,800237,21.21181678418067
150390,Juruti,2023,54255,1184842,21.83839277485946
150400,Limoeiro do Ajuru,2023,32088,601991,18.760627025679383
150405,Mãe do Rio,2023,37473,488400,13.033384036506284
150410,Magalhães Barata,2023,8439,121851,14.439033060789193
150420,Marabá,2023,290975,9748965,33.50447632958158
150430,Maracanã,2023,27129,361786,13.335766154299828
150440,Marapanim,2023,28159,333941,11.85912141766398
150442,Marituba,2023,119437,2780522,23.280239791689343
150445,Medicilândia,2023,28677,1140469,39.76946682009973
150450,Melgaço,2023,30080,347499,11.55249335106383
150460,Mocajuba,2023,28903,480360,16.61972805591115
150470,Moju,2023,91760,2156273,23.499051874455102
150475,Mojuí dos Campos,2023,25818,457251,17.71055077852661
150480,Monte Alegre,2023,64002,1227319,19.176260116871347
150490,Muaná,2023,49648,464374,9.35332742507251
150495,Nova Esperança do Piriá,2023,21304,334512,15.701840030041307
150497,Nova Ipixuna,2023,14400,231145,16.05173611111111
150500,Nova Timboteua,2023,13175,185077,14.047590132827324
150503,Novo Progresso,2023,37054,1541048,41.589248124359045
150506,Novo Repartimento,2023,63796,1406400,22.04526929588062
150510,Óbidos,2023,55527,921982,16.604210564230016
150520,Oeiras do Pará,2023,36734,535992,14.59116894430228
150530,Oriximiná,2023,72889,1739412,23.863847768524742
150540,Ourém,2023,18783,279081,14.85816962146622
150543,Ourilândia do Norte,2023,35252,1053014,29.871042777714738
150548,Pacajá,2023,43741,1114328,25.47559497953865
150549,Palestina do Pará,2023,7063,127592,18.064844966728018
150550,Paragominas,2023,113498,5308605,46.77267440835962
150553,Parauapebas,2023,305771,26421067,86.40802103534999
150555,Pau D'Arco,2023,7354,153521,20.875849877617622
150560,Peixe,2023,8686,100657,11.588418144139995
150563,Piçarra,2023,13366,361690,27.06045189286249
150565,Placas,2023,18510,491402,26.547920043219882
150570,Ponta de Pedras,2023,25736,313392,12.177183711532484
150580,Portel,2023,67580,1153540,17.06925125776857
150590,Porto de Moz,2023,44121,507177,11.49513836948392
150600,Prainha,2023,38733,548886,14.171016962280227
150610,Primavera,2023,11379,564056,49.56990948237982
150611,Quatipuru,2023,11838,147129,12.428535225544856
150613,Redenção,2023,92694,3681706,39.718924633741125
150616,Rio Maria,2023,19190,1007363,52.494163626889005
150618,Rondon do Pará,2023,57031,1083239,18.993862986796653
150619,Rurópolis,2023,37198,605554,16.27920855959998
150620,Salinópolis,2023,48663,802287,16.48659145552062
150630,Salvaterra,2023,25687,270698,10.538326780083311
150635,Santa Bárbara do Pará,2023,22530,300184,13.323746116289392
150640,Santa Cruz do Arari,2023,7626,115245,15.112116443745082
150650,Santa Izabel do Pará,2023,79195,1828145,23.084096218195594
150655,Santa Luzia do Pará,2023,21295,258360,12.132425451984034
150658,Santa Maria das Barreiras,2023,17065,943386,55.28192206270143
150660,Santa Maria do Pará,2023,25815,570081,22.083323649041255
150670,Santana do Araguaia,2023,30455,1978254,64.95662452799212
150680,Santarém,2023,360871,8681869,24.058095552150213
150690,Santarém Novo,2023,6355,81217,12.780015735641227
150700,Santo Antônio do Tauá,2023,29234,687291,23.509988369706505
150710,São Caetano de Odivelas,2023,17258,241829,14.012573878780856
150715,São Domingos do Araguaia,2023,21555,490029,22.733890048712595
150720,São Domingos do Capim,2023,32554,654079,20.092123855747374
150730,São Félix do Xingu,2023,64651,2352014,36.38016426660067
150740,São Francisco do Pará,2023,15429,359790,23.319074470153605
150745,São Geraldo do Araguaia,2023,24929,1028625,41.26218460427614
150746,São João da Ponta,2023,4470,79287,17.73758389261745
150747,São João de Pirabas,2023,21477,232878,10.843134515993853
150750,São João do Araguaia,2023,14293,235495,16.476247113971873
150760,São Miguel do Guamá,2023,55970,1132578,20.235447561193496
150770,São Sebastião da Boa Vista,2023,27651,309743,11.20187334996926
150775,Sapucaia,2023,6212,172700,27.801030264005153
150780,Senador José Porfírio,2023,24989,341244,13.655768538156789
150790,Soure,2023,25315,338748,13.381315425636974
150795,Tailândia,2023,75290,2023568,26.876982334971444
150796,Terra Alta,2023,10837,114731,10.586970563809173
150797,Terra Santa,2023,19792,590339,29.82715238480194
150800,Tomé,2023,73058,1746483,23.905431301157986
150803,Tracuateua,2023,30494,391638,12.84311667869089
150805,Trairão,2023,15550,454558,29.23202572347267
150808,Tucumã,2023,42883,1347919,31.43247907096052
150810,Tucuruí,2023,96119,5457108,56.77449827817601
150812,Ulianópolis,2023,39360,2344285,59.56008638211382
150815,Uruará,2023,45962,1057794,23.01453374526783
150820,Vigia,2023,54062,602141,11.13797121823092
150830,Viseu,2023,62189,869709,13.984933026741064
150835,Vitória do Xingu,2023,16552,3987037,240.87947075882067
150840,Xinguara,2023,57768,2321585,40.188079905830214
160005,Serra do Navio,2023,5003,126544,25.29362382570458
160010,Amapá,2023,8440,219045,25.953199052132703
160015,Pedra Branca do Amapari,2023,13888,375827,27.061275921658986
160020,Calçoene,2023,11461,295401,25.77445249105663
160021,Cutias,2023,4723,115359,24.424941774296
160023,Ferreira Gomes,2023,7184,557990,77.67121380846325
160025,Itaubal,2023,6097,132723,21.768574708873217
160027,Laranjal do Jari,2023,37872,1335225,35.25625792141952
160030,Macapá,2023,489676,18470858,37.72057033630401
160040,Mazagão,2023,23773,583553,24.546880915324106
160050,Oiapoque,2023,30786,820364,26.647307217566425
160053,Porto Grande,2023,19048,527655,27.701333473330532
160055,Pracuúba,2023,4048,101033,24.95874505928854
160060,Santana,2023,118803,3725688,31.360218176308678
160070,Tartarugalzinho,2023,13816,329305,23.835046323103647
160080,Vitória do Jari,2023,11899,303549,25.510463064123037
170025,Abreulândia,2023,2682,141930,52.919463087248324
170030,Aguiarnópolis,2023,4502,226238,50.25277654375833
170035,Aliança do Tocantins,2023,5196,423070,81.42224788298691
170040,Almas,2023,6483,336120,51.846367422489585
170070,Alvorada,2023,9128,886077,97.07241454864155
170100,Ananás,2023,10700,199526,18.64728971962617
170105,Angico,2023,2903,54433,18.750602824664142
170110,Aparecida do Rio Negro,2023,5110,283247,55.42994129158513
170130,Aragominas,2023,5330,113908,21.37110694183865
170190,Araguacema,2023,6022,411911,68.40102955828628
170200,Araguaçu,2023,8242,474483,57.56891531181752
170210,Araguaína,2023,183024,7357638,40.200399947547865
170215,Araguanã,2023,4300,107609,25.025348837209304
170220,Araguatins,2023,33286,641440,19.270564201165655
170230,Arapoema,2023,5488,158572,28.894314868804663
170240,Arraias,2023,10511,239090,22.746646370469033
170255,Augustinópolis,2023,18237,396227,21.72654493611888
170270,Aurora do Tocantins,2023,3418,69896,20.44938560561732
170290,Axixá do Tocantins,2023,10732,173373,16.154770778978754
170300,Babaçulândia,2023,7636,169441,22.18975903614458
170305,Bandeirantes do Tocantins,2023,3555,249696,70.23797468354431
170307,Barra do Ouro,2023,4667,100382,21.508892221984144
170310,Barrolândia,2023,4890,140103,28.650920245398773
170320,Bernardo Sayão,2023,4307,128560,29.849082888321337
170330,Bom Jesus do Tocantins,2023,4201,143623,34.18781242561295
170360,Brasilândia do Tocantins,2023,2013,75010,37.262791852955786
170370,Brejinho de Nazaré,2023,4774,267584,56.05027230833682
170380,Buriti do Tocantins,2023,10696,149973,14.021409872849663
170382,Cachoeirinha,2023,1982,62095,31.32946518668012
170384,Campos Lindos,2023,8990,665857,74.06640711902114
170386,Cariri do Tocantins,2023,4166,997800,239.51032165146424
170388,Carmolândia,2023,2242,73172,32.63693131132917
170389,Carrasco Bonito,2023,3344,56192,16.803827751196174
170390,Caseara,2023,5028,474488,94.36913285600636
170410,Centenário,2023,2111,109325,51.78825201326386
170460,Chapada de Areia,2023,1574,51576,32.76747141041931
170510,Chapada da Natividade,2023,3176,155377,48.922229219143574
170550,Colinas do Tocantins,2023,36209,1161301,32.07216437902179
170555,Combinado,2023,4906,95001,19.364247859763555
170560,Conceição do Tocantins,2023,3942,88973,22.570522577371893
170600,Couto Magalhães,2023,5540,249462,45.02924187725632
170610,Cristalândia,2023,6392,214100,33.49499374217772
170625,Crixás do Tocantins,2023,1494,77387,51.798527443105755
170650,Darcinópolis,2023,6093,252543,41.448055145248645
170700,Dianópolis,2023,17966,781673,43.50846042524769
170710,Divinópolis do Tocantins,2023,7343,323159,44.00912433610241
170720,Dois Irmãos do Tocantins,2023,6352,289149,45.520938287153655
170730,Dueré,2023,4304,290818,67.56923791821562
170740,Esperantina,2023,7385,119197,16.140419769803657
170755,Fátima,2023,3503,127672,36.44647445047102
170765,Figueirópolis,2023,5334,350090,65.6336707911511
170770,Filadélfia,2023,7784,161707,20.774280575539567
170820,Formoso do Araguaia,2023,19473,988169,50.74559646690289
170825,Tabocão,2023,3741,173517,46.38251804330393
170830,Goianorte,2023,4832,178252,36.889900662251655
170900,Goiatins,2023,12851,309167,24.05781651233367
170930,Guaraí,2023,25831,1130106,43.74999032170648
170950,Gurupi,2023,90209,3695017,40.96062477136427
170980,Ipueiras,2023,1626,71887,44.21094710947109
171050,Itacajá,2023,6959,199694,28.695789624946112
171070,Itaguatins,2023,5160,100220,19.42248062015504
171090,Itapiratins,2023,3685,153090,41.544097693351425
171110,Itaporã do Tocantins,2023,2464,76489,31.042613636363637
171150,Jaú do Tocantins,2023,3396,110816,32.63133097762073
171180,Juarina,2023,2308,55560,24.07279029462738
171190,Lagoa da Confusão,2023,16629,1089844,65.53875759215828
171195,Lagoa do Tocantins,2023,3613,85970,23.794630500968726
171200,Lajeado,2023,3559,79405,22.311042427648214
171215,Lavandeira,2023,1676,41517,24.771479713603817
171240,Lizarda,2023,2950,78341,26.55627118644068
171245,Luzinópolis,2023,2811,58820,20.924937744574883
171250,Marianópolis do Tocantins,2023,4793,373197,77.86292509910285
171270,Mateiros,2023,2922,467179,159.8832991101985
171280,Maurilândia do Tocantins,2023,3171,63313,19.966256701356038
171320,Miracema do Tocantins,2023,18679,860438,46.06445741206703
171330,Miranorte,2023,13073,483394,36.97651648435707
171360,Monte do Carmo,2023,5667,398705,70.35556731956943
171370,Monte Santo do Tocantins,2023,2521,86604,34.35303451011503
171380,Palmeiras do Tocantins,2023,4850,108235,22.316494845360825
171395,Muricilândia,2023,3501,79966,22.840902599257355
171420,Natividade,2023,8956,352748,39.38677981241626
171430,Nazaré,2023,4672,78447,16.790881849315067
171488,Nova Olinda,2023,10600,442504,41.74566037735849
171500,Nova Rosalândia,2023,3382,110147,32.56859846244826
171510,Novo Acordo,2023,4118,176373,42.82977173385139
171515,Novo Alegre,2023,1817,38612,21.250412768299395
171525,Novo Jardim,2023,2251,49097,21.811195024433584
171550,Oliveira de Fátima,2023,1220,50178,41.12950819672131
171570,Palmeirante,2023,4905,247597,50.47849133537207
171575,Palmeirópolis,2023,7104,218426,30.746903153153152
171610,Paraíso do Tocantins,2023,55704,2288330,41.080173775671405
171620,Paranã,2023,10877,353206,32.472740645398545
171630,Pau D'Arco,2023,4057,110802,27.311313778654178
171650,Pedro Afonso,2023,14895,1090443,73.2086606243706
171660,Peixe,2023,9384,897174,95.60677749360613
171665,Pequizeiro,2023,5035,129256,25.67149950347567
171670,Colméia,2023,9155,228040,24.908793009284544
171700,Pindorama do Tocantins,2023,4599,110783,24.088497499456402
171720,Piraquê,2023,2229,98238,44.072678331090174
171750,Pium,2023,7408,458625,61.9094222462203
171780,Ponte Alta do Bom Jesus,2023,4280,82503,19.276401869158878
171790,Ponte Alta do Tocantins,2023,7874,141531,17.9744729489459
171800,Porto Alegre do Tocantins,2023,2960,59927,20.245608108108108
171820,Porto Nacional,2023,69551,3195894,45.95036735632845
171830,Praia Norte,2023,9552,114473,11.984191792294807
171840,Presidente Kennedy,2023,3016,88843,29.457228116710876
171845,Pugmil,2023,2223,127927,57.547008547008545
171850,Recursolândia,2023,3454,101805,29.47452229299363
171855,Riachinho,2023,4029,75295,18.68826011417225
171865,Rio da Conceição,2023,1827,45739,25.03503010399562
171870,Rio dos Bois,2023,2845,88775,31.203866432337435
171875,Rio Sono,2023,4718,150795,31.961636286562104
171880,Sampaio,2023,4397,70136,15.950875596997953
171884,Sandolândia,2023,3900,134402,34.462051282051284
171886,Santa Fé do Araguaia,2023,7533,202707,26.90919952210275
171888,Santa Maria do Tocantins,2023,2716,118353,43.57621502209131
171889,Santa Rita do Tocantins,2023,2299,275185,119.69769464984776
171890,Santa Rosa do Tocantins,2023,4799,419882,87.49364450927277
171900,Santa Tereza do Tocantins,2023,2907,57246,19.692466460268317
172000,Santa Terezinha do Tocantins,2023,2461,46686,18.970337261275905
172010,São Bento do Tocantins,2023,6004,90982,15.153564290473017
172015,São Félix do Tocantins,2023,1897,42355,22.32735898787559
172020,São Miguel do Tocantins,2023,14116,239634,16.97605553981298
172025,São Salvador do Tocantins,2023,2356,59857,25.406196943972834
172030,São Sebastião do Tocantins,2023,4182,68702,16.42802486848398
172049,São Valério,2023,4554,229618,50.4211682037769
172065,Silvanópolis,2023,5259,284767,54.148507320783416
172080,Sítio Novo do Tocantins,2023,11446,179637,15.694303686877511
172085,Sucupira,2023,1591,310361,195.07291011942175
172090,Taguatinga,2023,14199,386846,27.244594689766885
172093,Taipas do Tocantins,2023,2092,41627,19.898183556405353
172097,Talismã,2023,2505,173125,69.11177644710578
172100,Palmas,2023,328499,14168469,43.130934949573664
172110,Tocantínia,2023,7802,327560,41.98410663932325
172120,Tocantinópolis,2023,23225,529093,22.78118406889128
172125,Tupirama,2023,2024,96851,47.851284584980235
172130,Tupiratins,2023,1886,48417,25.671792152704136
172208,Wanderlândia,2023,10734,245767,22.896124464318987
172210,Xambioá,2023,10636,722713,67.94969913501316
210005,Açailândia,2023,110611,4274162,38.64138286427209
210010,Afonso Cunha,2023,6303,105581,16.75091226400127
210015,Água Doce do Maranhão,2023,12461,130746,10.49241633897761
210020,Alcântara,2023,18721,170261,9.094653063404733
210030,Aldeias Altas,2023,23776,335246,14.100185060565275
210040,Altamira do Maranhão,2023,6549,88343,13.489540387845473
210043,Alto Alegre do Maranhão,2023,24528,378314,15.423760600130462
210047,Alto Alegre do Pindaré,2023,26321,310142,11.7830629535352
210050,Alto Parnaíba,2023,11392,573769,50.36595856741573
210055,Amapá do Maranhão,2023,7380,95026,12.876151761517615
210060,Amarante do Maranhão,2023,38335,500782,13.063310290856919
210070,Anajatuba,2023,26250,255439,9.731009523809524
210080,Anapurus,2023,14113,192813,13.662084602848438
210083,Apicum,2023,18033,170117,9.433649420506848
210087,Araguanã,2023,11297,127935,11.32468797025759
210090,Araioses,2023,40231,351324,8.732668837463647
210095,Arame,2023,26089,320623,12.289585649124152
210100,Arari,2023,30555,422713,13.834495172639503
210110,Axixá,2023,12091,118131,9.770159622859978
210120,Bacabal,2023,107755,1912868,17.752011507586655
210125,Bacabeira,2023,17459,466226,26.704049487370412
210130,Bacuri,2023,16591,156363,9.424567536616237
210135,Bacurituba,2023,5375,52138,9.700093023255814
210140,Balsas,2023,105974,7529798,71.05325834638685
210150,Barão de Grajaú,2023,19493,309910,15.898527676601857
210160,Barra do Corda,2023,87757,1157930,13.194730904657177
210170,Barreirinhas,2023,68234,816789,11.970410645719143
210173,Belágua,2023,8751,100863,11.525882756256427
210177,Bela Vista do Maranhão,2023,12104,133414,11.02230667547918
210180,Benedito Leite,2023,5599,94454,16.869798178246114
210190,Bequimão,2023,19968,166173,8.32196514423077
210193,Bernardo do Mearim,2023,5989,276118,46.10419101686425
210197,Boa Vista do Gurupi,2023,7781,93312,11.992288908880607
210200,Bom Jardim,2023,33936,571101,16.828765912305517
210203,Bom Jesus das Selvas,2023,29606,456766,15.428156454772681
210207,Bom Lugar,2023,12371,149056,12.048823862258509
210210,Brejo,2023,35354,426439,12.061973185495276
210215,Brejo de Areia,2023,9363,90089,9.621809249172275
210220,Buriti,2023,30866,332530,10.773342836778331
210230,Buriti Bravo,2023,22938,309327,13.485351817944023
210232,Buriticupu,2023,56733,1008378,17.77409973031569
210235,Buritirana,2023,13125,156524,11.925638095238096
210237,Cachoeira Grande,2023,10032,85043,8.477173046251993
210240,Cajapió,2023,10336,81775,7.911667956656347
210250,Cajari,2023,16680,155103,9.298741007194245
210255,Campestre do Maranhão,2023,12536,303257,24.190890236119973
210260,Cândido Mendes,2023,20440,204526,10.006164383561643
210270,Cantanhede,2023,25059,233273,9.3089508759328
210275,Capinzal do Norte,2023,11681,215754,18.470507662015237
210280,Carolina,2023,24619,595614,24.193265364149642
210290,Carutapera,2023,24906,246447,9.89508552156107
210300,Caxias,2023,163546,2696021,16.48478715468431
210310,Cedral,2023,10446,86165,8.248611908864637
210312,Central do Maranhão,2023,7220,69154,9.578116343490304
210315,Centro do Guilherme,2023,12693,137520,10.834318128102103
210317,Centro Novo do Maranhão,2023,16477,236610,14.360016993384718
210320,Chapadinha,2023,84395,1130462,13.394893062385213
210325,Cidelândia,2023,13141,242330,18.440757933186212
210330,Codó,2023,118283,1808033,15.285653897855145
210340,Coelho Neto,2023,42841,486211,11.349198197987908
210350,Colinas,2023,41788,729810,17.464583133914044
210355,Conceição do Lago,2023,15278,159750,10.456211546013876
210360,Coroatá,2023,61337,637484,10.393139540570944
210370,Cururupu,2023,32602,343104,10.524016931476597
210375,Davinópolis,2023,14828,218072,14.706770973833288
210380,Dom Pedro,2023,23594,314608,13.334237518013055
210390,Duque Bacelar,2023,10443,108748,10.413482715694723
210400,Esperantinópolis,2023,18734,202856,10.828226753496317
210405,Estreito,2023,34321,1195399,34.829958334547364
210407,Feira Nova do Maranhão,2023,8237,132983,16.144591477479665
210408,Fernando Falcão,2023,11219,159761,14.240217488189678
210409,Formosa da Serra Negra,2023,18150,257048,14.162424242424242
210410,Fortaleza dos Nogueiras,2023,12963,354448,27.343053305561984
210420,Fortuna,2023,17347,214307,12.354124632501296
210430,Godofredo Viana,2023,10424,855186,82.0400997697621
210440,Gonçalves Dias,2023,17580,187080,10.641638225255972
210450,Governador Archer,2023,10476,123047,11.74560901107293
210455,Governador Edison Lobão,2023,18963,448007,23.62532299741602
210460,Governador Eugênio Barros,2023,14264,195174,13.682978126752664
210462,Governador Luiz Rocha,2023,7216,108305,15.009007760532151
210465,Governador Newton Bello,2023,10993,120254,10.939143091057947
210467,Governador Nunes Freire,2023,23526,324762,13.80438663606223
210470,Graça Aranha,2023,6160,66886,10.858116883116883
210480,Grajaú,2023,76837,1415488,18.421958171193566
210490,Guimarães,2023,10439,104271,9.988600440655235
210500,Humberto de Campos,2023,26550,241228,9.085800376647834
210510,Icatu,2023,25332,211921,8.365742933838623
210515,Igarapé do Meio,2023,14383,464887,32.32197733435306
210520,Igarapé Grande,2023,10461,138144,13.205620877545167
210530,Imperatriz,2023,285806,9475802,33.15466435274277
210535,Itaipava do Grajaú,2023,14142,136089,9.623037759864234
210540,Itapecuru Mirim,2023,62264,889928,14.292817679558011
210542,Itinga do Maranhão,2023,22896,687514,30.02769042627533
210545,Jatobá,2023,7593,83460,10.99170288423548
210547,Jenipapo dos Vieiras,2023,17529,174125,9.93353870728507
210550,João Lisboa,2023,25311,362692,14.32942199043894
210560,Joselândia,2023,15227,139774,9.179352466014317
210565,Junco do Maranhão,2023,5282,71491,13.534835289663006
210570,Lago da Pedra,2023,45865,621148,13.54296304371525
210580,Lago do Junco,2023,9687,108264,11.176215546608857
210590,Lago Verde,2023,15069,169405,11.241953679739863
210592,Lagoa do Mato,2023,10806,211547,19.57680918008514
210594,Lago dos Rodrigues,2023,8962,104301,11.638138808301719
210596,Lagoa Grande do Maranhão,2023,11731,128791,10.978688943824055
210598,Lajeado Novo,2023,7232,122752,16.97345132743363
210600,Lima Campos,2023,11559,237817,20.574184618046544
210610,Loreto,2023,11884,390947,32.89692022887917
210620,Luís Domingues,2023,7366,72747,9.876052131414607
210630,Magalhães de Almeida,2023,13933,181567,13.03143615875978
210632,Maracaçumé,2023,21730,275246,12.666635987114589
210635,Marajá do Sena,2023,7153,116023,16.22018733398574
210637,Maranhãozinho,2023,14092,146664,10.407607152994608
210640,Mata Roma,2023,17581,226303,12.872020931687617
210650,Matinha,2023,22540,232534,10.316503992901508
210660,Matões,2023,33327,334401,10.033936447925106
210663,Matões do Norte,2023,18021,134625,7.470451140336275
210667,Milagres do Maranhão,2023,9065,94017,10.371428571428572
210670,Mirador,2023,21536,389857,18.102572436849925
210675,Miranda do Norte,2023,24373,578366,23.72978295655028
210680,Mirinzal,2023,14298,133235,9.318436144915372
210690,Monção,2023,28563,280367,9.81574064348983
210700,Montes Altos,2023,9306,119453,12.836127229744251
210710,Morros,2023,19015,190452,10.015882198264528
210720,Nina Rodrigues,2023,14589,109174,7.483309342655425
210725,Nova Colinas,2023,5148,95718,18.593240093240095
210730,Nova Iorque,2023,4409,53436,12.119755046495804
210735,Nova Olinda do Maranhão,2023,14379,171963,11.959315668683496
210740,Olho d'Água das Cunhãs,2023,18288,225755,12.344433508311461
210745,Olinda Nova do Maranhão,2023,13921,132761,9.536743050068242
210750,Paço do Lumiar,2023,153158,1643537,10.730990219250709
210760,Palmeirândia,2023,21657,188190,8.689569192408921
210770,Paraibano,2023,18589,210302,11.313249771370165
210780,Parnarama,2023,32232,381793,11.845153884338545
210790,Passagem Franca,2023,17591,207014,11.768176908646467
210800,Pastos Bons,2023,19266,322652,16.747223087304057
210805,Paulino Neves,2023,17578,157984,8.987598134031176
210810,Paulo Ramos,2023,20798,261075,12.552889700932782
210820,Pedreiras,2023,38252,830171,21.70268221269476
210825,Pedro do Rosário,2023,24955,225795,9.04808655580044
210830,Penalva,2023,33496,313292,9.353116790064485
210840,Peri Mirim,2023,11229,110020,9.797844865972037
210845,Peritoró,2023,20903,277935,13.296416782280055
210850,Pindaré,2023,32542,356584,10.957654723127035
210860,Pinheiro,2023,88091,1333000,15.132079327059518
210870,Pio XII,2023,22374,269345,12.03830338786091
210880,Pirapemas,2023,18132,185469,10.22882197220384
210890,Poção de Pedras,2023,17394,221327,12.724330228814534
210900,Porto Franco,2023,24571,1252850,50.988970737861706
210905,Porto Rico do Maranhão,2023,6092,63769,10.467662508207486
210910,Presidente Dutra,2023,46606,990073,21.243466506458397
210920,Presidente Juscelino,2023,11616,102458,8.820420110192838
210923,Presidente Médici,2023,4717,74488,15.791392834428663
210927,Presidente Sarney,2023,17925,186043,10.378967921896793
210930,Presidente Vargas,2023,10791,108884,10.090260402187008
210940,Primeira Cruz,2023,13920,120508,8.657183908045978
210945,Raposa,2023,32156,381071,11.85069660405523
210950,Riachão,2023,22740,687701,30.241908531222517
210955,Ribamar Fiquene,2023,7601,149001,19.602815419023813
210960,Rosário,2023,39761,522395,13.138376801388295
210970,Sambaíba,2023,6234,433340,69.51235162014758
210975,Santa Filomena do Maranhão,2023,6833,71886,10.520415630030733
210980,Santa Helena,2023,43200,483903,11.201458333333333
210990,Santa Inês,2023,88249,1837615,20.823068816643815
211000,Santa Luzia,2023,58839,985809,16.7543466068424
211003,Santa Luzia do Paruá,2023,24890,382764,15.37822418642025
211010,Santa Quitéria do Maranhão,2023,24495,391678,15.990120432741376
211020,Santa Rita,2023,38542,364746,9.463598152664625
211023,Santana do Maranhão,2023,10759,115748,10.758248907891067
211027,Santo Amaro do Maranhão,2023,14287,131658,9.215230629243369
211030,Santo Antônio dos Lopes,2023,14628,5184564,354.42739950779327
211040,São Benedito do Rio Preto,2023,18810,186474,9.913556618819777
211050,São Bento,2023,48166,404149,8.390752813187726
211060,São Bernardo,2023,27910,384189,13.765281261196703
211065,São Domingos do Azeitão,2023,8236,339609,41.23470131131617
211070,São Domingos do Maranhão,2023,35247,479852,13.613981331744545
211080,São Félix de Balsas,2023,4491,92001,20.48563794255177
211085,São Francisco do Brejão,2023,9202,138737,15.076831123668768
211090,São Francisco do Maranhão,2023,12360,127389,10.306553398058252
211100,São João Batista,2023,18889,152916,8.095505320556938
211102,São João do Carú,2023,12360,143797,11.634061488673138
211105,São João do Paraíso,2023,10091,226525,22.448221187196513
211107,São João do Soter,2023,17253,208559,12.088274502984989
211110,São João dos Patos,2023,25910,444285,17.147240447703588
211120,São José de Ribamar,2023,259164,3135579,12.09882159559198
211125,São José dos Basílios,2023,7094,75930,10.703411333521286
211130,São Luís,2023,1089215,42389051,38.9170650422552
211140,São Luís Gonzaga do Maranhão,2023,18123,198315,10.94272471445125
211150,São Mateus do Maranhão,2023,40177,586548,14.599098986982602
211153,São Pedro da Água Branca,2023,14786,149359,10.101379683484376
211157,São Pedro dos Crentes,2023,5993,103928,17.341565159352577
211160,São Raimundo das Mangabeiras,2023,19158,1090033,56.89701430211922
211163,São Raimundo do Doca Bezerra,2023,5761,62616,10.868946363478562
211167,São Roberto,2023,4577,58526,12.786978370111427
211170,São Vicente Ferrer,2023,19865,183735,9.249181978353889
211172,Satubinha,2023,8821,107921,12.234553905452897
211174,Senador Alexandre Costa,2023,10447,145324,13.91059634344788
211176,Senador La Rocque,2023,15044,225141,14.965501196490296
211178,Serrano do Maranhão,2023,10475,118312,11.294701670644391
211180,Sítio Novo,2023,17464,292191,16.731046724690792
211190,Sucupira do Norte,2023,10471,193909,18.518670614076974
211195,Sucupira do Riachão,2023,5081,63214,12.44125172210195
211200,Tasso Fragoso,2023,9130,2616708,286.60547645125956
211210,Timbiras,2023,27328,248536,9.094555035128806
211220,Timon,2023,182711,2840126,15.544362408393583
211223,Trizidela do Vale,2023,23097,436529,18.899813828635754
211227,Tufilândia,2023,5633,75760,13.449316527605184
211230,Tuntum,2023,37364,410127,10.976528208971203
211240,Turiaçu,2023,38993,414975,10.642294770856308
211245,Turilândia,2023,33219,280000,8.428911165296968
211250,Tutóia,2023,55076,642713,11.6695656910451
211260,Urbano Santos,2023,34143,315151,9.23032539612805
211270,Vargem Grande,2023,44444,467351,10.51550265502655
211280,Viana,2023,53176,608731,11.447476305100045
211285,Vila Nova dos Martírios,2023,10561,191495,18.13227914023293
211290,Vitória do Mearim,2023,31859,410267,12.877585611601118
211300,Vitorino Freire,2023,31920,411453,12.890131578947368
211400,Zé Doca,2023,41815,685858,16.402200167404043
220005,Acauã,2023,6323,84924,13.430966313458802
220010,Agricolândia,2023,5016,57335,11.43042264752791
220020,Água Branca,2023,18095,303532,16.77435755733628
220025,Alagoinha do Piauí,2023,6876,80787,11.749127399650959
220027,Alegrete do Piauí,2023,4707,56359,11.973443807095816
220030,Alto Longá,2023,13729,146913,10.700925049165999
220040,Altos,2023,50094,764914,15.269573202379526
220045,Alvorada do Gurguéia,2023,5474,109088,19.92838874680307
220050,Amarante,2023,17594,243954,13.86574968739343
220060,Angical do Piauí,2023,6991,84772,12.12587612644829
220070,Anísio de Abreu,2023,9649,124990,12.953673955850347
220080,Antônio Almeida,2023,3234,197619,61.106679035250465
220090,Aroazes,2023,5413,69489,12.837428413079623
220095,Aroeiras do Itaim,2023,2777,31540,11.357580122434282
220100,Arraial,2023,4517,60133,13.312596856320567
220105,Assunção do Piauí,2023,7596,81045,10.669431279620854
220110,Avelino Lopes,2023,11118,127137,11.435240151106314
220115,Baixa Grande do Ribeiro,2023,13983,2657264,190.03532861331618
220117,Barra D'Alcântara,2023,4099,47271,11.53232495730666
220120,Barras,2023,49703,673463,13.549745488199907
220130,Barreiras do Piauí,2023,3336,137542,41.22961630695443
220140,Barro Duro,2023,6731,104885,15.582380032684593
220150,Batalha,2023,27129,306176,11.285930185410447
220155,Bela Vista do Piauí,2023,4225,63283,14.978224852071007
220157,Belém do Piauí,2023,3515,47523,13.520056899004267
220160,Beneditinos,2023,10093,118265,11.717526998910136
220170,Bertolínia,2023,5715,90844,15.895713035870516
220173,Betânia do Piauí,2023,6596,120127,18.212098241358397
220177,Boa Hora,2023,7140,77969,10.920028011204481
220180,Bocaina,2023,4118,53637,13.025012141816415
220190,Bom Jesus,2023,30658,1661674,54.200339226303086
220191,Bom Princípio do Piauí,2023,5805,82659,14.239276485788114
220192,Bonfim do Piauí,2023,6117,68106,11.133889161353604
220194,Boqueirão do Piauí,2023,6751,67424,9.987261146496815
220196,Brasileira,2023,8684,101117,11.644058037770613
220198,Brejo do Piauí,2023,3964,57956,14.62058526740666
220200,Buriti dos Lopes,2023,20130,276426,13.73204172876304
220202,Buriti dos Montes,2023,7517,98669,13.126114141279766
220205,Cabeceiras do Piauí,2023,10466,107817,10.30164341677814
220207,Cajazeiras do Piauí,2023,3135,45637,14.55725677830941
220208,Cajueiro da Praia,2023,8246,152471,18.490298326461314
220209,Caldeirão Grande do Piauí,2023,5602,243767,43.51428061406641
220210,Campinas do Piauí,2023,4964,75221,15.153303787268332
220211,Campo Alegre do Fidalgo,2023,4698,62191,13.237760749255003
220213,Campo Grande do Piauí,2023,6211,77243,12.436483658026082
220217,Campo Largo do Piauí,2023,7669,80881,10.54648585213196
220220,Campo Maior,2023,47119,940802,19.966510324922005
220225,Canavieira,2023,3404,52032,15.285546415981198
220230,Canto do Buriti,2023,19639,342972,17.463821986862875
220240,Capitão de Campos,2023,11362,133031,11.708414011617673
220245,Capitão Gervásio Oliveira,2023,4071,58704,14.420044215180546
220250,Caracol,2023,10546,127543,12.093969277451166
220253,Caraúbas do Piauí,2023,5581,67977,12.180075255330586
220255,Caridade do Piauí,2023,5176,72564,14.019319938176197
220260,Castelo do Piauí,2023,19669,234521,11.923381971630484
220265,Caxingó,2023,5682,68616,12.076029567053855
220270,Cocal,2023,29302,351832,12.007098491570542
220271,Cocal de Telha,2023,5046,60324,11.954815695600475
220272,Cocal dos Alves,2023,6596,73414,11.130078835657974
220273,Coivaras,2023,4249,50029,11.774299835255354
220275,Colônia do Gurguéia,2023,6294,92949,14.767874165872259
220277,Colônia do Piauí,2023,7067,82383,11.657421819725485
220280,Conceição do Canindé,2023,5078,88408,17.41000393855849
220285,Coronel José Dias,2023,4291,55718,12.984852015847121
220290,Corrente,2023,28381,764222,26.92724005496635
220300,Cristalândia do Piauí,2023,7431,89547,12.050464271295922
220310,Cristino Castro,2023,10801,155696,14.4149615776317
220320,Curimatá,2023,11581,186259,16.08315344098092
220323,Currais,2023,4977,569946,114.5159734779988
220325,Curralinhos,2023,4555,53723,11.794291986827663
220327,Curral Novo do Piauí,2023,5191,98620,18.998266230013485
220330,Demerval Lobão,2023,17139,343573,20.046268743800688
220335,Dirceu Arcoverde,2023,7259,89611,12.344813335170134
220340,Dom Expedito Lopes,2023,6410,93969,14.659750390015601
220342,Domingos Mourão,2023,4129,55943,13.548801162509083
220345,Dom Inocêncio,2023,9332,212410,22.761465923703387
220350,Elesbão Veloso,2023,13743,208873,15.198501055082588
220360,Eliseu Martins,2023,4421,65844,14.893463017416874
220370,Esperantina,2023,42710,630893,14.771552329665184
220375,Fartura do Piauí,2023,5426,63132,11.63509030593439
220380,Flores do Piauí,2023,4512,55149,12.222739361702128
220385,Floresta do Piauí,2023,2354,31642,13.44180118946474
220390,Floriano,2023,64393,1693508,26.29956672309102
220400,Francinópolis,2023,4481,57191,12.762999330506583
220410,Francisco Ayres,2023,4548,66833,14.695030782761654
220415,Francisco Macedo,2023,2985,37456,12.548073701842545
220420,Francisco Santos,2023,8349,111541,13.359803569289735
220430,Fronteiras,2023,10344,140145,13.548433874709977
220435,Geminiano,2023,5604,70886,12.649179157744468
220440,Gilbués,2023,11193,490465,43.81890467256321
220450,Guadalupe,2023,10480,584966,55.817366412213744
220455,Guaribas,2023,4344,60294,13.879834254143647
220460,Hugo Napoleão,2023,3550,41161,11.594647887323944
220465,Ilha Grande,2023,9522,132842,13.951060701533292
220470,Inhuma,2023,15268,190110,12.45153261723867
220480,Ipiranga do Piauí,2023,9627,101790,10.573387348083514
220490,Isaías Coelho,2023,7867,93919,11.938350069912293
220500,Itainópolis,2023,10969,126851,11.564499954416993
220510,Itaueira,2023,10477,164342,15.685978810728262
220515,Jacobina do Piauí,2023,5711,91192,15.967781474347749
220520,Jaicós,2023,17789,214290,12.046208330991062
220525,Jardim do Mulato,2023,4235,51476,12.154899645808737
220527,Jatobá do Piauí,2023,4560,70003,15.351535087719299
220530,Jerumenha,2023,4606,68875,14.953321754233608
220535,João Costa,2023,3033,82059,27.055390702274977
220540,Joaquim Pires,2023,14265,145543,10.202804065895549
220545,Joca Marques,2023,5552,58125,10.469200288184439
220550,José de Freitas,2023,44689,553848,12.393385396853812
220551,Juazeiro do Piauí,2023,5308,67355,12.689336850037678
220552,Júlio Borges,2023,5501,107847,19.604980912561352
220553,Jurema,2023,4501,58058,12.89891135303266
220554,Lagoinha do Piauí,2023,3044,46590,15.305519053876479
220555,Lagoa Alegre,2023,8464,96065,11.349834593572778
220556,Lagoa do Barro do Piauí,2023,5171,368693,71.30013537033456
220557,Lagoa de São Francisco,2023,6446,68299,10.595563139931741
220558,Lagoa do Piauí,2023,5017,100849,20.10145505282041
220559,Lagoa do Sítio,2023,4559,53534,11.742487387584998
220560,Landri Sales,2023,5309,129242,24.343944245620644
220570,Luís Correia,2023,31901,461806,14.476223315883514
220580,Luzilândia,2023,26143,318552,12.18498259572352
220585,Madeiro,2023,8231,87322,10.608917506985785
220590,Manoel Emídio,2023,5315,69457,13.068109125117592
220595,Marcolândia,2023,8822,194855,22.087395148492405
220600,Marcos Parente,2023,4863,68705,14.12811022002879
220605,Massapê do Piauí,2023,5165,60923,11.795353339787027
220610,Matias Olímpio,2023,10886,132516,12.173066323718537
220620,Miguel Alves,2023,33074,421897,12.756152869323335
220630,Miguel Leão,2023,1355,34693,25.603690036900367
220635,Milton Brandão,2023,6681,67925,10.166891183954498
220640,Monsenhor Gil,2023,10513,161627,15.374013126605156
220650,Monsenhor Hipólito,2023,7762,91424,11.778407626900284
220660,Monte Alegre do Piauí,2023,10928,391314,35.80838213762811
220665,Morro Cabeça no Tempo,2023,4456,53314,11.964542190305206
220667,Morro do Chapéu do Piauí,2023,6548,75684,11.558338423946243
220669,Murici dos Portelas,2023,10210,103630,10.149853085210578
220670,Nazaré do Piauí,2023,6697,78812,11.768254442287592
220672,Nazária,2023,10821,134076,12.390352093152204
220675,Nossa Senhora de Nazaré,2023,5442,69230,12.721425946343256
220680,Nossa Senhora dos Remédios,2023,8751,117751,13.455719346360416
220690,Novo Oriente do Piauí,2023,6158,66803,10.848164988632673
220695,Novo Santo Antônio,2023,2888,38563,13.352839335180056
220700,Oeiras,2023,39687,740096,18.64832312848036
220710,Olho D'Água do Piauí,2023,2730,38346,14.046153846153846
220720,Padre Marcos,2023,6468,88445,13.674242424242424
220730,Paes Landim,2023,4176,58224,13.942528735632184
220735,Pajeú do Piauí,2023,3032,61084,20.146437994722955
220740,Palmeira do Piauí,2023,5047,180249,35.71408757677828
220750,Palmeirais,2023,13458,167663,12.458240451775895
220755,Paquetá,2023,3873,53217,13.740511231603408
220760,Parnaguá,2023,10282,133949,13.027523828049018
220770,Parnaíba,2023,170491,3682146,21.59730425652967
220775,Passagem Franca do Piauí,2023,4222,62728,14.857413548081478
220777,Patos do Piauí,2023,5427,65641,12.095264418647503
220779,Pau D'Arco do Piauí,2023,3979,43954,11.046494093993466
220780,Paulistana,2023,21633,359215,16.60495539222484
220785,Pavussu,2023,3697,45823,12.39464430619421
220790,Pedro II,2023,39072,499936,12.795249795249795
220793,Pedro Laurentino,2023,2517,38185,15.170838299562972
220795,Nova Santa Rita,2023,4142,51654,12.470787059391599
220800,Picos,2023,86701,2456682,28.33510570812332
220810,Pimenteiras,2023,11487,120257,10.46896491686254
220820,Pio IX,2023,17948,234055,13.040728772008023
220830,Piracuruca,2023,29721,464676,15.634601796709397
220840,Piripiri,2023,67887,1242361,18.300425707425575
220850,Porto,2023,12323,143077,11.610565609023777
220855,Porto Alegre do Piauí,2023,2382,47843,20.085222502099075
220860,Prata do Piauí,2023,3096,43355,14.003552971576227
220865,Queimada Nova,2023,8948,188828,21.10281627179258
220870,Redenção do Gurguéia,2023,8565,125613,14.66584938704028
220880,Regeneração,2023,17400,337226,19.38080459770115
220885,Riacho Frio,2023,4238,61503,14.512269938650308
220887,Ribeira do Piauí,2023,4105,278046,67.7334957369062
220890,Ribeiro Gonçalves,2023,6182,927445,150.02345519249434
220900,Rio Grande do Piauí,2023,5845,75898,12.985115483319076
220910,Santa Cruz do Piauí,2023,5872,78053,13.29240463215259
220915,Santa Cruz dos Milagres,2023,3448,51690,14.991299303944315
220920,Santa Filomena,2023,6210,789358,127.11078904991949
220930,Santa Luz,2023,5418,87685,16.184016242155778
220935,Santana do Piauí,2023,4159,52380,12.594373647511421
220937,Santa Rosa do Piauí,2023,4666,63445,13.597299614230604
220940,Santo Antônio de Lisboa,2023,5930,97849,16.500674536256323
220945,Santo Antônio dos Milagres,2023,2169,25284,11.65698478561549
220950,Santo Inácio do Piauí,2023,3682,49248,13.37533948940793
220955,São Braz do Piauí,2023,4454,53740,12.0655590480467
220960,São Félix do Piauí,2023,2879,38023,13.207016325112887
220965,São Francisco de Assis do Piauí,2023,5713,68222,11.941536845790303
220970,São Francisco do Piauí,2023,5358,67264,12.553938036580814
220975,São Gonçalo do Gurguéia,2023,3026,64213,21.22042300066094
220980,São Gonçalo do Piauí,2023,4985,80523,16.153059177532597
220985,São João da Canabrava,2023,4359,54282,12.452856159669649
220987,São João da Fronteira,2023,5608,74940,13.363052781740372
220990,São João da Serra,2023,6232,72738,11.671694480102696
220995,São João da Varjota,2023,4430,45940,10.370203160270881
220997,São João do Arraial,2023,8494,95904,11.290793501295031
221000,São João do Piauí,2023,22137,418479,18.90405203957176
221005,São José do Divino,2023,5317,83009,15.611999247696069
221010,São José do Peixe,2023,3300,50039,15.163333333333334
221020,São José do Piauí,2023,6733,81017,12.032823407099361
221030,São Julião,2023,6131,67832,11.06377426194748
221035,São Lourenço do Piauí,2023,4497,54907,12.209695352457194
221037,São Luis do Piauí,2023,2277,28433,12.487044356609575
221038,São Miguel da Baixa Grande,2023,2299,32909,14.314484558503697
221039,São Miguel do Fidalgo,2023,2864,36836,12.861731843575418
221040,São Miguel do Tapuio,2023,17911,206592,11.534364357098989
221050,São Pedro do Piauí,2023,14055,159452,11.344859480611882
221060,São Raimundo Nonato,2023,41139,761785,18.517343639855124
221062,Sebastião Barros,2023,3210,57577,17.936760124610593
221063,Sebastião Leal,2023,4590,724911,157.9326797385621
221065,Sigefredo Pacheco,2023,9623,97006,10.080640133014652
221070,Simões,2023,14664,543068,37.03409710856519
221080,Simplício Mendes,2023,14437,236711,16.396134931079864
221090,Socorro do Piauí,2023,4165,52907,12.702761104441777
221093,Sussuapara,2023,6346,85293,13.440434919634415
221095,Tamboril do Piauí,2023,3040,39134,12.873026315789474
221097,Tanque do Piauí,2023,2319,44035,18.98878827080638
221100,Teresina,2023,905692,29449063,32.515538394951044
221110,União,2023,47896,609122,12.717596458994487
221120,Uruçuí,2023,26779,4226266,157.82015758616828
221130,Valença do Piauí,2023,23025,385864,16.758479913137894
221135,Várzea Branca,2023,5181,60846,11.744064852345106
221140,Várzea Grande,2023,4520,54664,12.093805309734513
221150,Vera Mendes,2023,3282,38796,11.820840950639854
221160,Vila Nova do Piauí,2023,2972,41921,14.105316285329744
221170,Wall Ferraz,2023,4195,58144,13.86030989272944
230010,Abaiara,2023,10269,143730,13.99649430324277
230015,Acarape,2023,14340,220474,15.374755927475594
230020,Acaraú,2023,69317,1250251,18.036715380065495
230030,Acopiara,2023,45937,693535,15.097524871019004
230040,Aiuaba,2023,14115,169076,11.978462628409494
230050,Alcântaras,2023,11795,115643,9.80440864773209
230060,Altaneira,2023,6974,92128,13.210209349010611
230070,Alto Santo,2023,14372,273863,19.055315892012246
230075,Amontada,2023,44584,808126,18.12591961241701
230080,Antonina do Norte,2023,7507,101191,13.47955241774344
230090,Apuiarés,2023,13193,166864,12.647919351171076
230100,Aquiraz,2023,85316,4851008,56.859299545220125
230110,Aracati,2023,79205,1966473,24.827637144119688
230120,Aracoiaba,2023,26752,336284,12.570424641148325
230125,Ararendá,2023,11532,143424,12.437044745057232
230130,Araripe,2023,20194,259168,12.83391106269189
230140,Aratuba,2023,11427,191055,16.719611446573904
230150,Arneiroz,2023,7615,88078,11.566382140512147
230160,Assaré,2023,22195,309804,13.958278891642262
230170,Aurora,2023,24244,291950,12.042154759940605
230180,Baixio,2023,5821,72488,12.452843154097234
230185,Banabuiú,2023,17667,318579,18.032433350314147
230190,Barbalha,2023,81441,1646404,20.215910904826806
230195,Barreira,2023,23474,289445,12.330450711425406
230200,Barro,2023,19569,286557,14.643415606316113
230205,Barroquinha,2023,14998,169758,11.318709161221497
230210,Baturité,2023,37147,578203,15.565267720138907
230220,Beberibe,2023,55977,1445505,25.823195240902514
230230,Bela Cruz,2023,34613,381568,11.023834975298298
230240,Boa Viagem,2023,52133,717721,13.767114879251146
230250,Brejo Santo,2023,54192,1263863,23.321947888987303
230260,Camocim,2023,65251,982887,15.063171445648342
230270,Campos Sales,2023,26049,370107,14.20810779684441
230280,Canindé,2023,77376,1194867,15.44234646401985
230290,Capistrano,2023,17795,226541,12.730598482719865
230300,Caridade,2023,16234,209728,12.919058765553777
230310,Cariré,2023,18074,244538,13.529821843532146
230320,Caririaçu,2023,27532,295136,10.719744297544676
230330,Cariús,2023,17277,229771,13.29924176651039
230340,Carnaubal,2023,17815,210865,11.836373842267752
230350,Cascavel,2023,76866,1334364,17.35961283272188
230360,Catarina,2023,9110,151959,16.68046103183315
230365,Catunda,2023,10864,137704,12.675257731958762
230370,Caucaia,2023,378406,9873557,26.092495890657126
230380,Cedro,2023,22564,304070,13.475890799503635
230390,Chaval,2023,12811,141211,11.022636796503006
230393,Choró,2023,12352,211479,17.121033031088082
230395,Chorozinho,2023,20808,268766,12.91647443291042
230400,Coreaú,2023,21417,265519,12.397581360601391
230410,Crateús,2023,80130,1258625,15.707288156745289
230420,Crato,2023,139027,2445567,17.590590316988788
230423,Croatá,2023,18050,282767,15.665761772853186
230425,Cruz,2023,32288,565663,17.519295094152625
230426,Deputado Irapuan Pinheiro,2023,9173,124422,13.56393764308296
230427,Ereré,2023,6381,102445,16.054693621689392
230428,Eusébio,2023,82016,4940352,60.236441669918065
230430,Farias Brito,2023,18498,242210,13.09384798356579
230435,Forquilha,2023,25298,346304,13.688987271721084
230440,Fortaleza,2023,2578483,86939832,33.71743463113776
230445,Fortim,2023,18213,391326,21.48608137044968
230450,Frecheirinha,2023,16516,423490,25.641196415596998
230460,General Sampaio,2023,6929,97406,14.057728387934766
230465,Graça,2023,14176,159506,11.25183408577878
230470,Granja,2023,55809,561374,10.058843555698902
230480,Granjeiro,2023,4955,67463,13.61513622603431
230490,Groaíras,2023,11369,135967,11.959451139062363
230495,Guaiúba,2023,25158,315522,12.54161698068209
230500,Guaraciaba do Norte,2023,44565,878354,19.709502973185234
230510,Guaramiranga,2023,5826,104816,17.99107449364916
230520,Hidrolândia,2023,18186,239627,13.17645441548444
230523,Horizonte,2023,81161,2964814,36.53003289757396
230526,Ibaretama,2023,12149,163765,13.479710264219277
230530,Ibiapina,2023,24689,431905,17.49382316011179
230533,Ibicuitinga,2023,12008,150877,12.564706862091938
230535,Icapuí,2023,22562,453185,20.086206896551722
230540,Icó,2023,64745,923966,14.270847169665611
230550,Iguatu,2023,102588,2342034,22.82951222365189
230560,Independência,2023,24463,408128,16.68348117565303
230565,Ipaporanga,2023,11963,134150,11.213742372314638
230570,Ipaumirim,2023,12459,186861,14.998073681675898
230580,Ipu,2023,43084,676519,15.702325689351035
230590,Ipueiras,2023,38287,406831,10.625825998380652
230600,Iracema,2023,14440,253154,17.531440443213295
230610,Irauçuba,2023,24867,271622,10.922990308440905
230620,Itaiçaba,2023,7801,103646,13.28624535315985
230625,Itaitinga,2023,72512,2352737,32.44617442630185
230630,Itapajé,2023,49073,741513,15.110406944755772
230640,Itapipoca,2023,138978,2550371,18.350897264315215
230650,Itapiúna,2023,18197,213999,11.760125295378359
230655,Itarema,2023,45852,711165,15.510010468463753
230660,Itatira,2023,21160,236128,11.159168241965974
230670,Jaguaretama,2023,17604,316967,18.005396500795275
230680,Jaguaribara,2023,10668,196533,18.422665916760405
230690,Jaguaribe,2023,35143,740827,21.08035739692115
230700,Jaguaruana,2023,33115,665090,20.08425184961498
230710,Jardim,2023,28801,369628,12.833859935418909
230720,Jati,2023,8114,129952,16.01577520335223
230725,Jijoca de Jericoacoara,2023,28198,711193,25.2213986807575
230730,Juazeiro do Norte,2023,305531,6457543,21.135475614585754
230740,Jucás,2023,24624,390390,15.854044834307992
230750,Lavras da Mangabeira,2023,32163,445000,13.835774026054784
230760,Limoeiro do Norte,2023,62623,1854065,29.60677386902576
230763,Madalena,2023,17235,215696,12.514998549463302
230765,Maracanaú,2023,251613,13540094,53.813173405189715
230770,Maranguape,2023,108622,2011194,18.515530923753936
230780,Marco,2023,27177,453537,16.688265813003643
230790,Martinópole,2023,11280,125472,11.12340425531915
230800,Massapê,2023,39840,483230,12.129267068273093
230810,Mauriti,2023,47501,707667,14.897938990758089
230820,Meruoca,2023,15853,166664,10.513089005235603
230830,Milagres,2023,26819,335239,12.500055930497036
230835,Milhã,2023,14713,250241,17.008156052470603
230837,Miraíma,2023,14826,141462,9.54148118170781
230840,Missão Velha,2023,38997,598261,15.341205733774393
230850,Mombaça,2023,38451,551794,14.350576057839849
230860,Monsenhor Tabosa,2023,17705,210938,11.914035583168596
230870,Morada Nova,2023,65390,1877982,28.719712494265178
230880,Moraújo,2023,8537,86070,10.081996017336301
230890,Morrinhos,2023,23747,239995,10.10632922053312
230900,Mucambo,2023,13999,172104,12.294021001500107
230910,Mulungu,2023,11064,146503,13.24141359363702
230920,Nova Olinda,2023,16045,206839,12.891181053287628
230930,Nova Russas,2023,32053,432948,13.507253611206439
230940,Novo Oriente,2023,29097,343682,11.811595697150908
230945,Ocara,2023,25272,322686,12.768518518518519
230950,Orós,2023,19943,267791,13.427819284962142
230960,Pacajus,2023,75454,1808068,23.962520210989478
230970,Pacatuba,2023,86564,1714352,19.80444526593041
230980,Pacoti,2023,11421,175379,15.355835741178531
230990,Pacujá,2023,6348,81237,12.797258979206049
231000,Palhano,2023,9709,125162,12.891337933875786
231010,Palmácia,2023,10252,141264,13.779165040967616
231020,Paracuru,2023,41894,679587,16.22158304291784
231025,Paraipaba,2023,34086,614090,18.01590095640439
231030,Parambu,2023,32867,349488,10.633401283962638
231040,Paramoti,2023,10462,137553,13.147868476390748
231050,Pedra Branca,2023,42227,481197,11.395481563928293
231060,Penaforte,2023,9357,149293,15.95522069039222
231070,Pentecoste,2023,39903,522218,13.087186427085683
231080,Pereiro,2023,15858,663694,41.8523142893177
231085,Pindoretama,2023,24919,363294,14.578995946867852
231090,Piquet Carneiro,2023,17285,203533,11.77512293896442
231095,Pires Ferreira,2023,10984,103591,9.431081573197378
231100,Poranga,2023,12441,138933,11.167349891487822
231110,Porteiras,2023,17877,232418,13.000950942551881
231120,Potengi,2023,8854,120981,13.663993675175062
231123,Potiretama,2023,6128,104345,17.027578328981722
231126,Quiterianópolis,2023,20545,249898,12.16344609394013
231130,Quixadá,2023,88846,1424438,16.03266326002296
231135,Quixelô,2023,16998,241297,14.195611248382162
231140,Quixeramobim,2023,86431,1928559,22.3132788004304
231150,Quixeré,2023,21659,805778,37.20291795558428
231160,Redenção,2023,28382,520806,18.349869635684588
231170,Reriutaba,2023,19051,238538,12.521022518502965
231180,Russas,2023,74834,1517580,20.279284817061765
231190,Saboeiro,2023,13943,190822,13.68586387434555
231195,Salitre,2023,17303,222379,12.852048777668612
231200,Santana do Acaraú,2023,32133,352192,10.96044564777643
231210,Santana do Cariri,2023,17391,191197,10.994019895348169
231220,Santa Quitéria,2023,41569,859225,20.669850128701675
231230,São Benedito,2023,50058,883024,17.640017579607655
231240,São Gonçalo do Amarante,2023,58191,6908373,118.71892560705264
231250,São João do Jaguaribe,2023,5683,137068,24.118951258138306
231260,São Luís do Curu,2023,10888,160997,14.786645848640706
231270,Senador Pompeu,2023,25108,473900,18.874462322765652
231280,Senador Sá,2023,7551,82270,10.895245662826115
231290,Sobral,2023,216519,6588929,30.43118155912414
231300,Solonópole,2023,18785,370693,19.733457545914295
231310,Tabuleiro do Norte,2023,32122,584614,18.19980075960401
231320,Tamboril,2023,25287,319202,12.623166053703484
231325,Tarrafas,2023,7574,116827,15.424742540269342
231330,Tauá,2023,64655,934349,14.45130307014152
231335,Tejuçuoca,2023,17646,174349,9.880369488835997
231340,Tianguá,2023,86968,2265253,26.046971299788428
231350,Trairi,2023,62004,1039083,16.758322043739113
231355,Tururu,2023,15524,164401,10.590118526153054
231360,Ubajara,2023,34424,839887,24.398297699279574
231370,Umari,2023,6963,85633,12.298290966537412
231375,Umirim,2023,17751,210672,11.8681764407639
231380,Uruburetama,2023,21331,445294,20.875439501195444
231390,Uruoca,2023,14308,254534,17.789628180039138
231395,Varjota,2023,18708,488084,26.08958734231345
231400,Várzea Alegre,2023,40878,575214,14.071480992220755
231410,Viçosa do Ceará,2023,62972,723250,11.485263291621672
240010,Acari,2023,10855,195828,18.040350069092582
240020,Açu,2023,59099,2170177,36.72104434931217
240030,Afonso Bezerra,2023,11158,160921,14.422029037461911
240040,Água Nova,2023,3029,42554,14.0488610102344
240050,Alexandria,2023,14058,209117,14.875302318964291
240060,Almino Afonso,2023,4802,68329,14.229279466888796
240070,Alto do Rodrigues,2023,12874,902783,70.12451452540003
240080,Angicos,2023,11985,257919,21.520150187734668
240090,Antônio Martins,2023,6730,79464,11.807429420505201
240100,Apodi,2023,37486,941920,25.127247505735475
240110,Areia Branca,2023,24607,1089647,44.28199292884138
240120,Arês,2023,13681,471284,34.44806666179373
240130,Campo Grande,2023,10071,136391,13.54294508986198
240140,Baía Formosa,2023,9115,335923,36.85386725178277
240145,Baraúna,2023,28415,991164,34.881717402780225
240150,Barcelona,2023,4108,63583,15.477848101265822
240160,Bento Fernandes,2023,4911,128584,26.182854815719814
240165,Bodó,2023,2360,240166,101.76525423728813
240170,Bom Jesus,2023,10308,140519,13.632033372138146
240180,Brejinho,2023,12638,168163,13.30614021205887
240185,Caiçara do Norte,2023,6479,119611,18.461336626022533
240190,Caiçara do Rio do Vento,2023,3360,474184,141.1261904761905
240200,Caicó,2023,63338,1735797,27.405301714610502
240210,Campo Redondo,2023,10510,131975,12.55708848715509
240220,Canguaretama,2023,30789,615957,20.005748806391892
240230,Caraúbas,2023,20182,540233,26.76806064810227
240240,Carnaúba dos Dantas,2023,8296,150902,18.1897299903568
240250,Carnaubais,2023,10026,231816,23.121484141232795
240260,Ceará,2023,83543,1260346,15.086195133045258
240270,Cerro Corá,2023,11334,225342,19.881948120698784
240280,Coronel Ezequiel,2023,5233,65460,12.509077011274604
240290,Coronel João Pessoa,2023,4297,54170,12.6064696299744
240300,Cruzeta,2023,8245,154742,18.767980594299576
240310,Currais Novos,2023,42922,955847,22.26939564791948
240320,Doutor Severiano,2023,7262,106164,14.619113191958139
240325,Parnamirim,2023,271713,7608526,28.002068358893393
240330,Encanto,2023,6289,75044,11.932580696454126
240340,Equador,2023,5461,90161,16.509979857169018
240350,Espírito Santo,2023,10951,126682,11.568075974796821
240360,Extremoz,2023,68584,986508,14.383937944710137
240370,Felipe Guerra,2023,6472,302413,46.72635970333745
240375,Fernando Pedroza,2023,3035,61994,20.426359143327844
240380,Florânia,2023,10556,152502,14.446949602122016
240390,Francisco Dantas,2023,2758,42580,15.438723712835388
240400,Frutuoso Gomes,2023,4230,58994,13.946572104018912
240410,Galinhos,2023,2159,165672,76.73552570634553
240420,Goianinha,2023,28422,646383,22.74234747730631
240430,Governador Dix,2023,12231,595842,48.71572234486142
240440,Grossos,2023,10281,185921,18.083941250851083
240450,Guamaré,2023,16076,2581922,160.6072406071162
240460,Ielmo Marinho,2023,11889,168954,14.210951299520564
240470,Ipanguaçu,2023,14560,263825,18.1198489010989
240480,Ipueira,2023,2090,42669,20.41578947368421
240485,Itajá,2023,7551,179988,23.836313071116408
240490,Itaú,2023,5447,90976,16.702037818982927
240500,Jaçanã,2023,8053,100644,12.497702719483422
240510,Jandaíra,2023,6752,363648,53.85781990521327
240520,Janduís,2023,4813,104812,21.776854352794516
240530,Januário Cicco,2023,8843,102924,11.639036526065814
240540,Japi,2023,5219,69177,13.254838091588427
240550,Jardim de Angicos,2023,2488,69280,27.84565916398714
240560,Jardim de Piranhas,2023,14446,276161,19.11677973141354
240570,Jardim do Seridó,2023,11942,244663,20.48760676603584
240580,João Câmara,2023,34849,1527022,43.81824442595197
240590,João Dias,2023,2073,33800,16.304872165943078
240600,José da Penha,2023,5966,88302,14.800871605766007
240610,Jucurutu,2023,18304,442765,24.189521416083917
240615,Jundiá,2023,3868,47291,12.226215098241985
240620,Lagoa d'Anta,2023,6756,89996,13.32089994079337
240630,Lagoa de Pedras,2023,7597,101030,13.298670527839937
240640,Lagoa de Velhos,2023,2631,48944,18.60281261877613
240650,Lagoa Nova,2023,16203,326107,20.126334629389618
240660,Lagoa Salgada,2023,8657,124483,14.379461707288899
240670,Lajes,2023,10094,632670,62.677828412918565
240680,Lajes Pintadas,2023,4950,68290,13.795959595959596
240690,Lucrécia,2023,3576,61082,17.08109619686801
240700,Luís Gomes,2023,9271,112399,12.123719124150577
240710,Macaíba,2023,87056,2455739,28.208727715493474
240720,Macau,2023,28350,1315680,46.40846560846561
240725,Major Sales,2023,4086,65725,16.08541360744004
240730,Marcelino Vieira,2023,8083,101177,12.51725844364716
240740,Martins,2023,8415,130557,15.514795008912657
240750,Maxaranguape,2023,10534,165454,15.706664135181317
240760,Messias Targino,2023,4410,65325,14.812925170068027
240770,Montanhas,2023,11785,158962,13.488502333474756
240780,Monte Alegre,2023,23953,348751,14.559804617375693
240790,Monte das Gameleiras,2023,2345,45922,19.582942430703625
240800,Mossoró,2023,278587,10323666,37.05724244131995
240810,Natal,2023,784249,31162043,39.73488394629767
240820,Nísia Floresta,2023,34325,573358,16.70380189366351
240830,Nova Cruz,2023,35523,629221,17.71305914477944
240840,Olho d'Água do Borges,2023,3736,58972,15.784796573875804
240850,Ouro Branco,2023,5084,80889,15.910503540519276
240860,Paraná,2023,4048,56062,13.849308300395258
240870,Paraú,2023,3650,62150,17.027397260273972
240880,Parazinho,2023,4945,524974,106.16258847320526
240890,Parelhas,2023,22242,473775,21.300917183706503
240895,Rio do Fogo,2023,10692,207249,19.383557800224466
240910,Passa e Fica,2023,11407,179582,15.743140177084246
240920,Passagem,2023,3233,46583,14.408598824621095
240930,Patu,2023,11215,198146,17.66794471689701
240933,Santa Maria,2023,5000,89729,17.9458
240940,Pau dos Ferros,2023,32123,827724,25.76733181832332
240950,Pedra Grande,2023,3736,325405,87.09983940042827
240960,Pedra Preta,2023,2495,65240,26.148296593186373
240970,Pedro Avelino,2023,6312,282103,44.69312420785805
240980,Pedro Velho,2023,14197,200896,14.150595196168204
240990,Pendências,2023,12499,668530,53.486678934314746
241000,Pilões,2023,2992,50550,16.89505347593583
241010,Poço Branco,2023,12565,161103,12.821567847194588
241020,Portalegre,2023,7859,99832,12.702888408194427
241025,Porto do Mangue,2023,5351,170409,31.8461969725285
241030,Serra Caiada,2023,11203,150413,13.426135856467019
241040,Pureza,2023,9752,182889,18.753999179655455
241050,Rafael Fernandes,2023,5682,61865,10.8878915874692
241060,Rafael Godeiro,2023,3005,48290,16.069883527454245
241070,Riacho da Cruz,2023,2724,42857,15.733113069016152
241080,Riacho de Santana,2023,4245,53836,12.682214369846879
241090,Riachuelo,2023,7646,319931,41.8429244049176
241100,Rodolfo Fernandes,2023,4345,67765,15.59608745684695
241105,Tibau,2023,5748,155095,26.982428670842033
241110,Ruy Barbosa,2023,3253,218239,67.08853366123579
241120,Santa Cruz,2023,39101,716309,18.319454745402933
241140,Santana do Matos,2023,12722,207088,16.277943719540954
241142,Santana do Seridó,2023,2796,51449,18.400929899856937
241150,Santo Antônio,2023,22793,339515,14.89558197692274
241160,São Bento do Norte,2023,3442,394853,114.71615339918652
241170,São Bento do Trairí,2023,3890,58251,14.974550128534704
241180,São Fernando,2023,3606,77560,21.50859678313921
241190,São Francisco do Oeste,2023,4319,74357,17.21625376244501
241200,São Gonçalo do Amarante,2023,124495,2588564,20.792513755572514
241210,São João do Sabugi,2023,6136,100073,16.309159061277704
241220,São José de Mipibu,2023,50053,1457800,29.12512736499311
241230,São José do Campestre,2023,11298,165230,14.624712338466985
241240,São José do Seridó,2023,4733,106548,22.511726177899853
241250,São Miguel,2023,24422,420064,17.200229301449514
241255,São Miguel do Gostoso,2023,10636,712098,66.95167356148929
241260,São Paulo do Potengi,2023,17371,290640,16.731333832249152
241270,São Pedro,2023,5890,72504,12.30967741935484
241280,São Rafael,2023,7889,108235,13.719736341741665
241290,São Tomé,2023,10161,184856,18.192697569136897
241300,São Vicente,2023,6530,100458,15.384073506891271
241310,Senador Elói de Souza,2023,6027,79950,13.26530612244898
241320,Senador Georgino Avelino,2023,4202,114536,27.2574964302713
241330,Serra de São Bento,2023,5866,84833,14.4618138424821
241335,Serra do Mel,2023,13819,685341,49.59410955930241
241340,Serra Negra do Norte,2023,7800,162339,20.81269230769231
241350,Serrinha,2023,6608,92368,13.978208232445521
241355,Serrinha dos Pintos,2023,4810,64722,13.455717255717255
241360,Severiano Melo,2023,5616,96870,17.248931623931625
241370,Sítio Novo,2023,4746,64195,13.526127265065318
241380,Taboleiro Grande,2023,2409,43556,18.08053134080531
241390,Taipu,2023,11708,184091,15.723522377861292
241400,Tangará,2023,13583,225000,16.56482367665464
241410,Tenente Ananias,2023,10610,142795,13.458529688972668
241415,Tenente Laurentino Cruz,2023,6152,120493,19.585988296488946
241420,Tibau do Sul,2023,18080,576215,31.87029867256637
241430,Timbaúba dos Batistas,2023,2424,47341,19.530115511551156
241440,Touros,2023,34767,1015670,29.213622112923176
241445,Triunfo Potiguar,2023,3477,55944,16.089732528041417
241450,Umarizal,2023,10655,167072,15.68015016424214
241460,Upanema,2023,14048,370220,26.35392938496583
241470,Várzea,2023,5387,72803,13.514572118062
241475,Venha,2023,3005,47870,15.930116472545757
241480,Vera Cruz,2023,11053,167326,15.138514430471366
241490,Viçosa,2023,1900,29717,15.640526315789474
241500,Vila Flor,2023,3304,49863,15.091707021791768
250010,Água Branca,2023,9580,107368,11.207515657620041
250020,Aguiar,2023,5026,68585,13.646040588937526
250030,Alagoa Grande,2023,26655,367232,13.777227537047459
250040,Alagoa Nova,2023,21823,376825,17.26733263071072
250050,Alagoinha,2023,14140,166686,11.788260254596889
250053,Alcantil,2023,5806,70348,12.116431277988289
250057,Algodão de Jandaíra,2023,3143,38483,12.244034362074451
250060,Alhandra,2023,23065,3148252,136.4947756340776
250070,São João do Rio do Peixe,2023,18500,286060,15.462702702702703
250073,Amparo,2023,2328,37039,15.910223367697595
250077,Aparecida,2023,8257,147637,17.880222841225628
250080,Araçagi,2023,16991,233113,13.71979283149903
250090,Arara,2023,12482,133977,10.733616407626982
250100,Araruna,2023,17360,244109,14.061578341013824
250110,Areia,2023,23031,355512,15.436238113846555
250115,Areia de Baraúnas,2023,2027,27916,13.772076961026148
250120,Areial,2023,7434,81463,10.958165186978746
250130,Aroeiras,2023,19142,327699,17.119371016612686
250135,Assunção,2023,4383,56279,12.840292037417294
250140,Baía da Traição,2023,9741,130462,13.393080792526435
250150,Bananeiras,2023,24134,370980,15.371674815612828
250153,Baraúna,2023,5010,62002,12.37564870259481
250157,Barra de Santana,2023,8247,115121,13.959136655753607
250160,Barra de Santa Rosa,2023,13024,187975,14.432969901719902
250170,Barra de São Miguel,2023,6123,101524,16.5807610648375
250180,Bayeux,2023,83862,1899000,22.644344279888386
250190,Belém,2023,16710,268655,16.077498503889885
250200,Belém do Brejo do Cruz,2023,6272,93160,14.853316326530612
250205,Bernardino Batista,2023,3677,53721,14.61000815882513
250210,Boa Ventura,2023,5246,63601,12.123713305375524
250215,Boa Vista,2023,6592,319446,48.45964805825243
250220,Bom Jesus,2023,2328,40310,17.31529209621993
250230,Bom Sucesso,2023,4720,66561,14.101906779661016
250240,Bonito de Santa Fé,2023,10433,119586,11.462283140036423
250250,Boqueirão,2023,18216,302850,16.625494071146246
250260,Igaracy,2023,5719,73095,12.781080608497989
250270,Borborema,2023,4185,80671,19.276224611708482
250280,Brejo do Cruz,2023,14095,207305,14.707697765164951
250290,Brejo dos Santos,2023,5816,79111,13.602303988995873
250300,Caaporã,2023,21942,545157,24.845365053322396
250310,Cabaceiras,2023,5537,171069,30.895611341881885
250320,Cabedelo,2023,70734,4092777,57.86152345406735
250330,Cachoeira dos Índios,2023,9335,153125,16.40332083556508
250340,Cacimba de Areia,2023,3344,45669,13.656997607655502
250350,Cacimba de Dentro,2023,16332,179299,10.978385990693118
250355,Cacimbas,2023,7513,84005,11.181285771329696
250360,Caiçara,2023,6684,83428,12.481747456612807
250370,Cajazeiras,2023,66585,1808447,27.15997597056394
250375,Cajazeirinhas,2023,2760,51075,18.505434782608695
250380,Caldas Brandão,2023,5942,92129,15.50471221810838
250390,Camalaú,2023,6327,87713,13.863284336968547
250400,Campina Grande,2023,443911,12908743,29.079574509304795
250403,Capim,2023,7446,101592,13.643835616438356
250407,Caraúbas,2023,4067,55068,13.540201622817802
250410,Carrapateira,2023,2365,39802,16.829598308668075
250415,Casserengue,2023,7052,83914,11.89931934203063
250420,Catingueira,2023,4556,63519,13.941834942932397
250430,Catolé do Rocha,2023,32288,622714,19.286236372646183
250435,Caturité,2023,5544,87217,15.731782106782108
250440,Conceição,2023,18731,257651,13.755325396401687
250450,Condado,2023,6629,89037,13.431437622567506
250460,Conde,2023,30007,1648300,54.93051621288366
250470,Congo,2023,5124,85465,16.679352068696332
250480,Coremas,2023,14987,255021,17.016147327683992
250485,Coxixola,2023,1888,30936,16.385593220338983
250490,Cruz do Espírito Santo,2023,17821,253013,14.197463666460918
250500,Cubati,2023,7842,102129,13.023335883703137
250510,Cuité,2023,20208,273447,13.531621140142517
250520,Cuitegi,2023,6890,87664,12.723367198838897
250523,Cuité de Mamanguape,2023,6441,85105,13.213010402111474
250527,Curral de Cima,2023,5415,74436,13.746260387811635
250530,Curral Velho,2023,2316,33783,14.586787564766839
250535,Damião,2023,5141,62654,12.187123127796148
250540,Desterro,2023,8314,94774,11.399326437334617
250550,Vista Serrana,2023,3772,50452,13.375397667020149
250560,Diamante,2023,6416,75548,11.774937655860349
250570,Dona Inês,2023,10638,117418,11.03760105282948
250580,Duas Estradas,2023,3360,51973,15.468154761904762
250590,Emas,2023,3036,46042,15.165349143610014
250600,Esperança,2023,32599,851650,26.125034510261052
250610,Fagundes,2023,11307,135441,11.978508888299285
250620,Frei Martinho,2023,2911,38774,13.319821367227757
250625,Gado Bravo,2023,8398,101801,12.122052869730888
250630,Guarabira,2023,60057,1489288,24.797908653445894
250640,Gurinhém,2023,14141,201227,14.230040308323316
250650,Gurjão,2023,3352,50413,15.039677804295943
250660,Ibiara,2023,5713,63597,11.131979695431472
250670,Imaculada,2023,10497,105988,10.096980089549396
250680,Ingá,2023,18234,270159,14.816222441592629
250690,Itabaiana,2023,23558,417387,17.71742083368707
250700,Itaporanga,2023,24766,445867,18.0031898570621
250710,Itapororoca,2023,19165,261025,13.61987998956431
250720,Itatuba,2023,10840,211522,19.51309963099631
250730,Jacaraú,2023,14969,217258,14.513861981428285
250740,Jericó,2023,7728,95979,12.419642857142858
250750,João Pessoa,2023,897633,28442131,31.68570117185977
250760,Juarez Távora,2023,8088,93223,11.52608803165183
250770,Juazeirinho,2023,17520,259622,14.818607305936073
250780,Junco do Seridó,2023,7019,128192,18.263570309160848
250790,Juripiranga,2023,10255,150461,14.671964895173087
250800,Juru,2023,9380,111022,11.836034115138593
250810,Lagoa,2023,4489,65991,14.700601470260636
250820,Lagoa de Dentro,2023,8123,104437,12.856949402929953
250830,Lagoa Seca,2023,29209,416794,14.269369030093465
250840,Lastro,2023,3316,37248,11.232810615199035
250850,Livramento,2023,7041,83602,11.873597500355062
250855,Logradouro,2023,5107,65569,12.83904444879577
250860,Lucena,2023,13088,279944,21.389364303178485
250870,Mãe d'Água,2023,3599,45505,12.643789941650459
250880,Malta,2023,6288,77516,12.327608142493638
250890,Mamanguape,2023,46966,1086800,23.140143933909638
250900,Manaíra,2023,10699,110034,10.284512571268342
250905,Marcação,2023,9537,123336,12.932368669392892
250910,Mari,2023,22170,303052,13.669463238610735
250915,Marizópolis,2023,7001,97757,13.96329095843451
250920,Massaranduba,2023,14756,196173,13.294456492274328
250930,Mataraca,2023,8650,231046,26.710520231213874
250933,Matinhas,2023,4759,80821,16.982769489388527
250937,Mato Grosso,2023,2584,38900,15.054179566563468
250939,Maturéia,2023,6717,79510,11.837129670984071
250940,Mogeiro,2023,14435,220317,15.262694838933148
250950,Montadas,2023,6144,68335,11.122233072916666
250960,Monte Horebe,2023,4429,59800,13.501919169112666
250970,Monteiro,2023,33886,842417,24.86032579826477
250980,Mulungu,2023,8909,111589,12.525423728813559
250990,Natuba,2023,8935,116149,12.999328483491885
251000,Nazarezinho,2023,7394,81441,11.014471192859075
251010,Nova Floresta,2023,9840,114955,11.682418699186991
251020,Nova Olinda,2023,5897,69482,11.78260132270646
251030,Nova Palmeira,2023,4359,54633,12.53337921541638
251040,Olho d'Água,2023,6059,76534,12.631457336194092
251050,Olivedos,2023,3675,53270,14.495238095238095
251060,Ouro Velho,2023,3000,47542,15.847333333333333
251065,Parari,2023,1745,28042,16.069914040114615
251070,Passagem,2023,2580,35352,13.702325581395348
251080,Patos,2023,108104,2555214,23.63662769185229
251090,Paulista,2023,12172,200281,16.45423923759448
251100,Pedra Branca,2023,3851,48602,12.62061802129317
251110,Pedra Lavrada,2023,6980,94715,13.569484240687679
251120,Pedras de Fogo,2023,31356,836969,26.692467151422374
251130,Piancó,2023,17088,246685,14.436154026217228
251140,Picuí,2023,18862,270316,14.33124801187573
251150,Pilar,2023,12889,158901,12.328419582589806
251160,Pilões,2023,6974,133896,19.199311729280183
251170,Pilõezinhos,2023,5539,64516,11.647589817656616
251180,Pirpirituba,2023,9411,120990,12.856232068855595
251190,Pitimbu,2023,17166,479172,27.914016078294303
251200,Pocinhos,2023,18038,334112,18.52267435414126
251203,Poço Dantas,2023,3934,56713,14.416115912557194
251207,Poço de José de Moura,2023,4126,61655,14.943044110518661
251210,Pombal,2023,33866,594290,17.548278509419475
251220,Prata,2023,4032,83660,20.749007936507937
251230,Princesa Isabel,2023,21674,343379,15.84289932638184
251240,Puxinanã,2023,14942,189387,12.674809262481595
251250,Queimadas,2023,50698,788732,15.557457887885123
251260,Quixaba,2023,1803,30647,16.997781475318913
251270,Remígio,2023,18399,224366,12.19446709060275
251272,Pedro Régis,2023,5932,70516,11.887390424814566
251274,Riachão,2023,2945,42007,14.26383701188455
251275,Riachão do Bacamarte,2023,4911,68122,13.871309305640398
251276,Riachão do Poço,2023,4989,73546,14.741631589496894
251278,Riacho de Santo Antônio,2023,2063,35322,17.121667474551625
251280,Riacho dos Cavalos,2023,8788,111761,12.717455621301776
251290,Rio Tinto,2023,25500,393104,15.415843137254901
251300,Salgadinho,2023,3435,40278,11.725764192139739
251310,Salgado de São Félix,2023,11741,177321,15.102716974704029
251315,Santa Cecília,2023,8113,90463,11.150375939849624
251320,Santa Cruz,2023,6013,74312,12.358556461001164
251330,Santa Helena,2023,6023,84256,13.989042005645027
251335,Santa Inês,2023,3256,40015,12.289619164619165
251340,Santa Luzia,2023,15418,573425,37.1919185367752
251350,Santana de Mangueira,2023,5090,60940,11.972495088408644
251360,Santana dos Garrotes,2023,6618,81502,12.315200967059535
251365,Joca Claudino,2023,2607,43129,16.543536632144228
251370,Santa Rita,2023,160852,3163544,19.66742098326412
251380,Santa Teresinha,2023,4492,66909,14.895146927871773
251385,Santo André,2023,2708,40211,14.848966026587888
251390,São Bento,2023,33845,724346,21.401861427094104
251392,São Bentinho,2023,4490,64264,14.312694877505567
251394,São Domingos do Cariri,2023,2688,39709,14.772693452380953
251396,São Domingos,2023,2624,44068,16.79420731707317
251398,São Francisco,2023,3176,48447,15.254093198992443
251400,São João do Cariri,2023,4345,71555,16.468354430379748
251410,São João do Tigre,2023,4359,51496,11.813718742830925
251420,São José da Lagoa Tapada,2023,7251,87269,12.035443387119019
251430,São José de Caiana,2023,4966,63973,12.88219895287958
251440,São José de Espinharas,2023,4056,66469,16.387820512820515
251445,São José dos Ramos,2023,6137,78200,12.742382271468143
251450,São José de Piranhas,2023,19561,289437,14.796636163795307
251455,São José de Princesa,2023,3323,43362,13.04905206139031
251460,São José do Bonfim,2023,3337,41022,12.293077614623913
251465,São José do Brejo do Cruz,2023,1750,36303,20.74457142857143
251470,São José do Sabugi,2023,4283,129591,30.257062806444083
251480,São José dos Cordeiros,2023,3462,44795,12.939052570768341
251490,São Mamede,2023,7629,101241,13.270546598505701
251500,São Miguel de Taipu,2023,7307,122551,16.771725742438758
251510,São Sebastião de Lagoa de Roça,2023,11387,133993,11.767190656011241
251520,São Sebastião do Umbuzeiro,2023,3382,46472,13.740981667652276
251530,Sapé,2023,53457,852471,15.946854481171783
251540,São Vicente do Seridó,2023,10652,112003,10.514739016147203
251550,Serra Branca,2023,14131,187052,13.236996673979196
251560,Serra da Raiz,2023,3156,47507,15.052915082382762
251570,Serra Grande,2023,3056,40406,13.221858638743456
251580,Serra Redonda,2023,6975,74715,10.711827956989247
251590,Serraria,2023,4754,79579,16.739377366428272
251593,Sertãozinho,2023,5332,71175,13.348649662415603
251597,Sobrado,2023,8646,135262,15.644459865833912
251600,Solânea,2023,27748,428475,15.44165345250108
251610,Soledade,2023,14409,319643,22.183565826913735
251615,Sossêgo,2023,3476,47775,13.744246260069044
251620,Sousa,2023,70066,1714770,24.473639140239204
251630,Sumé,2023,17852,255601,14.317779520501904
251640,Tacima,2023,7794,106670,13.686168847831665
251650,Taperoá,2023,14358,169781,11.824836328179412
251660,Tavares,2023,14473,167333,11.561735645685069
251670,Teixeira,2023,15129,222479,14.705466322955912
251675,Tenório,2023,3082,40231,13.05353666450357
251680,Triunfo,2023,10315,121796,11.807658749394086
251690,Uiraúna,2023,15431,245510,15.910180804873306
251700,Umbuzeiro,2023,9274,118557,12.783804183739488
251710,Várzea,2023,2777,46408,16.711559236586243
251720,Vieirópolis,2023,4967,59242,11.927118985303
251740,Zabelê,2023,2323,35337,15.211795092552734
260005,Abreu e Lima,2023,104248,2129775,20.429888343181645
260010,Afogados da Ingazeira,2023,42672,651001,15.255928946381703
260020,Afrânio,2023,19409,271668,13.997011695605131
260030,Agrestina,2023,24680,368076,14.913938411669369
260040,Água Preta,2023,26981,263642,9.771394685148808
260050,Águas Belas,2023,43822,489637,11.173314773401488
260060,Alagoinha,2023,14460,199751,13.814038727524204
260070,Aliança,2023,37349,472449,12.649575624514712
260080,Altinho,2023,21134,302022,14.290811015425382
260090,Amaraji,2023,18335,307792,16.78712844286883
260100,Angelim,2023,10591,186927,17.64960815786989
260105,Araçoiaba,2023,19996,203113,10.157681536307262
260110,Araripina,2023,90504,1777713,19.642369398037655
260120,Arcoverde,2023,82487,1503621,18.2285814734443
260130,Barra de Guabiraba,2023,12601,197017,15.635028965955083
260140,Barreiros,2023,42083,645437,15.33723831475893
260150,Belém de Maria,2023,10798,110733,10.254954621226153
260160,Belém do São Francisco,2023,18648,715390,38.36282711282711
260170,Belo Jardim,2023,84033,3429628,40.81287113395928
260180,Betânia,2023,11961,125498,10.492266532898586
260190,Bezerros,2023,65007,1089685,16.76257941452459
260200,Bodocó,2023,36145,388247,10.741375017291466
260210,Bom Conselho,2023,46202,801671,17.35143500281373
260220,Bom Jardim,2023,39289,419042,10.665631601720584
260230,Bonito,2023,39212,736191,18.774635315719678
260240,Brejão,2023,9417,226948,24.0998194754168
260250,Brejinho,2023,8033,95683,11.911241130337359
260260,Brejo da Madre de Deus,2023,51308,530035,10.330455289623451
260270,Buenos Aires,2023,13276,163217,12.294139801144922
260280,Buíque,2023,53489,647063,12.097122772906578
260290,Cabo de Santo Agostinho,2023,218049,15897620,72.90847470064068
260300,Cabrobó,2023,31762,536175,16.88102134626283
260310,Cachoeirinha,2023,20673,290338,14.044309002080007
260320,Caetés,2023,30571,503212,16.4604363612574
260330,Calçado,2023,11453,134331,11.728891993364185
260340,Calumbi,2023,5354,62249,11.626634292118043
260345,Camaragibe,2023,156112,2436552,15.607717536127907
260350,Camocim de São Félix,2023,18018,209246,11.613164613164614
260360,Camutanga,2023,7962,427495,53.691911580005026
260370,Canhotinho,2023,25103,364996,14.539935465880571
260380,Capoeiras,2023,18854,266090,14.11318553092182
260390,Carnaíba,2023,19533,212891,10.899042645778938
260392,Carnaubeira da Penha,2023,12712,107059,8.421884833228445
260400,Carpina,2023,83482,1937470,23.208236506073167
260410,Caruaru,2023,405408,11238434,27.721293117057385
260415,Casinhas,2023,13468,125631,9.328111078111078
260420,Catende,2023,33086,390075,11.78972979507949
260430,Cedro,2023,10843,133554,12.317070921331736
260440,Chã de Alegria,2023,13496,190273,14.09847362181387
260450,Chã Grande,2023,21258,325129,15.294430332110265
260460,Condado,2023,25416,294987,11.606350330500472
260470,Correntes,2023,17670,211880,11.990945104697227
260480,Cortês,2023,10426,147761,14.172357567619413
260490,Cumaru,2023,16215,163890,10.107308048103608
260500,Cupira,2023,24343,355809,14.616481123937065
260510,Custódia,2023,39609,759609,19.17768688934333
260515,Dormentes,2023,17850,311854,17.470812324929973
260520,Escada,2023,62174,1582303,25.4495930774922
260530,Exu,2023,33486,440315,13.149226542435645
260540,Feira Nova,2023,22222,274542,12.354513545135452
260545,Fernando de Noronha,2023,3341,304923,91.26698593235558
260550,Ferreiros,2023,15955,171423,10.744155437167032
260560,Flores,2023,20776,245679,11.825134770889488
260570,Floresta,2023,31702,583259,18.398176771181628
260580,Frei Miguelinho,2023,14055,152032,10.816933475631448
260590,Gameleira,2023,17583,248184,14.114997440709777
260600,Garanhuns,2023,151803,3834635,25.26060091039044
260610,Glória do Goitá,2023,30420,626114,20.58231426692965
260620,Goiana,2023,85497,13893623,162.50421652221715
260630,Granito,2023,7217,91071,12.618955244561452
260640,Gravatá,2023,92429,1637743,17.718930205887762
260650,Iati,2023,17570,236013,13.43272623790552
260660,Ibimirim,2023,28825,425355,14.756461405030356
260670,Ibirajuba,2023,7334,99153,13.519634578674665
260680,Igarassu,2023,123017,3770816,30.652804083988393
260690,Iguaracy,2023,11347,122068,10.757733321582798
260700,Inajá,2023,27758,276204,9.95042870523813
260710,Ingazeira,2023,4975,65457,13.157185929648241
260720,Ipojuca,2023,106539,17972323,168.69243187940566
260730,Ipubi,2023,30720,412535,13.428873697916666
260740,Itacuruba,2023,4491,82430,18.354486751280337
260750,Itaíba,2023,33995,390249,11.47959994116782
260760,Ilha de Itamaracá,2023,25658,298295,11.625808714630914
260765,Itambé,2023,36652,586823,16.010667903525047
260770,Itapetim,2023,14236,170269,11.960452374262433
260775,Itapissuma,2023,29669,3258624,109.8326199062995
260780,Itaquitinga,2023,17142,223249,13.023509508808774
260790,Jaboatão dos Guararapes,2023,684293,20281298,29.638324518882992
260795,Jaqueira,2023,10440,129334,12.388314176245212
260800,Jataúba,2023,16328,192384,11.782459578637923
260805,Jatobá,2023,14477,183614,12.683152586861919
260810,João Alfredo,2023,28842,354879,12.3042438111088
260820,Joaquim Nabuco,2023,13416,164491,12.260807990459153
260825,Jucati,2023,12023,142790,11.876403559843633
260830,Jupi,2023,16022,247150,15.425664711022344
260840,Jurema,2023,14002,146166,10.43893729467219
260845,Lagoa do Carro,2023,18804,327921,17.438895979578813
260850,Lagoa de Itaenga,2023,19863,551074,27.74374465085838
260860,Lagoa do Ouro,2023,12367,150180,12.143607989002993
260870,Lagoa dos Gatos,2023,14333,168831,11.779180911183982
260875,Lagoa Grande,2023,24951,713609,28.600416816961243
260880,Lajedo,2023,41960,706467,16.836677788369876
260890,Limoeiro,2023,59236,991140,16.73205483152137
260900,Macaparana,2023,24642,359208,14.577063550036524
260910,Machados,2023,11387,271714,23.861772196364274
260915,Manari,2023,27046,183154,6.7719440952451375
260920,Maraial,2023,9322,110045,11.804870199527999
260930,Mirandiba,2023,14605,221207,15.145977404998288
260940,Moreno,2023,57654,1118309,19.39690220973393
260950,Nazaré da Mata,2023,32187,777087,24.142883772951812
260960,Olinda,2023,364717,7024917,19.261282035112156
260970,Orobó,2023,22412,582870,26.00704979475281
260980,Orocó,2023,14129,192309,13.610942034114233
260990,Ouricuri,2023,68489,1016704,14.844777993546408
261000,Palmares,2023,56475,1156052,20.470154935812307
261010,Palmeirina,2023,7104,91362,12.860641891891891
261020,Panelas,2023,23337,239945,10.281741440630759
261030,Paranatama,2023,12778,306364,23.97589607137267
261040,Parnamirim,2023,18960,268156,14.143248945147679
261050,Passira,2023,29744,293500,9.867536309844002
261060,Paudalho,2023,59924,1151981,19.224033776116414
261070,Paulista,2023,365144,6999013,19.167815984926495
261080,Pedra,2023,23671,426036,17.99822567698872
261090,Pesqueira,2023,65481,1082144,16.526076266397887
261100,Petrolândia,2023,36104,1568603,43.44679259915799
261110,Petrolina,2023,418444,10577530,25.278245117626252
261120,Poção,2023,10792,132807,12.306060044477391
261130,Pombos,2023,26942,635845,23.60051221141712
261140,Primavera,2023,14380,320399,22.28087621696801
261150,Quipapá,2023,17731,211463,11.926174496644295
261153,Quixaba,2023,6753,75902,11.239745298385902
261160,Recife,2023,1588376,66351305,41.77304681007519
261170,Riacho das Almas,2023,21490,289327,13.46333178222429
261180,Ribeirão,2023,33843,601649,17.77764973554354
261190,Rio Formoso,2023,20388,374545,18.37085540514028
261200,Sairé,2023,11213,204199,18.210915901186123
261210,Salgadinho,2023,5478,76619,13.98667396860168
261220,Salgueiro,2023,65946,1389969,21.077381493949595
261230,Saloá,2023,14125,251854,17.83037168141593
261240,Sanharó,2023,18812,269694,14.336274718264937
261245,Santa Cruz,2023,14342,156125,10.885859712731836
261247,Santa Cruz da Baixa Verde,2023,11934,143723,12.04315401374225
261250,Santa Cruz do Capibaribe,2023,104854,2125695,20.272903275030043
261255,Santa Filomena,2023,12360,133150,10.772653721682849
261260,Santa Maria da Boa Vista,2023,42782,781893,18.27621429573185
261270,Santa Maria do Cambucá,2023,14586,151435,10.382215823392293
261280,Santa Terezinha,2023,10487,122739,11.703919137980357
261290,São Benedito do Sul,2023,13456,129076,9.59244946492271
261300,São Bento do Una,2023,51165,1909078,37.31218606469266
261310,São Caitano,2023,39243,575982,14.677318247840379
261320,São João,2023,24895,374387,15.03864229765013
261330,São Joaquim do Monte,2023,20438,258411,12.643653977884334
261340,São José da Coroa Grande,2023,19511,389471,19.96161139869817
261350,São José do Belmonte,2023,36890,529903,14.364407698563296
261360,São José do Egito,2023,32508,471426,14.501845699520118
261370,São Lourenço da Mata,2023,118258,1791059,15.145351688680682
261380,São Vicente Férrer,2023,17177,384212,22.36781743028468
261390,Serra Talhada,2023,98816,2003113,20.271140301165804
261400,Serrita,2023,18764,195989,10.444947772329993
261410,Sertânia,2023,34271,404067,11.79034752414578
261420,Sirinhaém,2023,39171,861417,21.991192463812514
261430,Moreilândia,2023,10839,106462,9.822123812159793
261440,Solidão,2023,5386,63051,11.706461195692537
261450,Surubim,2023,67821,1131954,16.690317158402266
261460,Tabira,2023,29180,358223,12.276319396847155
261470,Tacaimbó,2023,14330,221749,15.474459176552687
261480,Tacaratu,2023,24898,262198,10.53088601494096
261485,Tamandaré,2023,24670,432297,17.523186055938385
261500,Taquaritinga do Norte,2023,25511,402088,15.761357845635215
261510,Terezinha,2023,6853,91621,13.369473223405807
261520,Terra Nova,2023,9231,125359,13.580218827862637
261530,Timbaúba,2023,47312,905265,19.13394064930673
261540,Toritama,2023,43921,812755,18.50492930488832
261550,Tracunhaém,2023,14439,198570,13.752337419488883
261560,Trindade,2023,32257,654211,20.281210279939238
261570,Triunfo,2023,15141,202205,13.3547982299716
261580,Tupanatinga,2023,28141,275931,9.805301872712413
261590,Tuparetama,2023,8261,95042,11.504902554170197
261600,Venturosa,2023,17563,291065,16.572624266924784
261610,Verdejante,2023,9483,103221,10.884846567541917
261618,Vertente do Lério,2023,7776,93452,12.018004115226338
261620,Vertentes,2023,23127,228836,9.894755048212046
261630,Vicência,2023,27151,615581,22.672498250524843
261640,Vitória de Santo Antão,2023,144243,6095992,42.261960719064355
261650,Xexéu,2023,11699,201330,17.209163176339857
270010,Água Branca,2023,19550,246052,12.585780051150895
270020,Anadia,2023,14167,276952,19.54909296251853
270030,Arapiraca,2023,243906,6880940,28.21144211294515
270040,Atalaia,2023,38480,1637107,42.54436070686071
270050,Barra de Santo Antônio,2023,16756,358501,21.395380759131058
270060,Barra de São Miguel,2023,8123,304436,37.478271574541424
270070,Batalha,2023,17103,308733,18.05139449219435
270080,Belém,2023,4819,187160,38.837933181157915
270090,Belo Monte,2023,5895,196377,33.31246819338423
270100,Boca da Mata,2023,21479,565491,26.327622328786255
270110,Branquinha,2023,9779,849267,86.84599652316187
270120,Cacimbinhas,2023,10705,195083,18.223540401681458
270130,Cajueiro,2023,16572,223748,13.501568911416848
270135,Campestre,2023,6808,109805,16.128819036427732
270140,Campo Alegre,2023,32558,884685,27.172584311075617
270150,Campo Grande,2023,8285,113470,13.695835847917923
270160,Canapi,2023,15730,235141,14.948569612205976
270170,Capela,2023,15051,250653,16.653577835359776
270180,Carneiros,2023,9206,97601,10.601890071692374
270190,Chã Preta,2023,6000,289693,48.28216666666667
270200,Coité do Nóia,2023,11036,234385,21.238220369699167
270210,Colônia Leopoldina,2023,15915,367109,23.066855168080426
270220,Coqueiro Seco,2023,5701,115662,20.288019645676197
270230,Coruripe,2023,51784,2400819,46.362177506565736
270235,Craíbas,2023,26144,450187,17.21951499388005
270240,Delmiro Gouveia,2023,52845,911191,17.242709811713503
270250,Dois Riachos,2023,9898,140027,14.146999393816932
270255,Estrela de Alagoas,2023,15688,177063,11.28652473227945
270260,Feira Grande,2023,23204,500385,21.564600930873986
270270,Feliz Deserto,2023,4035,218958,54.264684014869886
270280,Flexeiras,2023,9745,251580,25.8163160595177
270290,Girau do Ponciano,2023,37337,602812,16.14516431421914
270300,Ibateguara,2023,13982,223883,16.012230010012875
270310,Igaci,2023,24445,328695,13.446308038453672
270320,Igreja Nova,2023,22113,697572,31.545787545787547
270330,Inhapi,2023,15396,210039,13.642439594699923
270340,Jacaré dos Homens,2023,5180,78412,15.137451737451737
270350,Jacuípe,2023,5419,144753,26.71212400811958
270360,Japaratinga,2023,9457,329293,34.82002749286243
270370,Jaramataia,2023,5069,81577,16.093312290392582
270375,Jequiá da Praia,2023,9607,456621,47.53003018632247
270380,Joaquim Gomes,2023,17342,541697,31.236131934032983
270390,Jundiá,2023,4175,92728,22.210299401197606
270400,Junqueiro,2023,24382,705482,28.9345418751538
270410,Lagoa da Canoa,2023,18836,333780,17.720322786154174
270420,Limoeiro de Anadia,2023,25184,806003,32.004566391359596
270430,Maceió,2023,994952,33749576,33.920808239995495
270440,Major Isidoro,2023,17828,296433,16.62738389050931
270450,Maragogi,2023,33269,1219926,36.66855030208302
270460,Maravilha,2023,9709,134024,13.804099289319188
270470,Marechal Deodoro,2023,62477,3185683,50.98969220673208
270480,Maribondo,2023,13970,222264,15.91009305654975
270490,Mar Vermelho,2023,3208,51607,16.086970074812967
270500,Mata Grande,2023,22126,400974,18.122299557082165
270510,Matriz de Camaragibe,2023,24331,514991,21.166043319222393
270520,Messias,2023,15706,351253,22.36425569845919
270530,Minador do Negrão,2023,4935,90125,18.26241134751773
270540,Monteirópolis,2023,7344,109208,14.87037037037037
270550,Murici,2023,25926,1080389,41.67202807991977
270560,Novo Lino,2023,10285,240603,23.393582887700536
270570,Olho d'Água das Flores,2023,21135,343111,16.234255973503668
270580,Olho d'Água do Casado,2023,8522,100592,11.803801924430886
270590,Olho d'Água Grande,2023,4381,72758,16.607623830175758
270600,Olivença,2023,11047,135134,12.232642346338372
270610,Ouro Branco,2023,11706,150495,12.856227575602254
270620,Palestina,2023,4408,48822,11.075771324863885
270630,Palmeira dos Índios,2023,73621,1367252,18.571494546393012
270640,Pão de Açúcar,2023,24291,282237,11.618994689391133
270642,Pariconha,2023,10807,119510,11.05857314703433
270644,Paripueira,2023,14199,302559,21.30847242763575
270650,Passo de Camaragibe,2023,14070,378391,26.893461265103056
270660,Paulo Jacinto,2023,6691,108187,16.169033029442534
270670,Penedo,2023,60185,1159276,19.261875882695023
270680,Piaçabuçu,2023,16192,480484,29.674160079051383
270690,Pilar,2023,36525,957605,26.217796030116357
270700,Pindoba,2023,2786,53808,19.313711414213927
270710,Piranhas,2023,23053,358241,15.539886348848306
270720,Poço das Trincheiras,2023,12965,146801,11.322869263401465
270730,Porto Calvo,2023,24509,544520,22.217144722346895
270740,Porto de Pedras,2023,9517,451598,47.45171797835452
270750,Porto Real do Colégio,2023,20273,294351,14.519360726088888
270760,Quebrangulo,2023,11303,195018,17.253649473591082
270770,Rio Largo,2023,97658,2032761,20.81509963341457
270780,Roteiro,2023,6606,247076,37.401755979412656
270790,Santa Luzia do Norte,2023,7066,199948,28.297197848853667
270800,Santana do Ipanema,2023,47418,863267,18.205470496435954
270810,Santana do Mundaú,2023,11572,1127361,97.42144832353958
270820,São Brás,2023,6557,123934,18.901021808754003
270830,São José da Laje,2023,21180,816993,38.573796033994334
270840,São José da Tapera,2023,31569,421128,13.339922075453767
270850,São Luís do Quitunde,2023,31785,1052903,33.12578260185622
270860,São Miguel dos Campos,2023,53380,1594206,29.865230423379543
270870,São Miguel dos Milagres,2023,8700,308510,35.46091954022989
270880,São Sebastião,2023,32707,736908,22.53058978200385
270890,Satuba,2023,25105,369184,14.705596494722167
270895,Senador Rui Palmeira,2023,12545,137332,10.947150259067358
270900,Tanque d'Arca,2023,5906,92869,15.724517439891635
270910,Taquarana,2023,19428,664759,34.21654313362158
270915,Teotônio Vilela,2023,39143,941856,24.06192678128912
270920,Traipu,2023,24106,357715,14.8392516385962
270930,União dos Palmares,2023,60860,1693998,27.834341110745974
270940,Viçosa,2023,24414,596814,24.445564020643893
280010,Amparo do São Francisco,2023,2202,49412,22.439600363306084
280020,Aquidabã,2023,20556,362299,17.624975676201597
280030,Aracaju,2023,630932,22291877,35.33166331712451
280040,Arauá,2023,10464,203787,19.475057339449542
280050,Areia Branca,2023,18626,353834,18.99677869644583
280060,Barra dos Coqueiros,2023,45175,2478982,54.87508577753182
280067,Boquim,2023,25007,436636,17.460551045707202
280070,Brejo Grande,2023,8025,122926,15.317881619937694
280100,Campo do Brito,2023,18719,354386,18.931887387146748
280110,Canhoba,2023,3850,95135,24.710389610389612
280120,Canindé de São Francisco,2023,33641,2967957,88.22439879908445
280130,Capela,2023,32783,595061,18.15151145410731
280140,Carira,2023,20314,723769,35.62907354533819
280150,Carmópolis,2023,14203,464417,32.69851439836654
280160,Cedro de São João,2023,5474,84949,15.51863354037267
280170,Cristinápolis,2023,17594,589914,33.52927134250313
280190,Cumbe,2023,3872,82671,21.350981404958677
280200,Divina Pastora,2023,4436,240797,54.28246167718665
280210,Estância,2023,67060,1473225,21.96875932001193
280220,Feira Nova,2023,6358,169357,26.636835482856245
280230,Frei Paulo,2023,14921,551019,36.92909322431473
280240,Gararu,2023,11294,217566,19.2638569151762
280250,General Maynard,2023,3118,50397,16.163245670301475
280260,Graccho Cardoso,2023,5910,139799,23.65465313028765
280270,Ilha das Flores,2023,8499,118392,13.930109424638193
280280,Indiaroba,2023,16991,322888,19.003472426578778
280290,Itabaiana,2023,109250,2942686,26.935340961098397
280300,Itabaianinha,2023,42230,865772,20.50134975136159
280310,Itabi,2023,4816,101138,21.000415282392026
280320,Itaporanga d'Ajuda,2023,36074,562366,15.589233242778732
280330,Japaratuba,2023,16451,549070,33.37608656008753
280340,Japoatã,2023,13723,298620,21.760547985134444
280350,Lagarto,2023,105957,2177825,20.553856753211207
280360,Laranjeiras,2023,24047,638033,26.532748367779764
280370,Macambira,2023,7048,136318,19.341373439273553
280380,Malhada dos Bois,2023,3674,67244,18.302667392487752
280390,Malhador,2023,11712,224467,19.16555669398907
280400,Maruim,2023,15956,320963,20.115505139132615
280410,Moita Bonita,2023,11297,280140,24.79773391165796
280420,Monte Alegre de Sergipe,2023,14781,337201,22.81313848860023
280430,Muribeca,2023,8059,112544,13.965008065516814
280440,Neópolis,2023,16473,382705,23.232258847811572
280445,Nossa Senhora Aparecida,2023,9534,209605,21.985001048877702
280450,Nossa Senhora da Glória,2023,43686,1048320,23.99670374948496
280460,Nossa Senhora das Dores,2023,25569,540610,21.143181195979505
280470,Nossa Senhora de Lourdes,2023,6409,115910,18.08550475893275
280480,Nossa Senhora do Socorro,2023,204081,2852077,13.975220623183931
280490,Pacatuba,2023,12690,219432,17.291725768321513
280500,Pedra Mole,2023,2811,74512,26.507292778370687
280510,Pedrinhas,2023,7355,128570,17.480625424881033
280520,Pinhão,2023,5759,141417,24.55582566417781
280530,Pirambu,2023,8021,155336,19.366163819972574
280540,Poço Redondo,2023,29238,763539,26.1146111225118
280550,Poço Verde,2023,22217,388823,17.501147769725886
280560,Porto da Folha,2023,27348,637808,23.32192482082785
280570,Propriá,2023,27213,614880,22.59508323227869
280580,Riachão do Dantas,2023,18541,419339,22.616849145137802
280590,Riachuelo,2023,8853,240563,27.1730486840619
280600,Ribeirópolis,2023,17365,372071,21.426490066225167
280610,Rosário do Catete,2023,9507,391878,41.219943199747554
280620,Salgado,2023,20825,320943,15.411428571428571
280630,Santa Luzia do Itanhy,2023,14003,238278,17.016210811968865
280640,Santana do São Francisco,2023,7549,160615,21.276327990462313
280650,Santa Rosa de Lima,2023,4049,59186,14.617436404050382
280660,Santo Amaro das Brotas,2023,11289,227942,20.191513863052528
280670,São Cristóvão,2023,101213,1392938,13.762441583591041
280680,São Domingos,2023,10559,161345,15.280329576664457
280690,São Francisco,2023,3330,61511,18.47177177177177
280700,São Miguel do Aleixo,2023,3471,79123,22.795447997695188
280710,Simão Dias,2023,44503,925387,20.793811653146978
280720,Siriri,2023,7981,201981,25.307730860794386
280730,Telha,2023,3389,53467,15.776630274417233
280740,Tobias Barreto,2023,52783,1150010,21.787507341378852
280750,Tomar do Geru,2023,12094,208833,17.26748801058376
280760,Umbaúba,2023,24618,721872,29.32293443821594
290010,Abaíra,2023,7407,84854,11.455920075604158
290020,Abaré,2023,18269,224239,12.27428978050249
290030,Acajutiba,2023,14200,186446,13.13
290035,Adustina,2023,14510,275494,18.98649207443143
290040,Água Fria,2023,14833,174798,11.784399649430325
290050,Érico Cardoso,2023,10947,102934,9.402941445144789
290060,Aiquara,2023,4583,75418,16.45603316604844
290070,Alagoinhas,2023,161196,5705227,35.3931052879724
290080,Alcobaça,2023,25601,439082,17.15097066520839
290090,Almadina,2023,5296,79711,15.051170694864048
290100,Amargosa,2023,38585,608765,15.777245043410652
290110,Amélia Rodrigues,2023,24830,521349,20.996737817156664
290115,América Dourada,2023,15572,198616,12.754687901361418
290120,Anagé,2023,26745,299895,11.21312394840157
290130,Andaraí,2023,13545,178408,13.171502399409377
290135,Andorinha,2023,15491,252206,16.28080821121942
290140,Angical,2023,14178,229298,16.17280293412329
290150,Anguera,2023,11490,118552,10.317841601392516
290160,Antas,2023,14984,197870,13.205419113721304
290170,Antônio Cardoso,2023,11498,138793,12.07105583579753
290180,Antônio Gonçalves,2023,11248,108500,9.646159317211948
290190,Aporá,2023,16361,191758,11.720432736385307
290195,Apuarema,2023,7101,90729,12.776932826362485
290200,Aracatu,2023,14440,174004,12.050138504155125
290205,Araçás,2023,11953,325622,27.241863967204885
290210,Araci,2023,50308,642812,12.777530412658027
290220,Aramari,2023,10106,138749,13.729368691866219
290225,Arataca,2023,10433,135073,12.946707562541935
290230,Aratuípe,2023,8993,107370,11.939286111419994
290240,Aurelino Leal,2023,11339,180021,15.876267748478702
290250,Baianópolis,2023,14138,362686,25.653274862073843
290260,Baixa Grande,2023,18628,226704,12.170066566459093
290265,Banzaê,2023,12288,152081,12.376383463541666
290270,Barra,2023,53642,558493,10.411487267439693
290280,Barra da Estiva,2023,27743,589439,21.246404498432035
290290,Barra do Choça,2023,38581,540750,14.015966408335709
290300,Barra do Mendes,2023,14376,143356,9.971897607122983
290310,Barra do Rocha,2023,5898,107927,18.29891488640217
290320,Barreiras,2023,171634,9499499,55.3474195089551
290323,Barro Alto,2023,13922,137538,9.879184025283724
290327,Barrocas,2023,15780,289668,18.356653992395437
290330,Barro Preto,2023,5936,112869,19.014319407008085
290340,Belmonte,2023,20527,432368,21.06337993861743
290350,Belo Campo,2023,19074,217596,11.407989933941492
290360,Biritinga,2023,15603,234654,15.039030955585464
290370,Boa Nova,2023,14008,144910,10.344802969731582
290380,Boa Vista do Tupim,2023,17262,187249,10.847468427760399
290390,Bom Jesus da Lapa,2023,68866,1554154,22.56779833299451
290395,Bom Jesus da Serra,2023,10018,92366,9.220003992812936
290400,Boninal,2023,14125,146376,10.362902654867257
290405,Bonito,2023,16425,265009,16.134490106544902
290410,Boquira,2023,19782,221071,11.175361439692649
290420,Botuporã,2023,11427,132225,11.571278550800734
290430,Brejões,2023,13224,168676,12.755293405928615
290440,Brejolândia,2023,9363,146903,15.689736195663784
290450,Brotas de Macaúbas,2023,12180,141253,11.59712643678161
290460,Brumado,2023,74368,1931839,25.97675075301205
290470,Buerarema,2023,14950,237932,15.915183946488295
290475,Buritirama,2023,20221,191820,9.486177736017012
290480,Caatiba,2023,6128,97532,15.91579634464752
290485,Cabaceiras do Paraguaçu,2023,17024,186028,10.927396616541353
290490,Cachoeira,2023,30498,521416,17.09672765427241
290500,Caculé,2023,23293,429993,18.460181170308676
290510,Caém,2023,10733,127401,11.870027019472655
290515,Caetanos,2023,11432,114113,9.981892932120363
290520,Caetité,2023,54730,1216743,22.231737621048786
290530,Cafarnaum,2023,18057,277214,15.35216259622307
290540,Cairu,2023,18578,1442325,77.63618258154807
290550,Caldeirão Grande,2023,13597,138755,10.204824593660366
290560,Camacan,2023,22485,470760,20.936624416277517
290570,Camaçari,2023,321636,27418878,85.248162519121
290580,Camamu,2023,31694,557662,17.595191518899476
290590,Campo Alegre de Lourdes,2023,32500,383421,11.79756923076923
290600,Campo Formoso,2023,75112,1617786,21.538316114602193
290610,Canápolis,2023,10641,110069,10.343858659900386
290620,Canarana,2023,25007,305656,12.222817611068901
290630,Canavieiras,2023,34392,510979,14.85749592928588
290640,Candeal,2023,7940,84961,10.700377833753148
290650,Candeias,2023,74854,5750026,76.81654954979025
290660,Candiba,2023,13417,170088,12.67705150182604
290670,Cândido Sales,2023,26469,289057,10.92058634629189
290680,Cansanção,2023,39725,510493,12.850673379483952
290682,Canudos,2023,16693,203667,12.200742826334391
290685,Capela do Alto Alegre,2023,11035,164342,14.892795650203897
290687,Capim Grosso,2023,35437,801016,22.603945029206763
290689,Caraíbas,2023,10259,123402,12.028657763914612
290690,Caravelas,2023,21384,413319,19.328423120089788
290700,Cardeal da Silva,2023,8633,140042,16.221707401830187
290710,Carinhanha,2023,30439,377035,12.386576431551628
290720,Casa Nova,2023,76131,1135276,14.912138287951032
290730,Castro Alves,2023,25470,431938,16.958696505692973
290740,Catolândia,2023,3567,93082,26.095318194561255
290750,Catu,2023,50109,928641,18.532419325869604
290755,Caturama,2023,9108,105134,11.543039086517348
290760,Central,2023,16847,180701,10.726004629904434
290770,Chorrochó,2023,10933,137581,12.584011707674014
290780,Cícero Dantas,2023,32292,503222,15.583488170444692
290790,Cipó,2023,17875,214616,12.00648951048951
290800,Coaraci,2023,17557,256643,14.61770234094663
290810,Cocos,2023,19865,733217,36.90999244903096
290820,Conceição da Feira,2023,21529,430602,20.0010218774676
290830,Conceição do Almeida,2023,16134,236507,14.658919052931697
290840,Conceição do Coité,2023,71601,1122063,15.671052080278209
290850,Conceição do Jacuípe,2023,37622,2634469,70.02469299877731
290860,Conde,2023,24460,365282,14.933851185609157
290870,Condeúba,2023,17567,203311,11.573461604144134
290880,Contendas do Sincorá,2023,4499,63627,14.14247610580129
290890,Coração de Maria,2023,28408,325844,11.470149253731343
290900,Cordeiros,2023,7748,79050,10.202632937532266
290910,Coribe,2023,14463,207786,14.366728894420245
290920,Coronel João Sá,2023,17598,258088,14.66575747244005
290930,Correntina,2023,34266,3806363,111.08279343956109
290940,Cotegipe,2023,13463,214457,15.929361954987744
290950,Cravolândia,2023,4491,57703,12.848586061010911
290960,Crisópolis,2023,20346,262120,12.883121989580262
290970,Cristópolis,2023,14549,218525,15.019932641418654
290980,Cruz das Almas,2023,63326,1279175,20.199838928718062
290990,Curaçá,2023,36127,499932,13.838181969164337
291000,Dário Meira,2023,11054,155287,14.04803690971594
291005,Dias d'Ávila,2023,75296,2377818,31.57960582235444
291010,Dom Basílio,2023,12329,177243,14.376105118014438
291020,Dom Macedo Costa,2023,4608,60840,13.203125
291030,Elísio Medrado,2023,8069,104130,12.904944850663032
291040,Encruzilhada,2023,19450,254828,13.101696658097687
291050,Entre Rios,2023,39890,790786,19.824166457758835
291060,Esplanada,2023,34163,810980,23.738547551444544
291070,Euclides da Cunha,2023,64768,959548,14.815155632411066
291072,Eunápolis,2023,121067,4264493,35.2242394707063
291075,Fátima,2023,18480,298891,16.17375541125541
291077,Feira da Mata,2023,5831,83140,14.258274738466815
291080,Feira de Santana,2023,660806,21846455,33.06031573563194
291085,Filadélfia,2023,18637,201628,10.818693995814778
291090,Firmino Alves,2023,4993,88592,17.74324053675145
291100,Floresta Azul,2023,11455,134079,11.704845045831515
291110,Formosa do Rio Preto,2023,27567,5334933,193.5260637719012
291120,Gandu,2023,34051,598643,17.58077589498106
291125,Gavião,2023,4489,64349,14.334818445087993
291130,Gentio do Ouro,2023,11276,563487,49.972241929762326
291140,Glória,2023,16107,297615,18.47737008753958
291150,Gongogi,2023,5479,91564,16.711808724219747
291160,Governador Mangabeira,2023,21353,284847,13.339905399709643
291165,Guajeru,2023,8177,86286,10.552280787574905
291170,Guanambi,2023,93488,2028013,21.692762707513264
291180,Guaratinga,2023,19413,318837,16.423891206923194
291185,Heliópolis,2023,13055,170531,13.062504787437764
291190,Iaçu,2023,25315,309737,12.23531503061426
291200,Ibiassucê,2023,10746,121230,11.28140703517588
291210,Ibicaraí,2023,22131,265632,12.002711129185306
291220,Ibicoara,2023,21827,517754,23.720804508177945
291230,Ibicuí,2023,14264,224503,15.739133482894
291240,Ibipeba,2023,17134,201181,11.741624839500409
291250,Ibipitanga,2023,14317,155050,10.82978277572117
291260,Ibiquera,2023,3833,48874,12.750847899817375
291270,Ibirapitanga,2023,26917,385351,14.3162685291823
291280,Ibirapuã,2023,9297,486182,52.2945036033129
291290,Ibirataia,2023,19377,274185,14.150023223409196
291300,Ibitiara,2023,15049,145140,9.644494650807363
291310,Ibititá,2023,17517,181670,10.371068105269167
291320,Ibotirama,2023,27723,544229,19.630956245716554
291330,Ichu,2023,6428,72148,11.224019912881145
291340,Igaporã,2023,16069,237186,14.76047047109341
291345,Igrapiúna,2023,13501,248015,18.370120731797645
291350,Iguaí,2023,21763,282578,12.984331204337638
291360,Ilhéus,2023,189149,7234381,38.2469957546696
291370,Inhambupe,2023,35390,728057,20.57239333144956
291380,Ipecaetá,2023,14016,141404,10.088755707762557
291390,Ipiaú,2023,42429,714938,16.85022036814443
291400,Ipirá,2023,59222,799164,13.494377089595083
291410,Ipupiara,2023,10349,138064,13.340805874963765
291420,Irajuba,2023,6232,81310,13.047175866495508
291430,Iramaia,2023,11038,128688,11.658633810472912
291440,Iraquara,2023,24833,695113,27.99150324165425
291450,Irará,2023,29572,385665,13.041559583389693
291460,Irecê,2023,78781,1963173,24.919371422043387
291465,Itabela,2023,29588,669663,22.63292551034203
291470,Itaberaba,2023,68425,1267187,18.519356960175376
291480,Itabuna,2023,196344,5152367,26.241530171535672
291490,Itacaré,2023,29496,563115,19.091232709519936
291500,Itaeté,2023,13775,151142,10.972196007259528
291510,Itagi,2023,14347,162850,11.350805046351153
291520,Itagibá,2023,15796,746823,47.27924791086351
291530,Itagimirim,2023,6490,153619,23.67010785824345
291535,Itaguaçu da Bahia,2023,12669,173901,13.726497750414397
291540,Itaju do Colônia,2023,6118,110197,18.01193200392285
291550,Itajuípe,2023,19191,382795,19.946589547183574
291560,Itamaraju,2023,61999,1395506,22.5085243310376
291570,Itamari,2023,7187,118906,16.544594406567413
291580,Itambé,2023,25088,403898,16.0992506377551
291590,Itanagra,2023,6078,110577,18.19299111549852
291600,Itanhém,2023,18203,341096,18.738449706092403
291610,Itaparica,2023,20353,298514,14.666830442686582
291620,Itapé,2023,10649,135712,12.744107427927505
291630,Itapebi,2023,9464,329116,34.77557058326289
291640,Itapetinga,2023,68724,1938472,28.206623595832607
291650,Itapicuru,2023,33284,534863,16.069673116211995
291660,Itapitanga,2023,10640,124199,11.672838345864662
291670,Itaquara,2023,8464,105758,12.495037807183365
291680,Itarantim,2023,17485,375540,21.477838146983128
291685,Itatim,2023,16454,513401,31.202200072930594
291690,Itiruçu,2023,11211,152011,13.55909374721256
291700,Itiúba,2023,35490,429678,12.107016060862215
291710,Itororó,2023,16849,281112,16.684194907709657
291720,Ituaçu,2023,18506,341991,18.480006484383445
291730,Ituberá,2023,22154,420873,18.997607655502392
291733,Iuiu,2023,11559,179353,15.516307639069124
291735,Jaborandi,2023,9600,1527845,159.15052083333333
291740,Jacaraci,2023,14910,150696,10.107042253521128
291750,Jacobina,2023,86896,2030142,23.362893573927455
291760,Jaguaquara,2023,47624,807069,16.946686544599363
291770,Jaguarari,2023,34528,805704,23.334800741427248
291780,Jaguaripe,2023,18349,261121,14.230802768543246
291790,Jandaíra,2023,9508,217807,22.90776188472865
291800,Jequié,2023,169201,3882707,22.947305275973545
291810,Jeremoabo,2023,39539,623856,15.778244265155921
291820,Jiquiriçá,2023,14063,195943,13.933229040745218
291830,Jitaúna,2023,14824,253023,17.068470048569885
291835,João Dourado,2023,25892,347835,13.434072300324425
291840,Juazeiro,2023,256122,6159604,24.049492038950188
291845,Jucuruçu,2023,9930,152424,15.349848942598188
291850,Jussara,2023,17007,151838,8.927970835538307
291855,Jussari,2023,6048,90404,14.947751322751323
291860,Jussiape,2023,7567,87228,11.527421699484604
291870,Lafaiete Coutinho,2023,4228,70953,16.781693472090822
291875,Lagoa Real,2023,14550,147332,10.125910652920963
291880,Laje,2023,21705,344541,15.873807878369039
291890,Lajedão,2023,3994,132126,33.081121682523786
291900,Lajedinho,2023,3610,66280,18.3601108033241
291905,Lajedo do Tabocal,2023,7683,102350,13.32161915918261
291910,Lamarão,2023,9303,83252,8.948941201762873
291915,Lapão,2023,27014,381812,14.133856518842082
291920,Lauro de Freitas,2023,219564,8918480,40.61904501648722
291930,Lençóis,2023,11194,210370,18.79310344827586
291940,Licínio de Almeida,2023,12202,165212,13.539747582363548
291950,Livramento de Nossa Senhora,2023,46376,705491,15.212415904778334
291955,Luís Eduardo Magalhães,2023,118382,11559024,97.64173607474109
291960,Macajuba,2023,10740,108592,10.110986964618249
291970,Macarani,2023,22768,269681,11.844738229093464
291980,Macaúbas,2023,43653,549586,12.589879275192999
291990,Macururé,2023,7435,80972,10.890652320107598
291992,Madre de Deus,2023,19224,710438,36.95578443612151
291995,Maetinga,2023,7218,81860,11.341091715156553
292000,Maiquinique,2023,9009,210896,23.40947940947941
292010,Mairi,2023,18130,211982,11.692333149476006
292020,Malhada,2023,15814,238293,15.068483622106994
292030,Malhada de Pedras,2023,8982,111365,12.398686261411711
292040,Manoel Vitorino,2023,14287,165432,11.579197872191504
292045,Mansidão,2023,14542,117787,8.099779947737588
292050,Maracás,2023,29330,692349,23.605489260143198
292060,Maragogipe,2023,37041,479212,12.937339704651603
292070,Maraú,2023,25804,434712,16.84669043559138
292080,Marcionílio Souza,2023,9475,119538,12.616147757255936
292090,Mascote,2023,13918,193317,13.889711165397328
292100,Mata de São João,2023,44962,1734857,38.58496063342378
292105,Matina,2023,10611,123261,11.616341532372067
292110,Medeiros Neto,2023,22801,505592,22.174115170387264
292120,Miguel Calmon,2023,25263,340200,13.46633416458853
292130,Milagres,2023,11436,181064,15.832808674361665
292140,Mirangaba,2023,16167,167191,10.34149811344096
292145,Mirante,2023,10526,102822,9.768383051491545
292150,Monte Santo,2023,49807,590805,11.861886883369808
292160,Morpará,2023,8220,102667,12.489902676399026
292170,Morro do Chapéu,2023,35235,1565321,44.42517383283667
292180,Mortugaba,2023,11477,132840,11.574453254334756
292190,Mucugê,2023,12712,599591,47.1673222152297
292200,Mucuri,2023,40114,3127407,77.96298050555916
292205,Mulungu do Morro,2023,13648,283456,20.76905041031653
292210,Mundo Novo,2023,17197,219477,12.762516718032215
292220,Muniz Ferreira,2023,7453,86329,11.58312089091641
292225,Muquém do São Francisco,2023,10803,266937,24.709525131907803
292230,Muritiba,2023,30180,375977,12.4578197481776
292240,Mutuípe,2023,20590,511682,24.85099562894609
292250,Nazaré,2023,28427,463721,16.312695676645443
292260,Nilo Peçanha,2023,12399,201028,16.213243003468023
292265,Nordestina,2023,19711,184562,9.363401146567906
292270,Nova Canaã,2023,13970,227966,16.318253400143163
292273,Nova Fátima,2023,8283,121799,14.704696366050948
292275,Nova Ibiá,2023,6696,127888,19.09916367980884
292280,Nova Itarana,2023,8073,89840,11.128452867583302
292285,Nova Redenção,2023,7670,93115,12.140156453715775
292290,Nova Soure,2023,24865,341842,13.74791876131108
292300,Nova Viçosa,2023,41629,699744,16.809051382449734
292303,Novo Horizonte,2023,11586,137372,11.856723631969619
292305,Novo Triunfo,2023,11060,130774,11.824050632911392
292310,Olindina,2023,22956,296049,12.89636696288552
292320,Oliveira dos Brejinhos,2023,21323,420124,19.70285607090935
292330,Ouriçangas,2023,7925,110003,13.8805047318612
292335,Ourolândia,2023,20141,318032,15.79027853631895
292340,Palmas de Monte Alto,2023,20666,291639,14.112019742572341
292350,Palmeiras,2023,10894,153919,14.128786487975033
292360,Paramirim,2023,21025,310453,14.76589774078478
292370,Paratinga,2023,30680,327813,10.684908735332463
292380,Paripiranga,2023,27860,559999,20.100466618808326
292390,Pau Brasil,2023,9537,135359,14.193037642864633
292400,Paulo Afonso,2023,119418,4258891,35.66372741127803
292405,Pé de Serra,2023,13677,166031,12.13943116180449
292410,Pedrão,2023,6403,68924,10.764329220677807
292420,Pedro Alexandre,2023,14226,178830,12.570645297342894
292430,Piatã,2023,20938,220692,10.540261725093131
292440,Pilão Arcado,2023,37388,367179,9.820771370493206
292450,Pindaí,2023,15125,285213,18.85705785123967
292460,Pindobaçu,2023,19601,215103,10.974082954951278
292465,Pintadas,2023,10654,132345,12.42209498779801
292467,Piraí do Norte,2023,11481,157001,13.674854106785123
292470,Piripá,2023,9143,92317,10.097014109154545
292480,Piritiba,2023,17697,218911,12.369949708990225
292490,Planaltino,2023,8239,88316,10.71926204636485
292500,Planalto,2023,24026,324874,13.521768084575044
292510,Poções,2023,50773,681871,13.429795363677545
292520,Pojuca,2023,33573,3036559,90.44645995293837
292525,Ponto Novo,2023,18763,246410,13.132761285508714
292530,Porto Seguro,2023,182630,5009894,27.43193341729179
292540,Potiraguá,2023,10651,151243,14.19988733452258
292550,Prado,2023,37533,776982,20.70130285348893
292560,Presidente Dutra,2023,15677,167733,10.6993047139121
292570,Presidente Jânio Quadros,2023,12963,122014,9.412481678623775
292575,Presidente Tancredo Neves,2023,29489,417933,14.172505001865103
292580,Queimadas,2023,27429,321603,11.724926173028546
292590,Quijingue,2023,26443,277904,10.509548840903074
292593,Quixabeira,2023,9839,117642,11.956702916963106
292595,Rafael Jambeiro,2023,20081,422266,21.028136049001542
292600,Remanso,2023,42855,573383,13.379605646949015
292610,Retirolândia,2023,14174,175548,12.385212360660365
292620,Riachão das Neves,2023,22329,1896806,84.94809440637735
292630,Riachão do Jacuípe,2023,35188,565913,16.082556553370466
292640,Riacho de Santana,2023,32060,406700,12.685589519650655
292650,Ribeira do Amparo,2023,14528,199747,13.749105176211454
292660,Ribeira do Pombal,2023,56316,918880,16.316499751402798
292665,Ribeirão do Largo,2023,10029,134074,13.368630970186459
292670,Rio de Contas,2023,13634,198436,14.554496112659528
292680,Rio do Antônio,2023,13495,143762,10.652982586143017
292690,Rio do Pires,2023,10781,119203,11.056766533716724
292700,Rio Real,2023,36966,1275892,34.51528431531678
292710,Rodelas,2023,10884,162518,14.931826534362367
292720,Ruy Barbosa,2023,29590,537946,18.179993240959785
292730,Salinas da Margarida,2023,15629,250081,16.001087721543286
292740,Salvador,2023,2564204,76698777,29.911339737399988
292750,Santa Bárbara,2023,21787,229692,10.542617157020242
292760,Santa Brígida,2023,15417,161580,10.480638256470131
292770,Santa Cruz Cabrália,2023,31007,649502,20.94694746347599
292780,Santa Cruz da Vitória,2023,4663,77737,16.67102723568518
292790,Santa Inês,2023,10625,113748,10.70569411764706
292800,Santaluz,2023,40066,678133,16.92539809314631
292805,Santa Luzia,2023,14392,165145,11.474777654252362
292810,Santa Maria da Vitória,2023,40474,696761,17.2150269308692
292820,Santana,2023,25521,426643,16.71733082559461
292830,Santanópolis,2023,9035,84482,9.350525733259547
292840,Santa Rita de Cássia,2023,28890,389400,13.47871235721703
292850,Santa Terezinha,2023,10882,165369,15.196563131777246
292860,Santo Amaro,2023,58398,1375771,23.55852940169184
292870,Santo Antônio de Jesus,2023,109791,3028414,27.583444908963394
292880,Santo Estêvão,2023,55146,1295366,23.48975446995249
292890,São Desidério,2023,34982,8525862,243.72139957692528
292895,São Domingos,2023,8690,109020,12.545454545454545
292900,São Félix,2023,11102,198066,17.840569266798774
292905,São Félix do Coribe,2023,15780,276484,17.521166032953104
292910,São Felipe,2023,20923,282891,13.52057544329207
292920,São Francisco do Conde,2023,41110,26505737,644.7515689613233
292925,São Gabriel,2023,19229,193553,10.065682042747932
292930,São Gonçalo dos Campos,2023,42171,1673386,39.68096559246876
292935,São José da Vitória,2023,5432,71407,13.14561855670103
292937,São José do Jacuípe,2023,10576,154211,14.581221633888049
292940,São Miguel das Matas,2023,10615,207568,19.554215732454075
292950,São Sebastião do Passé,2023,42944,957089,22.28690853204173
292960,Sapeaçu,2023,18656,343805,18.42865566037736
292970,Sátiro Dias,2023,16476,352993,21.42467831998058
292975,Saubara,2023,11859,179572,15.14225482755713
292980,Saúde,2023,10661,120918,11.342087984241628
292990,Seabra,2023,48721,861825,17.68898421625172
293000,Sebastião Laranjeiras,2023,9581,123933,12.93528859200501
293010,Senhor do Bonfim,2023,78090,1260522,16.14191317710334
293015,Serra do Ramalho,2023,36252,521086,14.373993158998124
293020,Sento Sé,2023,40232,1566194,38.92906144362696
293030,Serra Dourada,2023,17574,261412,14.874928872197565
293040,Serra Preta,2023,18754,175258,9.345099712061426
293050,Serrinha,2023,84690,1420689,16.77516826071555
293060,Serrolândia,2023,13863,153750,11.090673014499027
293070,Simões Filho,2023,120419,8508321,70.65596791204045
293075,Sítio do Mato,2023,13982,154008,11.014733228436562
293076,Sítio do Quinto,2023,14435,168209,11.652857637686179
293077,Sobradinho,2023,27097,908544,33.52932058899509
293080,Souto Soares,2023,17724,177203,9.997912435116227
293090,Tabocas do Brejo Velho,2023,12368,341963,27.64901358344114
293100,Tanhaçu,2023,21787,315577,14.48464680772938
293105,Tanque Novo,2023,17812,297435,16.698573995059512
293110,Tanquinho,2023,7991,83841,10.491928419471906
293120,Taperoá,2023,18556,254682,13.725048501832292
293130,Tapiramutá,2023,16226,174265,10.73986194995686
293135,Teixeira de Freitas,2023,153738,3670771,23.876796888212414
293140,Teodoro Sampaio,2023,7280,123381,16.94793956043956
293150,Teofilândia,2023,21825,238098,10.909415807560137
293160,Teolândia,2023,15978,279612,17.49981224183252
293170,Terra Nova,2023,10976,164871,15.021045918367347
293180,Tremedal,2023,16646,172959,10.390424125916136
293190,Tucano,2023,51016,823511,16.142210286968794
293200,Uauá,2023,25449,318312,12.50783920782742
293210,Ubaíra,2023,19142,305087,15.938094243025807
293220,Ubaitaba,2023,17878,316059,17.67865533057389
293230,Ubatã,2023,15839,264213,16.681166740324514
293240,Uibaí,2023,13886,177265,12.765735272936771
293245,Umburanas,2023,13785,238955,17.334421472615162
293250,Una,2023,18254,453711,24.855428947080092
293260,Urandi,2023,15776,232370,14.72933569979716
293270,Uruçuca,2023,22155,384146,17.339020537124803
293280,Utinga,2023,16645,297919,17.898407930309403
293290,Valença,2023,90053,2194454,24.368471899881182
293300,Valente,2023,25132,350571,13.949188285850708
293305,Várzea da Roça,2023,14294,152110,10.64152791380999
293310,Várzea do Poço,2023,8334,154661,18.557835373170146
293315,Várzea Nova,2023,13866,573060,41.32842925140632
293317,Varzedo,2023,10328,172935,16.744287374128582
293320,Vera Cruz,2023,45191,709330,15.696266955809785
293325,Vereda,2023,6157,116334,18.894591521845054
293330,Vitória da Conquista,2023,396613,12666571,31.936852801093256
293340,Wagner,2023,9866,115311,11.687715386174741
293345,Wanderley,2023,13460,230492,17.124219910846953
293350,Wenceslau Guimarães,2023,25535,424520,16.625024476209123
293360,Xique,2023,47019,780080,16.590739913651927
310010,Abadia dos Dourados,2023,6345,190397,30.007407407407406
310020,Abaeté,2023,23173,641971,27.703404824580332
310030,Abre Campo,2023,14354,331512,23.095443778737636
310040,Acaiaca,2023,3998,85066,21.27713856928464
310050,Açucena,2023,8926,172094,19.28008066323101
310060,Água Boa,2023,12391,235422,18.99943507384392
310070,Água Comprida,2023,2171,330940,152.4366651312759
310080,Aguanil,2023,4509,111494,24.72699046351741
310090,Águas Formosas,2023,18850,362826,19.248063660477452
310100,Águas Vermelhas,2023,14567,278390,19.111004324843826
310110,Aimorés,2023,26212,793376,30.26766366549672
310120,Aiuruoca,2023,6389,154422,24.169979652527783
310130,Alagoa,2023,2820,63840,22.638297872340427
310140,Albertina,2023,3027,90906,30.03171456888008
310150,Além Paraíba,2023,31159,1045759,33.562020603998846
310160,Alfenas,2023,82303,3669899,44.59009999635493
310163,Alfredo Vasconcelos,2023,7236,176964,24.456053067993366
310170,Almenara,2023,42019,813917,19.370213474856612
310180,Alpercata,2023,7019,112973,16.095312722610057
310190,Alpinópolis,2023,18673,618618,33.129009800246344
310200,Alterosa,2023,14272,332256,23.280269058295964
310205,Alto Caparaó,2023,6014,131678,21.895244429664118
310210,Alto Rio Doce,2023,10931,222897,20.39127252767359
310220,Alvarenga,2023,3983,64939,16.304042179261863
310230,Alvinópolis,2023,15358,402513,26.20868602682641
310240,Alvorada de Minas,2023,4359,95009,21.796054140857994
310250,Amparo do Serra,2023,4574,71597,15.653038915609969
310260,Andradas,2023,42501,1483245,34.899061198560034
310270,Cachoeira de Pajeú,2023,9347,146445,15.667593880389429
310280,Andrelândia,2023,12163,340782,28.01792320973444
310285,Angelândia,2023,7849,193853,24.697795897566568
310290,Antônio Carlos,2023,11350,412676,36.35911894273128
310300,Antônio Dias,2023,9375,535451,57.11477333333333
310310,Antônio Prado de Minas,2023,1552,35792,23.061855670103093
310320,Araçaí,2023,2222,75709,34.07245724572457
310330,Aracitaba,2023,2095,40166,19.17231503579952
310340,Araçuaí,2023,35185,1081893,30.748699729998577
310350,Araguari,2023,123432,6858534,55.565282908808086
310360,Arantina,2023,2998,77723,25.92494996664443
310370,Araponga,2023,8218,143377,17.446702360671697
310375,Araporã,2023,9069,1209045,133.316242143566
310380,Arapuá,2023,2668,249487,93.51086956521739
310390,Araújos,2023,9634,464947,48.2610545982977
310400,Araxá,2023,118786,8847240,74.48049433434916
310410,Arceburgo,2023,9335,460319,49.31108730583824
310420,Arcos,2023,43653,3058033,70.05321512839896
310430,Areado,2023,14229,380056,26.709958535385482
310440,Argirita,2023,2715,51372,18.921546961325966
310445,Aricanduva,2023,4820,86410,17.92738589211618
310450,Arinos,2023,17586,544568,30.96599567838053
310460,Astolfo Dutra,2023,14633,453516,30.99268776054124
310470,Ataléia,2023,13936,259696,18.634902411021812
310480,Augusto de Lima,2023,4572,113862,24.904199475065617
310490,Baependi,2023,18782,451940,24.06240017037589
310500,Baldim,2023,7595,132125,17.3963133640553
310510,Bambuí,2023,24203,861016,35.57476345907532
310520,Bandeira,2023,4811,66317,13.784452296819788
310530,Bandeira do Sul,2023,6183,113862,18.415332362930616
310540,Barão de Cocais,2023,32264,1547170,47.95344656583189
310550,Barão do Monte Alto,2023,4952,73841,14.911348949919224
310560,Barbacena,2023,129695,4108617,31.679070126065
310570,Barra Longa,2023,5717,101736,17.795347210075214
310590,Barroso,2023,20604,801810,38.91525917297612
310600,Bela Vista de Minas,2023,10427,407734,39.10367315622902
310610,Belmiro Braga,2023,3292,79258,24.075941676792223
310620,Belo Horizonte,2023,2415872,130197671,53.89261972488609
310630,Belo Oriente,2023,24546,2329754,94.91379450827019
310640,Belo Vale,2023,9012,268616,29.806480248557477
310650,Berilo,2023,9638,139373,14.460780244864079
310660,Bertópolis,2023,4546,62780,13.809942806863177
310665,Berizal,2023,4270,70041,16.40304449648712
310670,Betim,2023,431433,52614325,121.95248161359933
310680,Bias Fortes,2023,3367,51305,15.237600237600237
310690,Bicas,2023,14358,357491,24.89838417606909
310700,Biquinhas,2023,2397,75634,31.55360867751356
310710,Boa Esperança,2023,41443,1413664,34.11104408464638
310720,Bocaina de Minas,2023,5530,105938,19.156962025316457
310730,Bocaiúva,2023,49797,1435951,28.836094543848024
310740,Bom Despacho,2023,54377,2193212,40.33344980414513
310750,Bom Jardim de Minas,2023,6988,152445,21.815254722381226
310760,Bom Jesus da Penha,2023,4677,203053,43.415223433825105
310770,Bom Jesus do Amparo,2023,5786,178433,30.838748703767717
310780,Bom Jesus do Galho,2023,14719,221368,15.039608669067192
310790,Bom Repouso,2023,13312,209757,15.756986177884615
310800,Bom Sucesso,2023,17515,468363,26.74067941764202
310810,Bonfim,2023,7710,142868,18.53022049286641
310820,Bonfinópolis de Minas,2023,5600,473316,84.52071428571429
310825,Bonito de Minas,2023,10525,127474,12.111543942992874
310830,Borda da Mata,2023,17837,465206,26.08095531759825
310840,Botelhos,2023,15141,346227,22.866851595006935
310850,Botumirim,2023,5806,85707,14.761798139855323
310855,Brasilândia de Minas,2023,15485,466969,30.15621569260575
310860,Brasília de Minas,2023,33262,510728,15.354699055979797
310870,Brás Pires,2023,4296,60376,14.054003724394786
310880,Braúnas,2023,4445,224250,50.44994375703037
310890,Brazópolis,2023,14491,277926,19.17921468497688
310900,Brumadinho,2023,41090,2845330,69.24628863470431
310910,Bueno Brandão,2023,11168,256721,22.987195558739256
310920,Buenópolis,2023,9171,191748,20.90807981681387
310925,Bugre,2023,4159,56472,13.578264005770619
310930,Buritis,2023,24779,1446139,58.36147544291537
310940,Buritizeiro,2023,23908,852046,35.63853103563661
310945,Cabeceira Grande,2023,6811,529789,77.78431948318895
310950,Cabo Verde,2023,11269,320280,28.421332860058566
310960,Cachoeira da Prata,2023,3785,68105,17.99339498018494
310970,Cachoeira de Minas,2023,12302,609745,49.56470492602829
310980,Cachoeira Dourada,2023,2337,156900,67.13735558408216
310990,Caetanópolis,2023,11906,361894,30.395934822778433
311000,Caeté,2023,39775,1004131,25.245279698302955
311010,Caiana,2023,5484,103764,18.921225382932167
311020,Cajuri,2023,4191,128296,30.612264376043903
311030,Caldas,2023,14628,372574,25.469920700027345
311040,Camacho,2023,2851,89251,31.305156085584006
311050,Camanducaia,2023,27860,1318310,47.31909547738694
311060,Cambuí,2023,31066,2451443,78.9108028069272
311070,Cambuquira,2023,12551,455159,36.2647597800972
311080,Campanário,2023,2884,61167,21.209084604715674
311090,Campanha,2023,16372,561947,34.32366235035426
311100,Campestre,2023,21155,564549,26.68631529189317
311110,Campina Verde,2023,18188,677668,37.259071915548716
311115,Campo Azul,2023,3806,52497,13.793221229637414
311120,Campo Belo,2023,54027,1458096,26.9882836359598
311130,Campo do Meio,2023,11625,244375,21.021505376344088
311140,Campo Florido,2023,8931,1054872,118.11353711790393
311150,Campos Altos,2023,13076,524859,40.13910981951667
311160,Campos Gerais,2023,26749,841150,31.44603536580807
311170,Canaã,2023,4839,102039,21.08679479231246
311180,Canápolis,2023,10716,937761,87.51035834266517
311190,Cana Verde,2023,5342,95423,17.862785473605392
311200,Candeias,2023,14211,442692,31.15136162127929
311205,Cantagalo,2023,4029,63289,15.708364358401589
311210,Caparaó,2023,5138,129596,25.223043985986767
311220,Capela Nova,2023,4397,70184,15.961792130998408
311230,Capelinha,2023,41858,1111827,26.56187586602322
311240,Capetinga,2023,6627,233338,35.21020069413007
311250,Capim Branco,2023,11210,179521,16.014362176628012
311260,Capinópolis,2023,14872,861974,57.959521247982785
311265,Capitão Andrade,2023,4634,71144,15.352611135088477
311270,Capitão Enéas,2023,14403,580398,40.29702145386378
311280,Capitólio,2023,10991,443829,40.3811300154672
311290,Caputira,2023,9128,196872,21.56792287467134
311300,Caraí,2023,19511,273823,14.034288350161447
311310,Caranaíba,2023,2942,49306,16.759347382732834
311320,Carandaí,2023,24403,883369,36.19919682006311
311330,Carangola,2023,32134,780303,24.28278458953134
311340,Caratinga,2023,90890,2871549,31.59367367147101
311350,Carbonita,2023,8603,199922,23.23863768452865
311360,Careaçu,2023,7062,199576,28.260549419427925
311370,Carlos Chagas,2023,18783,629832,33.532023638396424
311380,Carmésia,2023,2693,45529,16.90642406238396
311390,Carmo da Cachoeira,2023,11767,367738,31.251635930993455
311400,Carmo da Mata,2023,11291,315082,27.905588521831547
311410,Carmo de Minas,2023,14125,330268,23.381805309734514
311420,Carmo do Cajuru,2023,24581,779793,31.72340425531915
311430,Carmo do Paranaíba,2023,29885,1195269,39.99561653003179
311440,Carmo do Rio Claro,2023,21506,843687,39.23030782107319
311450,Carmópolis de Minas,2023,18561,541381,29.16766338020581
311455,Carneirinho,2023,9633,684512,71.05906778781272
311460,Carrancas,2023,4161,174307,41.89065128574862
311470,Carvalhópolis,2023,3419,86224,25.21906990348055
311480,Carvalhos,2023,4503,103816,23.054852320675106
311490,Casa Grande,2023,2260,81954,36.26283185840708
311500,Cascalho Rico,2023,2751,101297,36.82188295165395
311510,Cássia,2023,17491,519892,29.723400606025955
311520,Conceição da Barra de Minas,2023,3576,87501,24.468959731543624
311530,Cataguases,2023,67732,2139616,31.589440737022382
311535,Catas Altas,2023,5706,1779684,311.8969505783386
311540,Catas Altas da Noruega,2023,3124,51640,16.53008962868118
311545,Catuji,2023,7248,109880,15.160044150110375
311547,Catuti,2023,4788,70828,14.79281537176274
311550,Caxambu,2023,21412,464911,21.712637773211284
311560,Cedro do Abaeté,2023,1084,27975,25.80719557195572
311570,Central de Minas,2023,6213,100034,16.100756478351844
311580,Centralina,2023,10447,448883,42.96764621422418
311590,Chácara,2023,3194,62304,19.50657482780213
311600,Chalé,2023,6289,139736,22.21911273652409
311610,Chapada do Norte,2023,9763,121416,12.43634128853836
311615,Chapada Gaúcha,2023,12904,581137,45.0354153750775
311620,Chiador,2023,2868,47110,16.426080892608088
311630,Cipotânea,2023,5549,80891,14.577581546224545
311640,Claraval,2023,4786,261983,54.739448391140826
311650,Claro dos Poções,2023,7230,113053,15.636652835408022
311660,Cláudio,2023,31936,1426310,44.66151052104208
311670,Coimbra,2023,7293,149609,20.514054572878102
311680,Coluna,2023,8206,134748,16.42066780404582
311690,Comendador Gomes,2023,2804,225390,80.38159771754636
311700,Comercinho,2023,6540,84176,12.870948012232416
311710,Conceição da Aparecida,2023,10705,325806,30.43493694535264
311720,Conceição das Pedras,2023,2840,78790,27.742957746478872
311730,Conceição das Alagoas,2023,30278,1782238,58.86247440385759
311740,Conceição de Ipanema,2023,4503,91447,20.30801687763713
311750,Conceição do Mato Dentro,2023,24559,3194401,130.0704833258683
311760,Conceição do Pará,2023,5584,313543,56.15025071633238
311770,Conceição do Rio Verde,2023,12765,352054,27.579631805718762
311780,Conceição dos Ouros,2023,11218,308533,27.503387413086113
311783,Cônego Marinho,2023,7433,78705,10.588591416655456
311787,Confins,2023,7758,1617017,208.43219902036608
311790,Congonhal,2023,11444,274057,23.947658161482
311800,Congonhas,2023,55272,7693794,139.1987624837169
311810,Congonhas do Norte,2023,4924,63889,12.97502030869212
311820,Conquista,2023,6878,671619,97.64742657749346
311830,Conselheiro Lafaiete,2023,138946,3482648,25.06475897111108
311840,Conselheiro Pena,2023,21052,500871,23.792086262587876
311850,Consolação,2023,1569,36259,23.109623964308476
311860,Contagem,2023,651718,45092393,69.19003771569912
311870,Coqueiral,2023,9188,279820,30.454941227688288
311880,Coração de Jesus,2023,26138,357956,13.694850409365674
311890,Cordisburgo,2023,7535,164132,21.782614465826146
311900,Cordislândia,2023,3236,131187,40.539864029666255
311910,Corinto,2023,23988,546844,22.79656494914124
311920,Coroaci,2023,11240,160041,14.238523131672597
311930,Coromandel,2023,30114,2051785,68.1339244205353
311940,Coronel Fabriciano,2023,108708,2387846,21.965687897854803
311950,Coronel Murta,2023,8237,116044,14.088138885516571
311960,Coronel Pacheco,2023,2789,72440,25.97346719254213
311970,Coronel Xavier Chaves,2023,3599,89841,24.96276743539872
311980,Córrego Danta,2023,2956,181310,61.336265223274694
311990,Córrego do Bom Jesus,2023,4462,65483,14.675705961452264
311995,Córrego Fundo,2023,6333,508108,80.23180167377231
312000,Córrego Novo,2023,2900,63742,21.98
312010,Couto de Magalhães de Minas,2023,4351,76758,17.641461732934957
312015,Crisólita,2023,5256,92302,17.561263318112633
312020,Cristais,2023,12634,343069,27.154424568624346
312030,Cristália,2023,5133,74447,14.50360413013832
312040,Cristiano Otoni,2023,4719,168668,35.74231828777283
312050,Cristina,2023,10643,316773,29.76350653011369
312060,Crucilândia,2023,5674,100692,17.746210786041594
312070,Cruzeiro da Fortaleza,2023,3616,183246,50.67643805309734
312080,Cruzília,2023,15831,421201,26.606089318425873
312083,Cuparaque,2023,3958,83623,21.127589691763518
312087,Curral de Dentro,2023,7662,94747,12.365831375619942
312090,Curvelo,2023,84297,2706326,32.104653783645915
312100,Datas,2023,5635,88055,15.626441881100266
312110,Delfim Moreira,2023,8133,141824,17.4380917250707
312120,Delfinópolis,2023,8851,355640,40.18077053440289
312125,Delta,2023,11143,708459,63.57883873283676
312130,Descoberto,2023,5070,116298,22.93846153846154
312140,Desterro de Entre Rios,2023,7941,249745,31.450069260798386
312150,Desterro do Melo,2023,3060,62041,20.27483660130719
312160,Diamantina,2023,49493,1201221,24.270523104277373
312170,Diogo de Vasconcelos,2023,3581,55355,15.457972633342642
312180,Dionísio,2023,6689,104803,15.667962326207206
312190,Divinésia,2023,4481,87003,19.415978576210666
312200,Divino,2023,21428,442810,20.665017733806234
312210,Divino das Laranjeiras,2023,4147,70321,16.957077405353267
312220,Divinolândia de Minas,2023,6583,91614,13.91675527874829
312230,Divinópolis,2023,243583,9339332,38.34147703246943
312235,Divisa Alegre,2023,6541,216686,33.12735055801865
312240,Divisa Nova,2023,6002,157089,26.172775741419528
312245,Divisópolis,2023,10659,118503,11.117647058823529
312247,Dom Bosco,2023,3763,85437,22.704491097528567
312250,Dom Cavati,2023,4967,85391,17.191664988926917
312260,Dom Joaquim,2023,5074,81864,16.134016554986204
312270,Dom Silvério,2023,5355,128826,24.057142857142857
312280,Dom Viçoso,2023,3184,50704,15.924623115577889
312290,Dona Euzébia,2023,6250,126627,20.26032
312300,Dores de Campos,2023,10359,485977,46.91350516459118
312310,Dores de Guanhães,2023,5114,190470,37.24481814626515
312320,Dores do Indaiá,2023,12730,398845,31.33110761979576
312330,Dores do Turvo,2023,5192,76798,14.791602465331279
312340,Doresópolis,2023,1498,134727,89.93791722296395
312350,Douradoquara,2023,1869,88741,47.480470840021404
312352,Durandé,2023,8065,154213,19.121264724116553
312360,Elói Mendes,2023,27429,948342,34.57442852455431
312370,Engenheiro Caldas,2023,14501,188885,13.025653403213571
312380,Engenheiro Navarro,2023,6373,116459,18.273811391809193
312385,Entre Folhas,2023,5295,82275,15.538243626062323
312390,Entre Rios de Minas,2023,15157,417307,27.532295309098107
312400,Ervália,2023,21091,576909,27.353326063249728
312410,Esmeraldas,2023,93103,1314691,14.120823174333802
312420,Espera Feliz,2023,24844,570799,22.975326034454998
312430,Espinosa,2023,31375,472197,15.05010358565737
312440,Espírito Santo do Dourado,2023,7132,151056,21.18003365114975
312450,Estiva,2023,11880,572584,48.1973063973064
312460,Estrela Dalva,2023,2189,51736,23.634536317953405
312470,Estrela do Indaiá,2023,2711,163896,60.45592032460347
312480,Estrela do Sul,2023,6897,458303,66.44961577497463
312490,Eugenópolis,2023,11096,243155,21.913752703677
312500,Ewbank da Câmara,2023,3986,71576,17.9568489713999
312510,Extrema,2023,59336,20204999,340.51838681407577
312520,Fama,2023,2676,68126,25.45814648729447
312530,Faria Lemos,2023,3230,79466,24.602476780185757
312540,Felício dos Santos,2023,5251,90314,17.199390592268138
312550,São Gonçalo do Rio Preto,2023,3099,59522,19.206840916424653
312560,Felisburgo,2023,6575,91368,13.896273764258556
312570,Felixlândia,2023,14280,315867,22.11953781512605
312580,Fernandes Tourinho,2023,2814,55720,19.800995024875622
312590,Ferros,2023,9603,163549,17.0310319691763
312595,Fervedouro,2023,10705,184762,17.259411489957962
312600,Florestal,2023,8469,182909,21.59747313732436
312610,Formiga,2023,70897,2969264,41.881377209190795
312620,Formoso,2023,8095,536208,66.23940704138357
312630,Fortaleza de Minas,2023,3453,98575,28.547639733565017
312640,Fortuna de Minas,2023,3230,70961,21.96934984520124
312650,Francisco Badaró,2023,7053,91212,12.93236920459379
312660,Francisco Dumont,2023,4547,106412,23.402683087750166
312670,Francisco Sá,2023,23753,532918,22.435818633435776
312675,Franciscópolis,2023,5023,95098,18.932510451921164
312680,Frei Gaspar,2023,5731,91083,15.893037864247077
312690,Frei Inocêncio,2023,8301,173509,20.90218046018552
312695,Frei Lagonegro,2023,3481,50933,14.63171502441827
312700,Fronteira,2023,14946,1090434,72.95824969891609
312705,Fronteira dos Vales,2023,4389,57796,13.168375484164958
312707,Fruta de Leite,2023,4538,57437,12.65689731159101
312710,Frutal,2023,61275,4026769,65.7163443492452
312720,Funilândia,2023,4934,111148,22.526955816781516
312730,Galiléia,2023,6244,126802,20.307815502882768
312733,Gameleiras,2023,4847,74869,15.446461728904477
312735,Glaucilândia,2023,2991,55390,18.518890003343362
312737,Goiabeira,2023,2859,57042,19.951731374606506
312738,Goianá,2023,4214,104454,24.78737541528239
312740,Gonçalves,2023,4922,124200,25.233644859813083
312750,Gonzaga,2023,5235,92850,17.736389684813755
312760,Gouveia,2023,11536,205957,17.853415395284326
312770,Governador Valadares,2023,266561,8612266,32.308799861945296
312780,Grão Mogol,2023,14037,817459,58.236019092398664
312790,Grupiara,2023,1428,51558,36.10504201680672
312800,Guanhães,2023,33517,1284432,38.32180684428797
312810,Guapé,2023,14076,499822,35.50880932082978
312820,Guaraciaba,2023,9901,132454,13.377840622159377
312825,Guaraciama,2023,5224,83745,16.03081929555896
312830,Guaranésia,2023,19646,811249,41.2933421561641
312840,Guarani,2023,7731,226180,29.25624110723063
312850,Guarará,2023,3091,72283,23.384988676803623
312860,Guarda,2023,6687,889875,133.07537012113056
312870,Guaxupé,2023,52744,2431560,46.10116790535417
312880,Guidoval,2023,7285,134343,18.441043239533286
312890,Guimarânia,2023,8880,359324,40.464414414414414
312900,Guiricema,2023,7803,135880,17.41381519928233
312910,Gurinhatã,2023,5154,238368,46.249126891734576
312920,Heliodora,2023,6278,156943,24.99888499522141
312930,Iapu,2023,12583,206569,16.416514344750855
312940,Ibertioga,2023,5346,120875,22.610362888140667
312950,Ibiá,2023,22554,1701475,75.44005497916112
312960,Ibiaí,2023,6172,123724,20.04601425793908
312965,Ibiracatu,2023,5113,62188,12.162722472129865
312970,Ibiraci,2023,10996,895829,81.46862495452892
312980,Ibirité,2023,179582,3235632,18.017574144402
312990,Ibitiúra de Minas,2023,3440,75924,22.07093023255814
313000,Ibituruna,2023,2733,72846,26.65422612513721
313005,Icaraí de Minas,2023,10914,126584,11.598314091991936
313010,Igarapé,2023,49120,1401824,28.538762214983713
313020,Igaratinga,2023,11345,831527,73.29457910973997
313030,Iguatama,2023,6782,569669,83.99719846652904
313040,Ijaci,2023,7358,601865,81.79736341397118
313050,Ilicínea,2023,13248,314565,23.74433876811594
313055,Imbé de Minas,2023,7244,129945,17.938293760353396
313060,Inconfidentes,2023,7537,175313,23.260315775507497
313065,Indaiabira,2023,6328,96825,15.301042983565107
313070,Indianópolis,2023,6311,2150117,340.6935509427983
313080,Ingaí,2023,2632,163203,62.007218844984806
313090,Inhapim,2023,22925,543260,23.697273718647764
313100,Inhaúma,2023,6465,157760,24.40216550657386
313110,Inimutaba,2023,7615,109322,14.356139198949442
313115,Ipaba,2023,17587,225485,12.821117871154831
313120,Ipanema,2023,20181,423411,20.98067489222536
313130,Ipatinga,2023,235311,16870239,71.6933717505769
313140,Ipiaçu,2023,3807,230521,60.551878119254006
313150,Ipuiúna,2023,9283,223413,24.066896477431865
313160,Iraí de Minas,2023,7467,455214,60.9634391321816
313170,Itabira,2023,118053,7434200,62.97341024793948
313180,Itabirinha,2023,10548,182487,17.300625711035266
313190,Itabirito,2023,56369,7160444,127.02804733097979
313200,Itacambira,2023,4227,72423,17.133427963094395
313210,Itacarambi,2023,17502,292850,16.732373443035083
313220,Itaguara,2023,14415,466010,32.3281304197017
313230,Itaipé,2023,10482,143639,13.703396298416333
313240,Itajubá,2023,96855,4497959,46.440132156316146
313250,Itamarandiba,2023,34210,669900,19.581993569131832
313260,Itamarati de Minas,2023,3710,73660,19.8544474393531
313270,Itambacuri,2023,21210,415055,19.568835454974067
313280,Itambé do Mato Dentro,2023,2168,43138,19.89760147601476
313290,Itamogi,2023,11092,348467,31.416065632888568
313300,Itamonte,2023,15245,1087903,71.36129878648737
313310,Itanhandu,2023,15751,649276,41.221255793282964
313320,Itanhomi,2023,11264,178778,15.871626420454545
313330,Itaobim,2023,19263,375952,19.516793853501532
313340,Itapagipe,2023,14014,714872,51.01127443984587
313350,Itapecerica,2023,21456,665952,31.038031319910516
313360,Itapeva,2023,13561,1698907,125.27888798761153
313370,Itatiaiuçu,2023,13779,2434575,176.6873503156978
313375,Itaú de Minas,2023,14634,899163,61.44341943419434
313380,Itaúna,2023,103272,4975969,48.18313773336432
313390,Itaverava,2023,5747,83986,14.61388550548112
313400,Itinga,2023,13954,283613,20.32485308872008
313410,Itueta,2023,6234,163923,26.294995187680463
313420,Ituiutaba,2023,106775,4975265,46.59578553032077
313430,Itumirim,2023,6876,110967,16.138307155322863
313440,Iturama,2023,40259,2864935,71.16259718323853
313450,Itutinga,2023,4366,221742,50.78836463582226
313460,Jaboticatubas,2023,21407,373789,17.46106413789882
313470,Jacinto,2023,11115,159690,14.367071524966262
313480,Jacuí,2023,7668,186299,24.29564423578508
313490,Jacutinga,2023,26888,1708890,63.555861350788454
313500,Jaguaraçu,2023,3181,157329,49.45897516504244
313505,Jaíba,2023,39639,969914,24.468679835515527
313507,Jampruca,2023,4266,84853,19.890529770276604
313510,Janaúba,2023,73555,1965161,26.716892121541704
313520,Januária,2023,67123,1040489,15.50122908690017
313530,Japaraíba,2023,4706,126375,26.85401614959626
313535,Japonvar,2023,8385,100136,11.942277877161597
313540,Jeceaba,2023,6476,1689755,260.9257257566399
313545,Jenipapo de Minas,2023,6072,87874,14.472002635046113
313550,Jequeri,2023,12636,245642,19.43985438429883
313560,Jequitaí,2023,6379,157284,24.656529236557454
313570,Jequitibá,2023,6142,161753,26.335558450016283
313580,Jequitinhonha,2023,24516,383948,15.661119269048784
313590,Jesuânia,2023,5320,113093,21.258082706766917
313600,Joaíma,2023,14035,211126,15.042821517634485
313610,Joanésia,2023,4246,120064,28.2769665567593
313620,João Monlevade,2023,83791,4286349,51.15524340322946
313630,João Pinheiro,2023,48725,2562732,52.59583376090303
313640,Joaquim Felício,2023,3868,83620,21.618407445708378
313650,Jordânia,2023,10541,129429,12.278626316288777
313652,José Gonçalves de Minas,2023,3963,62251,15.708049457481705
313655,José Raydan,2023,4349,113810,26.16923430673718
313657,Josenópolis,2023,3557,59635,16.76553275231937
313660,Nova União,2023,6107,147089,24.085311937121336
313665,Juatuba,2023,33249,2124349,63.89211705615207
313670,Juiz de Fora,2023,567730,23271627,40.990659292269214
313680,Juramento,2023,3798,63719,16.776987888362296
313690,Juruaia,2023,11652,303328,26.03226913834535
313695,Juvenília,2023,5937,89871,15.13744315310763
313700,Ladainha,2023,14263,168094,11.785318656664096
313710,Lagamar,2023,6622,265409,40.079885231048024
313720,Lagoa da Prata,2023,53927,2471545,45.83130899178519
313730,Lagoa dos Patos,2023,3237,65868,20.34847080630213
313740,Lagoa Dourada,2023,13152,376999,28.664765815085158
313750,Lagoa Formosa,2023,19614,713683,36.38640766799225
313753,Lagoa Grande,2023,9235,312254,33.81201949106659
313760,Lagoa Santa,2023,81299,2825380,34.75294899076249
313770,Lajinha,2023,21502,508139,23.632173751278952
313780,Lambari,2023,21010,538928,25.65102332222751
313790,Lamim,2023,3213,66918,20.827264239028946
313800,Laranjal,2023,6018,116195,19.307909604519775
313810,Lassance,2023,7398,231342,31.27088402270884
313820,Lavras,2023,110682,3916682,35.38680182866229
313830,Leandro Ferreira,2023,3272,67066,20.496943765281173
313835,Leme do Prado,2023,4364,73646,16.875802016498625
313840,Leopoldina,2023,52739,1344583,25.49504162005347
313850,Liberdade,2023,4744,117803,24.83199831365936
313860,Lima Duarte,2023,17782,432497,24.322179732313575
313862,Limeira do Oeste,2023,9191,775261,84.35001632031334
313865,Lontra,2023,8963,110763,12.357804306593774
313867,Luisburgo,2023,7239,155370,21.462909241607957
313868,Luislândia,2023,6323,82468,13.042543096631347
313870,Luminárias,2023,5744,166134,28.923050139275766
313880,Luz,2023,18336,863686,47.10329406631762
313890,Machacalis,2023,6556,136850,20.874008541793778
313900,Machado,2023,38809,1406358,36.23793449972944
313910,Madre de Deus de Minas,2023,5360,408511,76.21473880597014
313920,Malacacheta,2023,17691,272762,15.418122209032841
313925,Mamonas,2023,6082,79983,13.150772772114436
313930,Manga,2023,19148,315779,16.491487361604346
313940,Manhuaçu,2023,97328,3710638,38.12508219628473
313950,Manhumirim,2023,20939,587887,28.076173647261093
313960,Mantena,2023,27350,610897,22.336270566727606
313970,Maravilhas,2023,7532,243502,32.32899628252788
313980,Mar de Espanha,2023,13180,288911,21.92040971168437
313990,Maria da Fé,2023,14567,273430,18.77050868401181
314000,Mariana,2023,64506,4656946,72.19399745760084
314010,Marilac,2023,4323,75214,17.39856581077955
314015,Mário Campos,2023,16705,240477,14.395510326249626
314020,Maripá de Minas,2023,3567,111015,31.122792262405383
314030,Marliéria,2023,4796,67779,14.132402001668057
314040,Marmelópolis,2023,3314,61730,18.627036813518405
314050,Martinho Campos,2023,14546,584258,40.166231266327515
314053,Martins Soares,2023,8797,298805,33.96669319086052
314055,Mata Verde,2023,9532,112644,11.817456986991187
314060,Materlândia,2023,3949,76740,19.43276778931375
314070,Mateus Leme,2023,40814,1095994,26.853383642867644
314080,Matias Barbosa,2023,14547,879159,60.43575995050526
314085,Matias Cardoso,2023,8922,200579,22.48139430620937
314090,Matipó,2023,19115,482096,25.220821344493853
314100,Mato Verde,2023,12210,229089,18.762407862407862
314110,Matozinhos,2023,39529,1895426,47.95026436287283
314120,Matutina,2023,3912,128623,32.8790899795501
314130,Medeiros,2023,4068,273185,67.15462143559489
314140,Medina,2023,20455,330715,16.16792960156441
314150,Mendes Pimentel,2023,5614,98141,17.481474884218027
314160,Mercês,2023,10615,189388,17.841544983513895
314170,Mesquita,2023,4984,73562,14.759630818619582
314180,Minas Novas,2023,23843,412128,17.285073187098938
314190,Minduri,2023,3811,199019,52.222251377591185
314200,Mirabela,2023,14071,193762,13.77030772510838
314210,Miradouro,2023,8961,206069,22.996205780604843
314220,Miraí,2023,13921,368817,26.493570864162056
314225,Miravânia,2023,3982,57919,14.545203415369162
314230,Moeda,2023,5314,104132,19.59578471960858
314240,Moema,2023,7812,160124,20.497183819764466
314250,Monjolos,2023,2187,41815,19.119798811156837
314260,Monsenhor Paulo,2023,8565,280175,32.71161704611792
314270,Montalvânia,2023,14068,206964,14.711686096104634
314280,Monte Alegre de Minas,2023,20708,903721,43.64115317751594
314290,Monte Azul,2023,20497,325958,15.902717470849392
314300,Monte Belo,2023,13347,486081,36.41874578556979
314310,Monte Carmelo,2023,49500,1957161,39.538606060606064
314315,Monte Formoso,2023,4437,52678,11.87243633085418
314320,Monte Santo de Minas,2023,21294,632535,29.704846435615668
314330,Montes Claros,2023,437601,13326239,30.45294457736614
314340,Monte Sião,2023,25107,723678,28.823754331461345
314345,Montezuma,2023,6951,104692,15.061430010070493
314350,Morada Nova de Minas,2023,9414,570683,60.62067134055662
314360,Morro da Garça,2023,2426,62850,25.90684253915911
314370,Morro do Pilar,2023,3161,56083,17.742170199304017
314380,Munhoz,2023,7930,159929,20.167591424968474
314390,Muriaé,2023,108447,3211391,29.612538843859213
314400,Mutum,2023,28749,662869,23.057115030088003
314410,Muzambinho,2023,22620,742833,32.83965517241379
314420,Nacip Raydan,2023,2400,40636,16.93166666666667
314430,Nanuque,2023,35263,1074889,30.482063352522474
314435,Naque,2023,6443,108081,16.774949557659475
314437,Natalândia,2023,3642,92799,25.480230642504118
314440,Natércia,2023,4805,133965,27.880332986472425
314450,Nazareno,2023,8407,826959,98.36552872606161
314460,Nepomuceno,2023,25757,757417,29.406258492836898
314465,Ninheira,2023,10965,166816,15.213497492020064
314467,Nova Belém,2023,3126,133538,42.718490083173386
314470,Nova Era,2023,17813,480775,26.99011957559086
314480,Nova Lima,2023,120959,12447551,102.90719169305302
314490,Nova Módica,2023,3726,71916,19.30112721417069
314500,Nova Ponte,2023,15220,1581648,103.91905387647832
314505,Nova Porteirinha,2023,6746,158901,23.55484731692855
314510,Nova Resende,2023,16919,492956,29.136237366274603
314520,Nova Serrana,2023,114791,3936358,34.291521112282325
314530,Novo Cruzeiro,2023,27268,416700,15.281648819128648
314535,Novo Oriente de Minas,2023,10503,150989,14.375797391221555
314537,Novorizonte,2023,4612,92594,20.07675628794449
314540,Olaria,2023,1986,44676,22.49546827794562
314545,Olhos,2023,5530,204857,37.044665461121156
314550,Olímpio Noronha,2023,2618,55156,21.067990832696715
314560,Oliveira,2023,40576,1463237,36.06163742113565
314570,Oliveira Fortes,2023,2058,44412,21.580174927113703
314580,Onça de Pitangui,2023,3024,82367,27.23776455026455
314585,Oratórios,2023,5102,84109,16.485495883967072
314587,Orizânia,2023,8828,146988,16.650203896692343
314590,Ouro Branco,2023,40638,4310767,106.07724297455583
314600,Ouro Fino,2023,33285,1223791,36.76704221120625
314610,Ouro Preto,2023,77914,6765810,86.83689709166516
314620,Ouro Verde de Minas,2023,5847,87363,14.941508465879938
314625,Padre Carvalho,2023,5045,68448,13.567492566897918
314630,Padre Paraíso,2023,17463,254681,14.584034816469106
314640,Paineiras,2023,4253,98947,23.26522454737832
314650,Pains,2023,8353,676496,80.98838740572249
314655,Pai Pedro,2023,5616,73623,13.109508547008547
314660,Paiva,2023,1495,33859,22.648160535117057
314670,Palma,2023,5699,114459,20.08404983330409
314675,Palmópolis,2023,6342,82988,13.085461999369285
314690,Papagaios,2023,14202,378421,26.64561329390227
314700,Paracatu,2023,99005,6798922,68.67251148931872
314710,Pará de Minas,2023,102844,5161430,50.18698222550659
314720,Paraguaçu,2023,22452,801200,35.685016924995544
314730,Paraisópolis,2023,21076,769516,36.511482254697285
314740,Paraopeba,2023,24899,1108133,44.505120687577815
314750,Passabém,2023,1609,30002,18.64636420136731
314760,Passa Quatro,2023,15847,739447,46.66163942702089
314770,Passa Tempo,2023,8716,310555,35.63044974759064
314780,Passa Vinte,2023,2311,47565,20.581999134573778
314790,Passos,2023,116951,4080106,34.88731178014724
314795,Patis,2023,4825,61642,12.775544041450777
314800,Patos de Minas,2023,169173,8151369,48.18362859321523
314810,Patrocínio,2023,94357,4895785,51.88576364233708
314820,Patrocínio do Muriaé,2023,5754,152118,26.43691345151199
314830,Paula Cândido,2023,8757,143373,16.37238780404248
314840,Paulistas,2023,4402,80481,18.282825988187188
314850,Pavão,2023,8143,111033,13.635392361537518
314860,Peçanha,2023,17863,293485,16.429771035100487
314870,Pedra Azul,2023,25045,428870,17.123976841684968
314875,Pedra Bonita,2023,7599,124988,16.447953678115542
314880,Pedra do Anta,2023,3366,65218,19.375519904931668
314890,Pedra do Indaiá,2023,4247,133810,31.50694607958559
314900,Pedra Dourada,2023,2916,65492,22.459533607681756
314910,Pedralva,2023,10891,221497,20.33761821687632
314915,Pedras de Maria da Cruz,2023,10601,132256,12.47580416941798
314920,Pedrinópolis,2023,3398,333527,98.1539140670983
314930,Pedro Leopoldo,2023,65174,2514377,38.57944885997484
314940,Pedro Teixeira,2023,1857,37357,20.116855142703283
314950,Pequeri,2023,3461,78666,22.729268997399597
314960,Pequi,2023,4265,103925,24.36694021101993
314970,Perdigão,2023,13118,378766,28.873761244092087
314980,Perdizes,2023,17992,2577884,143.27945753668297
314990,Perdões,2023,22075,811684,36.76937712344281
314995,Periquito,2023,6624,119988,18.11413043478261
315000,Pescador,2023,3559,57197,16.071087384096657
315010,Piau,2023,2854,114475,40.110371408549405
315015,Piedade de Caratinga,2023,8966,214395,23.91200089225965
315020,Piedade de Ponte Nova,2023,4054,76207,18.797977306364086
315030,Piedade do Rio Grande,2023,4694,135158,28.793779292714103
315040,Piedade dos Gerais,2023,5199,128442,24.705135603000578
315050,Pimenta,2023,8817,314466,35.66587274583192
315053,Pingo,2023,4864,70142,14.420641447368421
315057,Pintópolis,2023,7228,94230,13.036801328168234
315060,Piracema,2023,6905,248565,35.99782766111513
315070,Pirajuba,2023,5814,639003,109.90763673890609
315080,Piranga,2023,17358,253176,14.585551330798479
315090,Piranguçu,2023,6320,118615,18.768196202531644
315100,Piranguinho,2023,9518,171573,18.02616095818449
315110,Pirapetinga,2023,11454,707928,61.806181246726034
315120,Pirapora,2023,57713,3361259,58.240933585154124
315130,Piraúba,2023,12006,246401,20.523155089122106
315140,Pitangui,2023,27834,702867,25.252101746065964
315150,Piumhi,2023,38007,1568574,41.27066066777173
315160,Planura,2023,11533,843201,73.11202635914333
315170,Poço Fundo,2023,16824,548879,32.62476224441274
315180,Poços de Caldas,2023,172339,10732908,62.277882545448215
315190,Pocrane,2023,8438,151974,18.010666034605357
315200,Pompéu,2023,32441,1229908,37.91214820751518
315210,Ponte Nova,2023,59638,2594059,43.49674704047755
315213,Ponto Chique,2023,3797,63931,16.83723992625757
315217,Ponto dos Volantes,2023,11059,149416,13.510805678632789
315220,Porteirinha,2023,38692,625525,16.166778662255762
315230,Porto Firme,2023,10840,151759,13.99990774907749
315240,Poté,2023,13649,213766,15.661660194886073
315250,Pouso Alegre,2023,162133,14201206,87.58985524230107
315260,Pouso Alto,2023,6779,542609,80.04263165658652
315270,Prados,2023,9369,257819,27.518305048564415
315280,Prata,2023,29745,1702675,57.24239367961002
315290,Pratápolis,2023,8534,249604,29.248183735645654
315300,Pratinha,2023,3691,230172,62.36033595231645
315310,Presidente Bernardes,2023,4847,80596,16.628017330307408
315320,Presidente Juscelino,2023,3471,62647,18.04868913857678
315330,Presidente Kubitschek,2023,3162,45373,14.349462365591398
315340,Presidente Olegário,2023,19192,904883,47.14896832013339
315350,Alto Jequitibá,2023,8606,160653,18.66755751801069
315360,Prudente de Morais,2023,12052,333022,27.632094258214405
315370,Quartel Geral,2023,3232,89894,27.813737623762375
315380,Queluzito,2023,1796,51169,28.49053452115813
315390,Raposos,2023,16796,232669,13.852643486544416
315400,Raul Soares,2023,23874,497923,20.85628717433191
315410,Recreio,2023,11383,152511,13.398137573574628
315415,Reduto,2023,8246,131257,15.917657045840407
315420,Resende Costa,2023,11544,243888,21.126819126819125
315430,Resplendor,2023,17629,376309,21.346020761245676
315440,Ressaquinha,2023,4640,507032,109.27413793103449
315445,Riachinho,2023,6830,187878,27.507759882869692
315450,Riacho dos Machados,2023,8858,301730,34.06299390381576
315460,Ribeirão das Neves,2023,346971,6336695,18.262895169913335
315470,Ribeirão Vermelho,2023,4217,132863,31.506521223618687
315480,Rio Acima,2023,10698,260362,24.33744625163582
315490,Rio Casca,2023,12851,277814,21.61808419578243
315500,Rio Doce,2023,2545,107641,42.2950884086444
315510,Rio do Prado,2023,4649,68107,14.649817164981716
315520,Rio Espera,2023,5447,75489,13.858821369561227
315530,Rio Manso,2023,5746,138279,24.065262791507134
315540,Rio Novo,2023,8683,143556,16.532995508464815
315550,Rio Paranaíba,2023,15297,1148101,75.05399751585279
315560,Rio Pardo de Minas,2023,29103,404312,13.892450950073876
315570,Rio Piracicaba,2023,15036,270261,17.974261771747805
315580,Rio Pomba,2023,17885,574081,32.09846239865809
315590,Rio Preto,2023,5235,82690,15.795606494746895
315600,Rio Vermelho,2023,12770,177450,13.89584964761159
315610,Ritápolis,2023,5122,124811,24.36762983209684
315620,Rochedo de Minas,2023,2374,187591,79.0189553496209
315630,Rodeiro,2023,9168,704898,76.88678010471205
315640,Romaria,2023,3430,288148,84.00816326530612
315645,Rosário da Limeira,2023,4926,90798,18.43239951278928
315650,Rubelita,2023,5460,85775,15.70970695970696
315660,Rubim,2023,10602,139214,13.130918694585928
315670,Sabará,2023,134576,3837192,28.513197003923434
315680,Sabinópolis,2023,14309,415038,29.005381228597386
315690,Sacramento,2023,28076,2387150,85.02457615044878
315700,Salinas,2023,41736,903694,21.652626030285603
315710,Salto da Divisa,2023,6126,118710,19.378060724779626
315720,Santa Bárbara,2023,31916,1019088,31.930317082341144
315725,Santa Bárbara do Leste,2023,8785,153222,17.441320432555493
315727,Santa Bárbara do Monte Verde,2023,3218,71438,22.19950279676818
315730,Santa Bárbara do Tugúrio,2023,4245,78007,18.37620730270907
315733,Santa Cruz de Minas,2023,8339,154995,18.586761002518287
315737,Santa Cruz de Salinas,2023,3919,59169,15.097984179637663
315740,Santa Cruz do Escalvado,2023,4728,90331,19.105541455160743
315750,Santa Efigênia de Minas,2023,4038,58652,14.525012382367509
315760,Santa Fé de Minas,2023,3528,70867,20.08701814058957
315765,Santa Helena de Minas,2023,6056,69029,11.398447820343462
315770,Santa Juliana,2023,16820,912073,54.22550535077289
315780,Santa Luzia,2023,230382,6608097,28.68321743886241
315790,Santa Margarida,2023,16989,497578,29.288245335216907
315800,Santa Maria de Itabira,2023,10718,327050,30.514088449337564
315810,Santa Maria do Salto,2023,4777,60852,12.738538831902869
315820,Santa Maria do Suaçuí,2023,12817,223266,17.419520948739954
315830,Santana da Vargem,2023,6756,258303,38.23312611012433
315840,Santana de Cataguases,2023,3548,61153,17.235907553551296
315850,Santana de Pirapama,2023,7030,135533,19.27923186344239
315860,Santana do Deserto,2023,3815,84574,22.16880733944954
315870,Santana do Garambéu,2023,2171,48322,22.257945647167205
315880,Santana do Jacaré,2023,4246,129242,30.438530381535564
315890,Santana do Manhuaçu,2023,9264,227887,24.599201208981
315895,Santana do Paraíso,2023,49025,1250978,25.517144314125446
315900,Santana do Riacho,2023,5654,139841,24.733109303148215
315910,Santana dos Montes,2023,3490,64537,18.491977077363895
315920,Santa Rita de Caldas,2023,8561,249061,29.092512556944282
315930,Santa Rita de Jacutinga,2023,4826,87242,18.07749689183589
315935,Santa Rita de Minas,2023,6969,208456,29.911895537379824
315940,Santa Rita de Ibitipoca,2023,3331,72264,21.694386070249173
315950,Santa Rita do Itueto,2023,5984,233545,39.02824197860963
315960,Santa Rita do Sapucaí,2023,42517,2514298,59.136298421807744
315970,Santa Rosa da Serra,2023,3487,119336,34.22311442500717
315980,Santa Vitória,2023,21914,1006615,45.93479054485717
315990,Santo Antônio do Amparo,2023,17657,477372,27.03584980461007
316000,Santo Antônio do Aventureiro,2023,3896,79245,20.340092402464066
316010,Santo Antônio do Grama,2023,4352,102566,23.567555147058822
316020,Santo Antônio do Itambé,2023,3969,59343,14.951625094482237
316030,Santo Antônio do Jacinto,2023,10324,131044,12.69314219294847
316040,Santo Antônio do Monte,2023,28456,942155,33.10918611189204
316045,Santo Antônio do Retiro,2023,6729,84684,12.584930896121266
316050,Santo Antônio do Rio Abaixo,2023,1856,38142,20.55064655172414
316060,Santo Hipólito,2023,2692,71685,26.62890044576523
316070,Santos Dumont,2023,43218,1259406,29.140774677217827
316080,São Bento Abade,2023,4846,96683,19.951093685513825
316090,São Brás do Suaçuí,2023,4161,100032,24.040374909877432
316095,São Domingos das Dores,2023,5793,120618,20.821336095287418
316100,São Domingos do Prata,2023,17783,402896,22.65624472811112
316105,São Félix de Minas,2023,3244,59108,18.220715166461158
316110,São Francisco,2023,54223,859289,15.8473157147336
316120,São Francisco de Paula,2023,6281,231806,36.905906702754336
316130,São Francisco de Sales,2023,5858,249352,42.56606350290201
316140,São Francisco do Glória,2023,4848,89843,18.53197194719472
316150,São Geraldo,2023,10524,351897,33.43757126567845
316160,São Geraldo da Piedade,2023,3200,53463,16.7071875
316165,São Geraldo do Baixio,2023,3158,56811,17.98955034832172
316170,São Gonçalo do Abaeté,2023,7515,376329,50.077045908183635
316180,São Gonçalo do Pará,2023,12275,380221,30.975234215885948
316190,São Gonçalo do Rio Abaixo,2023,12475,3766222,301.9015631262525
316200,São Gonçalo do Sapucaí,2023,24497,1189277,48.5478630036331
316210,São Gotardo,2023,43851,1555361,35.46922533123532
316220,São João Batista do Glória,2023,7959,294819,37.04221635883905
316225,São João da Lagoa,2023,4962,73610,14.834744054816607
316230,São João da Mata,2023,3012,65323,21.687583001328022
316240,São João da Ponte,2023,24197,358301,14.807662106872753
316245,São João das Missões,2023,13547,119038,8.78703772052853
316250,São João del Rei,2023,94468,3505346,37.10617351907524
316255,São João do Manhuaçu,2023,11676,245232,21.003083247687563
316257,São João do Manteninha,2023,5479,92757,16.929549187807993
316260,São João do Oriente,2023,7099,129881,18.29567544724609
316265,São João do Pacuí,2023,4050,52787,13.033827160493827
316270,São João do Paraíso,2023,24706,343637,13.909050433093176
316280,São João Evangelista,2023,15613,292736,18.749503618779222
316290,São João Nepomuceno,2023,26529,672478,25.348788118662597
316292,São Joaquim de Bicas,2023,37017,1065144,28.77445498014426
316294,São José da Barra,2023,8145,911245,111.87783916513199
316295,São José da Lapa,2023,28087,1026319,36.54071278527432
316300,São José da Safira,2023,3849,53062,13.785918420368928
316310,São José da Varginha,2023,4698,136884,29.136653895274584
316320,São José do Alegre,2023,4252,78981,18.57502351834431
316330,São José do Divino,2023,3482,60348,17.331418724870765
316340,São José do Goiabal,2023,5482,87323,15.92904049616928
316350,São José do Jacuri,2023,6282,157541,25.07815982171283
316360,São José do Mantimento,2023,2844,56992,20.039381153305204
316370,São Lourenço,2023,46868,1412020,30.127592387129813
316380,São Miguel do Anta,2023,6410,129740,20.2402496099844
316390,São Pedro da União,2023,4973,157484,31.667806153227428
316400,São Pedro dos Ferros,2023,7132,160626,22.52187324733595
316410,São Pedro do Suaçuí,2023,5143,117362,22.819755006805366
316420,São Romão,2023,10562,228105,21.596761976898314
316430,São Roque de Minas,2023,7370,424172,57.5538670284939
316440,São Sebastião da Bela Vista,2023,6778,718487,106.00280318678077
316443,São Sebastião da Vargem Alegre,2023,3239,64187,19.816918802099412
316447,São Sebastião do Anta,2023,6415,128460,20.024941543257988
316450,São Sebastião do Maranhão,2023,10218,126120,12.342924251321199
316460,São Sebastião do Oeste,2023,9527,882568,92.63860606696757
316470,São Sebastião do Paraíso,2023,75179,2834250,37.700022612697694
316480,São Sebastião do Rio Preto,2023,1229,31555,25.675345809601303
316490,São Sebastião do Rio Verde,2023,2385,48145,20.18658280922432
316500,São Tiago,2023,11559,280531,24.269486979842547
316510,São Tomás de Aquino,2023,6837,236784,34.63273365511189
316520,São Tomé das Letras,2023,7107,159506,22.443506402138738
316530,São Vicente de Minas,2023,6928,248336,35.84526558891455
316540,Sapucaí,2023,6469,174274,26.93986705827794
316550,Sardoá,2023,5140,85294,16.594163424124513
316553,Sarzedo,2023,39974,1642522,41.0897583429229
316555,Setubinha,2023,9985,135060,13.526289434151227
316556,Sem,2023,2420,41763,17.257438016528926
316557,Senador Amaral,2023,6517,115730,17.758170937547952
316560,Senador Cortes,2023,2335,48570,20.800856531049252
316570,Senador Firmino,2023,7977,142956,17.921022940955247
316580,Senador José Bento,2023,2149,43395,20.193113075849233
316590,Senador Modestino Gonçalves,2023,4006,92679,23.135047428856716
316600,Senhora de Oliveira,2023,5577,91128,16.339967724583108
316610,Senhora do Porto,2023,3066,56070,18.28767123287671
316620,Senhora dos Remédios,2023,10657,138814,13.025616965374871
316630,Sericita,2023,7552,156438,20.714777542372882
316640,Seritinga,2023,1866,54766,29.34941050375134
316650,Serra Azul de Minas,2023,3808,56049,14.71875
316660,Serra da Saudade,2023,856,25562,29.86214953271028
316670,Serra dos Aimorés,2023,6859,159079,23.192739466394517
316680,Serra do Salitre,2023,12286,898489,73.13112485756145
316690,Serrania,2023,7811,202565,25.93329919344514
316695,Serranópolis de Minas,2023,4497,61271,13.624861018456748
316700,Serranos,2023,2036,48320,23.732809430255404
316710,Serro,2023,22624,386923,17.102324964639323
316720,Sete Lagoas,2023,238909,14904465,62.38553172965439
316730,Silveirânia,2023,2399,45007,18.760733639016255
316740,Silvianópolis,2023,6348,178703,28.15107120352867
316750,Simão Pereira,2023,3084,116089,37.642347600518804
316760,Simonésia,2023,20431,371230,18.169937839557534
316770,Sobrália,2023,5140,82141,15.980739299610894
316780,Soledade de Minas,2023,5733,104147,18.166230594802023
316790,Tabuleiro,2023,4097,86585,21.133756407127166
316800,Taiobeiras,2023,34537,705373,20.423690534788776
316805,Taparuba,2023,3508,59981,17.098346636259976
316810,Tapira,2023,4215,631716,149.87330960854092
316820,Tapiraí,2023,1698,70281,41.390459363957596
316830,Taquaraçu de Minas,2023,4394,84703,19.27696859353664
316840,Tarumirim,2023,15104,236378,15.650026483050848
316850,Teixeiras,2023,12691,220040,17.338271215822235
316860,Teófilo Otoni,2023,142851,3540248,24.7828016604714
316870,Timóteo,2023,84172,4648992,55.23204866226298
316880,Tiradentes,2023,8056,297551,36.9353277060576
316890,Tiros,2023,8231,441044,53.583282711699674
316900,Tocantins,2023,16603,450784,27.150755887490213
316905,Tocos do Moji,2023,3894,82673,21.230868002054443
316910,Toledo,2023,7625,125618,16.47449180327869
316920,Tombos,2023,8653,168052,19.421241188027274
316930,Três Corações,2023,78291,3568710,45.582634019235925
316935,Três Marias,2023,29985,2582531,86.1274303818576
316940,Três Pontas,2023,57209,2288500,40.00244716740373
316950,Tumiritinga,2023,5955,94510,15.870696893366919
316960,Tupaciguara,2023,26583,1400211,52.67317458526126
316970,Turmalina,2023,20769,486869,23.44210120853195
316980,Turvolândia,2023,5097,158832,31.161859917598587
316990,Ubá,2023,107423,4462212,41.53870214013759
317000,Ubaí,2023,11985,142057,11.852899457655402
317005,Ubaporanga,2023,13485,227184,16.847163515016685
317010,Uberaba,2023,356781,23689377,66.39752957696739
317020,Uberlândia,2023,761835,51065684,67.02984767042733
317030,Umburatiba,2023,2742,54271,19.792487235594457
317040,Unaí,2023,91320,5221529,57.17837275514674
317043,União de Minas,2023,3818,187679,49.15636458878994
317047,Uruana de Minas,2023,3365,96142,28.571173848439823
317050,Urucânia,2023,10899,356137,32.676117074961006
317052,Urucuia,2023,18515,230887,12.470267350796652
317057,Vargem Alegre,2023,5800,86774,14.96103448275862
317060,Vargem Bonita,2023,2207,92402,41.867693701857725
317065,Vargem Grande do Rio Pardo,2023,4724,77007,16.301227773073666
317070,Varginha,2023,143676,10068568,70.07828725744035
317075,Varjão de Minas,2023,7305,361878,49.53839835728953
317080,Várzea da Palma,2023,34555,1351754,39.11891187961221
317090,Varzelândia,2023,19210,235098,12.238313378448725
317100,Vazante,2023,20459,1203159,58.80829952588103
317103,Verdelândia,2023,7737,136751,17.6749386066951
317107,Veredinha,2023,5240,114943,21.935687022900762
317110,Veríssimo,2023,3478,306968,88.25991949396204
317115,Vermelho Novo,2023,5048,87809,17.394809825673534
317120,Vespasiano,2023,138583,3619031,26.114537858178853
317130,Viçosa,2023,79517,2234764,28.104229284303987
317140,Vieiras,2023,3781,69385,18.350965353081197
317150,Mathias Lobato,2023,3053,58002,18.998362266622994
317160,Virgem da Lapa,2023,11774,162588,13.809070834041108
317170,Virgínia,2023,9164,238863,26.0653644696639
317180,Virginópolis,2023,10511,210992,20.07344686518885
317190,Virgolândia,2023,4471,67748,15.152762245582643
317200,Visconde do Rio Branco,2023,40711,2052278,50.41089631794846
317210,Volta Grande,2023,4441,146386,32.96239585678901
317220,Wenceslau Braz,2023,2377,43767,18.412705090450146
320010,Afonso Cláudio,2023,32456,740220,22.806877002711364
320013,Águia Branca,2023,10143,313558,30.913733609385783
320016,Água Doce do Norte,2023,12585,234307,18.617957886372665
320020,Alegre,2023,30702,702107,22.86844505243958
320030,Alfredo Chaves,2023,14376,565385,39.328394546466335
320035,Alto Rio Novo,2023,7760,152485,19.650128865979383
320040,Anchieta,2023,33017,2317579,70.19350637550353
320050,Apiacá,2023,7462,146814,19.674886089520236
320060,Aracruz,2023,103363,7724839,74.73505025976414
320070,Atílio Vivácqua,2023,11046,453839,41.08627557486873
320080,Baixo Guandu,2023,32829,910611,27.738006031252855
320090,Barra de São Francisco,2023,45415,1326677,29.21230870857646
320100,Boa Esperança,2023,14054,372418,26.499074996442292
320110,Bom Jesus do Norte,2023,10820,269758,24.931423290203327
320115,Brejetuba,2023,13718,342658,24.978714098265055
320120,Cachoeiro de Itapemirim,2023,198342,7593554,38.28515392604693
320130,Cariacica,2023,376200,19710843,52.394585326953745
320140,Castelo,2023,39575,1395638,35.26564750473784
320150,Colatina,2023,129301,5157945,39.890990788934346
320160,Conceição da Barra,2023,28923,676074,23.374961103619956
320170,Conceição do Castelo,2023,12472,356679,28.598380372033354
320180,Divino de São Lourenço,2023,5397,101958,18.891606448026682
320190,Domingos Martins,2023,38236,1294974,33.86792551522126
320200,Dores do Rio Preto,2023,6902,232278,33.653723558388876
320210,Ecoporanga,2023,22611,481243,21.28357878908496
320220,Fundão,2023,18898,595415,31.5067732035136
320225,Governador Lindenberg,2023,11484,428413,37.305207244862416
320230,Guaçuí,2023,31418,783590,24.940798268508498
320240,Guarapari,2023,136311,3391095,24.87763276624777
320245,Ibatiba,2023,27543,560947,20.366227353592564
320250,Ibiraçu,2023,12304,359707,29.234964239271783
320255,Ibitirama,2023,10015,206693,20.638342486270595
320260,Iconha,2023,12790,385081,30.10797498045348
320265,Irupi,2023,14647,280698,19.16419744657609
320270,Itaguaçu,2023,14042,453183,32.27339410340407
320280,Itapemirim,2023,44020,6134486,139.35679236710587
320290,Itarana,2023,10975,441241,40.20419134396355
320300,Iúna,2023,30556,722976,23.66068857180259
320305,Jaguaré,2023,31551,1252073,39.68409876073658
320310,Jerônimo Monteiro,2023,12108,218904,18.079286422200198
320313,João Neiva,2023,14295,615682,43.06974466596712
320316,Laranja da Terra,2023,11597,272934,23.534879710269898
320320,Linhares,2023,183797,10014356,54.48596005375496
320330,Mantenópolis,2023,13131,250803,19.100068540095958
320332,Marataízes,2023,45953,7102418,154.5583095771767
320334,Marechal Floriano,2023,18964,682791,36.00458763973845
320335,Marilândia,2023,13087,404453,30.90494383739589
320340,Mimoso do Sul,2023,25088,702863,28.015904017857142
320350,Montanha,2023,19830,564549,28.469440242057487
320360,Mucurici,2023,5653,136015,24.060675747390764
320370,Muniz Freire,2023,18809,509938,27.111382848636293
320380,Muqui,2023,14185,307885,21.704970038773354
320390,Nova Venécia,2023,52324,1886121,36.04695741915756
320400,Pancas,2023,19120,467082,24.428974895397488
320405,Pedro Canário,2023,21923,545057,24.862336359074945
320410,Pinheiros,2023,24843,1024676,41.246065290021335
320420,Piúma,2023,23912,1056103,44.16623452659753
320425,Ponto Belo,2023,6671,141034,21.141358117223806
320430,Presidente Kennedy,2023,14852,7368211,496.1090088876919
320435,Rio Bananal,2023,20350,787898,38.717346437346436
320440,Rio Novo do Sul,2023,11471,293579,25.593147938279138
320450,Santa Leopoldina,2023,13813,439644,31.828277709404183
320455,Santa Maria de Jetibá,2023,45575,2592685,56.88831596269885
320460,Santa Teresa,2023,23872,820679,34.378309316353885
320465,São Domingos do Norte,2023,9051,391545,43.25986078886311
320470,São Gabriel da Palha,2023,34272,988351,28.83843954248366
320480,São José do Calçado,2023,11411,230812,20.227149241959513
320490,São Mateus,2023,134423,4355437,32.400980486970234
320495,São Roque do Canaã,2023,11256,301801,26.812455579246624
320500,Serra,2023,579720,37649155,64.94368833229835
320501,Sooretama,2023,28668,911932,31.81010185572764
320503,Vargem Alta,2023,20390,523374,25.66817067189799
320506,Venda Nova do Imigrante,2023,25395,945412,37.228273282142155
320510,Viana,2023,79043,5957536,75.37082347582961
320515,Vila Pavão,2023,9319,213352,22.894301963730015
320517,Vila Valério,2023,14267,615692,43.154973014649194
320520,Vila Velha,2023,506779,19711328,38.895313341713056
320530,Vitória,2023,343378,28257606,82.29300071641165
330010,Angra dos Reis,2023,179142,11900498,66.43052997063782
330015,Aperibé,2023,11426,301129,26.354717311395063
330020,Araruama,2023,137906,13156181,95.39962728235174
330022,Areal,2023,12239,597072,48.7843778086445
330023,Armação dos Búzios,2023,42527,5019621,118.03374326898206
330025,Arraial do Cabo,2023,32822,9335374,284.4242885869234
330030,Barra do Piraí,2023,98506,3225723,32.7464621444379
330040,Barra Mansa,2023,181679,6831115,37.599915235112476
330045,Belford Roxo,2023,518384,9686339,18.68564423284669
330050,Bom Jardim,2023,29758,1018920,34.2402043148061
330060,Bom Jesus do Itabapoana,2023,37176,1207611,32.483618463524856
330070,Cabo Frio,2023,238438,16964472,71.14835722493898
330080,Cachoeiras de Macacu,2023,59861,1702402,28.439250931324235
330090,Cambuci,2023,15069,479568,31.824805892892694
330093,Carapebus,2023,14329,1045633,72.9732012003629
330095,Comendador Levy Gasparian,2023,9048,633562,70.02232537577365
330100,Campos dos Goytacazes,2023,519259,42953469,82.7207020003505
330110,Cantagalo,2023,19995,1075296,53.77824456114028
330115,Cardoso Moreira,2023,13407,393125,29.322368911762513
330120,Carmo,2023,17741,671866,37.87080773349867
330130,Casimiro de Abreu,2023,48636,3363239,69.15122542972284
330140,Conceição de Macabu,2023,21770,504000,23.15112540192926
330150,Cordeiro,2023,21448,530533,24.735779559865723
330160,Duas Barras,2023,11355,285448,25.138529282254513
330170,Duque de Caxias,2023,866225,70068007,80.88892262402955
330180,Engenheiro Paulo de Frontin,2023,12644,320438,25.34308763049668
330185,Guapimirim,2023,54311,1589983,29.27552429526247
330187,Iguaba Grande,2023,29616,814661,27.507462182603998
330190,Itaboraí,2023,240127,6278393,26.146135170139136
330200,Itaguaí,2023,124021,11383962,91.7905999790358
330205,Italva,2023,14518,431493,29.721242595398817
330210,Itaocara,2023,23645,756489,31.993613871854514
330220,Itaperuna,2023,107297,4067637,37.910072043020776
330225,Itatiaia,2023,32713,6988685,213.63632195151774
330227,Japeri,2023,102171,1874798,18.34960996760333
330230,Laje do Muriaé,2023,7584,208603,27.505669831223628
330240,Macaé,2023,264439,22394860,84.68818895851217
330245,Macuco,2023,5602,282626,50.450910389146735
330250,Magé,2023,244142,5301411,21.714457160177275
330260,Mangaratiba,2023,43660,3443660,78.87448465414568
330270,Maricá,2023,212470,134092034,631.1104344142702
330280,Mendes,2023,18048,444764,24.64339539007092
330285,Mesquita,2023,178830,3029007,16.937913101828553
330290,Miguel Pereira,2023,28142,847198,30.104399118754888
330300,Miracema,2023,28416,742077,26.11475929054054
330310,Natividade,2023,15551,408436,26.264291685422158
330320,Nilópolis,2023,155500,3339769,21.477614147909968
330330,Niterói,2023,516787,76268005,147.5811214291381
330340,Nova Friburgo,2023,203417,7367567,36.219032824198564
330350,Nova Iguaçu,2023,843220,20518624,24.333654325087167
330360,Paracambi,2023,43627,1085489,24.881128658858046
330370,Paraíba do Sul,2023,44479,1399157,31.45657501292745
330380,Paraty,2023,47668,6324392,132.6758412352102
330385,Paty do Alferes,2023,31370,862740,27.50207204335352
330390,Petrópolis,2023,294926,19907335,67.49942358422112
330395,Pinheiral,2023,25096,1187697,47.32614759324195
330400,Piraí,2023,29066,3388747,116.58800660565609
330410,Porciúncula,2023,17832,559253,31.362326155226558
330411,Porto Real,2023,21089,3205582,152.0025605766039
330412,Quatis,2023,14165,400781,28.2937522061419
330414,Queimados,2023,149135,4938812,33.116384483856905
330415,Quissamã,2023,23142,5669644,244.99369112436264
330420,Resende,2023,137697,12267696,89.0919627878603
330430,Rio Bonito,2023,59126,2038466,34.476643101173764
330440,Rio Claro,2023,17951,577431,32.16706590162108
330450,Rio das Flores,2023,9267,338695,36.548505449444264
330452,Rio das Ostras,2023,168455,10599898,62.924211213677246
330455,Rio de Janeiro,2023,6730729,418462360,62.171922239032355
330460,Santa Maria Madalena,2023,10580,275098,26.001701323251417
330470,Santo Antônio de Pádua,2023,43697,1686337,38.59159667711742
330475,São Francisco de Itabapoana,2023,47397,1481367,31.25444648395468
330480,São Fidélis,2023,41212,985938,23.923565951664564
330490,São Gonçalo,2023,960196,23063689,24.019772004882338
330500,São João da Barra,2023,38740,13986152,361.0261228704182
330510,São João de Meriti,2023,466503,11534047,24.724486230527994
330513,São José de Ubá,2023,7318,232730,31.802405028696366
330515,São José do Vale do Rio Preto,2023,22813,941645,41.27668434664446
330520,São Pedro da Aldeia,2023,110677,3359011,30.3496751809319
330530,São Sebastião do Alto,2023,7993,272845,34.13549355686226
330540,Sapucaia,2023,18291,1227721,67.12158985293314
330550,Saquarema,2023,95315,64701140,678.813827834024
330555,Seropédica,2023,84794,3760076,44.343656390782364
330560,Silva Jardim,2023,22028,705912,32.04612311603414
330570,Sumidouro,2023,15693,733841,46.7623144076977
330575,Tanguá,2023,32865,858815,26.13159896546478
330580,Teresópolis,2023,176735,7104546,40.19886270404844
330590,Trajano de Moraes,2023,10654,290439,27.26102872160691
330600,Três Rios,2023,82319,6017636,73.10142251485077
330610,Valença,2023,71449,3104489,43.45041918011449
330615,Varre,2023,10563,407915,38.61734355770141
330620,Vassouras,2023,35907,1472880,41.019299857966416
330630,Volta Redonda,2023,279971,15307615,54.67571641348568
350010,Adamantina,2023,35673,1705895,47.82034031340229
350020,Adolfo,2023,4505,215283,47.78756936736959
350030,Aguaí,2023,32886,1773843,53.939153439153436
350040,Águas da Prata,2023,7463,272359,36.49457322792443
350050,Águas de Lindóia,2023,18257,801115,43.8798816892151
350055,Águas de Santa Bárbara,2023,7460,375562,50.34343163538874
350060,Águas de São Pedro,2023,2928,185390,63.31625683060109
350070,Agudos,2023,38988,3415809,87.61180363188673
350075,Alambari,2023,6373,160252,25.145457398399497
350080,Alfredo Marcondes,2023,4574,158137,34.57302142544818
350090,Altair,2023,3467,210529,60.72368041534468
350100,Altinópolis,2023,17197,946538,55.040879223120314
350110,Alto Alegre,2023,3874,172396,44.50077439339184
350115,Alumínio,2023,17607,3438994,195.31970239109444
350120,Álvares Florence,2023,3979,175598,44.13118874088967
350130,Álvares Machado,2023,28386,859771,30.28855773973085
350140,Álvaro de Carvalho,2023,4901,69377,14.1556825137727
350150,Alvinlândia,2023,2919,82613,28.3018156903049
350160,Americana,2023,247571,17600566,71.09300362320305
350170,Américo Brasiliense,2023,33708,1504962,44.64702741189035
350180,Américo de Campos,2023,5981,175848,29.40110349439893
350190,Amparo,2023,69792,6698469,95.97760488308116
350200,Analândia,2023,4694,266292,56.73029399233064
350210,Andradina,2023,61625,4464940,72.4533874239351
350220,Angatuba,2023,24573,1776475,72.29377772351768
350230,Anhembi,2023,5766,315144,54.655567117585846
350240,Anhumas,2023,4118,132376,32.14570179698883
350250,Aparecida,2023,33141,1369699,41.32944087384207
350260,Aparecida d'Oeste,2023,4112,225794,54.91099221789883
350270,Apiaí,2023,24857,1235626,49.70937764010138
350275,Araçariguama,2023,22314,4832077,216.54911714618626
350280,Araçatuba,2023,208415,11457740,54.97560156418684
350290,Araçoiaba da Serra,2023,33832,1523194,45.02228659257508
350300,Aramina,2023,5535,219179,39.598735320686544
350310,Arandu,2023,7076,217238,30.700678349349914
350315,Arapeí,2023,2355,53236,22.60552016985138
350320,Araraquara,2023,253474,14689500,57.95268942771251
350330,Araras,2023,135744,10022873,73.83658209570957
350335,Arco,2023,2089,136329,65.26041168022978
350340,Arealva,2023,8290,301110,36.32207478890229
350350,Areias,2023,3617,75042,20.74702792369367
350360,Areiópolis,2023,10242,221707,21.646846319078303
350370,Ariranha,2023,7621,1252002,164.28316493898438
350380,Artur Nogueira,2023,53467,2162833,40.45173658518338
350390,Arujá,2023,90273,10426127,115.49551914747488
350395,Aspásia,2023,1875,65851,35.120533333333334
350400,Assis,2023,104858,4682609,44.65666901905434
350410,Atibaia,2023,167161,9426584,56.39224460250896
350420,Auriflama,2023,13856,443572,32.01299076212471
350430,Avaí,2023,4503,500953,111.24872307350655
350440,Avanhandava,2023,11436,295755,25.861752360965372
350450,Avaré,2023,96450,4408538,45.708014515292895
350460,Bady Bassitt,2023,29346,762195,25.972704968309138
350470,Balbinos,2023,3969,82895,20.885613504661123
350480,Bálsamo,2023,9902,367871,37.151181579478894
350490,Bananal,2023,10097,282444,27.97306130533822
350500,Barão de Antonina,2023,3632,80403,22.13738986784141
350510,Barbosa,2023,5627,186923,33.218944375333216
350520,Bariri,2023,32406,1863764,57.512929704375736
350530,Barra Bonita,2023,35129,2077901,59.15058783341399
350535,Barra do Chapéu,2023,5254,202870,38.61248572516178
350540,Barra do Turvo,2023,6894,145159,21.055845662895273
350550,Barretos,2023,126957,6715414,52.895184983892186
350560,Barrinha,2023,33304,737580,22.146889262551046
350570,Barueri,2023,333737,71646710,214.68015233552168
350580,Bastos,2023,21936,1596603,72.78460065645514
350590,Batatais,2023,59939,3328690,55.53462687065183
350600,Bauru,2023,392947,20654759,52.56372742380016
350610,Bebedouro,2023,78257,5343661,68.28348901695695
350620,Bento de Abreu,2023,2640,288020,109.09848484848484
350630,Bernardino de Campos,2023,11881,605499,50.96363942429088
350635,Bertioga,2023,67436,2663550,39.497449433536985
350640,Bilac,2023,7464,307745,41.23057341907824
350650,Birigui,2023,123340,4866490,39.45589427598508
350660,Biritiba Mirim,2023,30564,1111541,36.36765475723073
350670,Boa Esperança do Sul,2023,13113,633216,48.28917867764814
350680,Bocaina,2023,11480,381376,33.22090592334495
350690,Bofete,2023,10710,309773,28.923716153127916
350700,Boituva,2023,63850,4474130,70.07251370399374
350710,Bom Jesus dos Perdões,2023,22579,1627411,72.0763098454316
350715,Bom Sucesso de Itararé,2023,3609,77487,21.470490440565253
350720,Borá,2023,932,120962,129.78755364806867
350730,Boracéia,2023,4838,657535,135.91050020669698
350740,Borborema,2023,14405,704921,48.93585560569247
350745,Borebi,2023,2801,118452,42.2891824348447
350750,Botucatu,2023,151053,7992148,52.90956154462341
350760,Bragança Paulista,2023,185688,10443288,56.24104950239111
350770,Braúna,2023,5477,157855,28.82143509220376
350775,Brejo Alegre,2023,2605,90697,34.81650671785029
350780,Brodowski,2023,26314,1210305,45.99471764079957
350790,Brotas,2023,24501,1555980,63.50679564099425
350800,Buri,2023,20731,907833,43.79108581351599
350810,Buritama,2023,17658,746204,42.25869294370823
350820,Buritizal,2023,4458,305568,68.54374158815612
350830,Cabrália Paulista,2023,4360,177481,40.70665137614679
350840,Cabreúva,2023,48654,7240981,148.82601636042259
350850,Caçapava,2023,100071,6516271,65.1164773011162
350860,Cachoeira Paulista,2023,32534,847786,26.058461916764
350870,Caconde,2023,17228,554109,32.163280705827724
350880,Cafelândia,2023,16907,930635,55.0443603241261
350890,Caiabu,2023,3726,88015,23.621846484165324
350900,Caieiras,2023,98549,5507619,55.88711199504815
350910,Caiuá,2023,5599,111895,19.984818717628148
350920,Cajamar,2023,98365,28984602,294.66377268337317
350925,Cajati,2023,29262,1987670,67.92666256578498
350930,Cajobi,2023,9210,275001,29.858957654723127
350940,Cajuru,2023,24233,1123799,46.37473692898114
350945,Campina do Monte Alegre,2023,6090,211436,34.71855500821018
350950,Campinas,2023,1187974,91968328,77.4161118004266
350960,Campo Limpo Paulista,2023,79781,3233935,40.53515247991376
350970,Campos do Jordão,2023,47956,1946799,40.59552506464259
350980,Campos Novos Paulista,2023,5003,342295,68.41794923046173
350990,Cananéia,2023,12491,330538,26.46209270674886
350995,Canas,2023,5068,121017,23.878650355169693
351000,Cândido Mota,2023,30157,2482755,82.32765195477003
351010,Cândido Rodrigues,2023,2959,157951,53.379858060155456
351015,Canitar,2023,6589,218328,33.13522537562604
351020,Capão Bonito,2023,47409,1668882,35.20179712712776
351030,Capela do Alto,2023,23777,536048,22.544812213483617
351040,Capivari,2023,51369,3824460,74.45073877241137
351050,Caraguatatuba,2023,142248,5822815,40.93424863618469
351060,Carapicuíba,2023,398236,8436817,21.185470424572365
351070,Cardoso,2023,11476,440025,38.343063785291044
351080,Casa Branca,2023,28779,1494279,51.922547691024704
351090,Cássia dos Coqueiros,2023,2861,306056,106.97518350227193
351100,Castilho,2023,20485,2275541,111.08328044910911
351110,Catanduva,2023,119275,7029953,58.939031649549364
351120,Catiguá,2023,7101,196946,27.734966906069566
351130,Cedral,2023,13314,808870,60.753342346402285
351140,Cerqueira César,2023,22210,1400618,63.06249437190455
351150,Cerquilho,2023,46391,2891328,62.32519238645427
351160,Cesário Lange,2023,19707,1215884,61.69807682549348
351170,Charqueada,2023,15814,790607,49.99411913494372
351190,Clementina,2023,7084,254107,35.8705533596838
351200,Colina,2023,18880,2052576,108.71694915254237
351210,Colômbia,2023,6802,743433,109.29623640105851
351220,Conchal,2023,29132,1093664,37.5416723877523
351230,Conchas,2023,15345,551103,35.914173998044966
351240,Cordeirópolis,2023,25286,4167915,164.83093411373883
351250,Coroados,2023,5504,335405,60.938408430232556
351260,Coronel Macedo,2023,4271,165849,38.83142121283072
351270,Corumbataí,2023,4296,354604,82.54283054003724
351280,Cosmópolis,2023,61167,2313364,37.82045874409404
351290,Cosmorama,2023,9019,878427,97.39738330191817
351300,Cotia,2023,289493,19060773,65.84191327596868
351310,Cravinhos,2023,34307,2357353,68.71346955431837
351320,Cristais Paulista,2023,9600,449171,46.788645833333334
351330,Cruzália,2023,2123,218199,102.7786151672162
351340,Cruzeiro,2023,76444,4281962,56.01436345560148
351350,Cubatão,2023,114870,27813388,242.12925916253155
351360,Cunha,2023,22460,432941,19.276090828138912
351370,Descalvado,2023,32663,2584483,79.12570798763126
351380,Diadema,2023,403579,21229085,52.60205560745232
351385,Dirce Reis,2023,1639,99485,60.69859670530811
351390,Divinolândia,2023,11305,528584,46.756656346749224
351400,Dobrada,2023,8986,213755,23.787558424215447
351410,Dois Córregos,2023,24847,1187097,47.7762707771562
351420,Dolcinópolis,2023,2254,84390,37.44010647737356
351430,Dourado,2023,8169,1178140,144.22083486350837
351440,Dracena,2023,46735,1855224,39.69667272921793
351450,Duartina,2023,12532,435780,34.77338014682413
351460,Dumont,2023,9764,414002,42.400860303154445
351470,Echaporã,2023,6291,187403,29.789063741853443
351480,Eldorado,2023,13109,423995,32.343809596460446
351490,Elias Fausto,2023,18168,2159509,118.86333113166006
351492,Elisiário,2023,3190,121971,38.23542319749216
351495,Embaúba,2023,2349,93032,39.60493827160494
351500,Embu das Artes,2023,259788,17290650,66.55676936579057
351510,Embu,2023,68913,1742920,25.291599553059655
351512,Emilianópolis,2023,3061,97866,31.971904606337798
351515,Engenheiro Coelho,2023,20261,814390,40.194955826464636
351518,Espírito Santo do Pinhal,2023,40610,2715247,66.86153656734794
351519,Espírito Santo do Turvo,2023,4214,181809,43.14404366397722
351520,Estrela d'Oeste,2023,9696,1317163,135.84601897689768
351530,Estrela do Norte,2023,2751,69692,25.333333333333332
351535,Euclides da Cunha Paulista,2023,7883,162208,20.576937714068247
351540,Fartura,2023,17029,566395,33.26061424628575
351550,Fernandópolis,2023,73508,2790708,37.96468411601458
351560,Fernando Prestes,2023,6080,281662,46.325986842105266
351565,Fernão,2023,1692,102634,60.65839243498818
351570,Ferraz de Vasconcelos,2023,186479,5523981,29.622536585889026
351580,Flora Rica,2023,1483,65665,44.27848954821308
351590,Floreal,2023,2747,131171,47.75063705860939
351600,Flórida Paulista,2023,13175,361684,27.452296015180266
351610,Florínea,2023,4022,216161,53.744654400795625
351620,Franca,2023,365494,14375667,39.33215593142432
351630,Francisco Morato,2023,171476,2237469,13.048292472415964
351640,Franco da Rocha,2023,150241,5438089,36.19577212611737
351650,Gabriel Monteiro,2023,2813,123956,44.06541059367223
351660,Gália,2023,6413,220849,34.43770466240449
351670,Garça,2023,43081,1893766,43.958264664237134
351680,Gastão Vidigal,2023,3203,101942,31.827037152669373
351685,Gavião Peixoto,2023,4806,1735633,361.138784852268
351690,General Salgado,2023,10437,348923,33.43135000479065
351700,Getulina,2023,10337,272841,26.394601915449357
351710,Glicério,2023,4158,188392,45.30832130832131
351720,Guaiçara,2023,11478,310852,27.0824185398153
351730,Guaimbê,2023,5609,593772,105.86058120877162
351740,Guaíra,2023,40489,3233958,79.87250858257798
351750,Guapiaçu,2023,22445,1134077,50.52693250167075
351760,Guapiara,2023,17225,585182,33.97283018867925
351770,Guará,2023,18748,854715,45.58966289737572
351780,Guaraçaí,2023,7453,374454,50.24205018113511
351790,Guaraci,2023,10554,660486,62.58158044343377
351800,Guarani d'Oeste,2023,1999,48665,24.344672336168085
351810,Guarantã,2023,6532,312045,47.77173913043478
351820,Guararapes,2023,31888,1718488,53.89136979427998
351830,Guararema,2023,32620,2034663,62.374708767627226
351840,Guaratinguetá,2023,121916,8369821,68.65235900127956
351850,Guareí,2023,15285,386201,25.266666666666666
351860,Guariba,2023,38678,1517994,39.246962097316306
351870,Guarujá,2023,294871,11536359,39.12340989788755
351880,Guarulhos,2023,1349100,97557674,72.31315247201839
351885,Guatapará,2023,7474,353798,47.33716885202034
351890,Guzolândia,2023,4259,120156,28.212256398215544
351900,Herculândia,2023,9316,552689,59.326857020180334
351905,Holambra,2023,15718,1806633,114.94038681766128
351907,Hortolândia,2023,248842,22163924,89.06826018115913
351910,Iacanga,2023,10648,687530,64.56893313298272
351920,Iacri,2023,6197,372134,60.05066967887688
351925,Iaras,2023,8313,326007,39.21652832912306
351930,Ibaté,2023,33160,1516837,45.74297346200241
351940,Ibirá,2023,11952,418178,34.98811914323962
351950,Ibirarema,2023,6450,331387,51.37782945736434
351960,Ibitinga,2023,62143,2528835,40.693803002751714
351970,Ibiúna,2023,77801,3023501,38.86198120846776
351980,Icém,2023,7982,263932,33.06589827111
351990,Iepê,2023,7739,503732,65.09006331567386
352000,Igaraçu do Tietê,2023,23421,477976,20.408009905640238
352010,Igarapava,2023,26696,1422122,53.27097692538208
352020,Igaratá,2023,10984,353163,32.15249453750911
352030,Iguape,2023,29891,1896850,63.458900672443214
352040,Ilhabela,2023,36559,14830715,405.66522607292325
352042,Ilha Comprida,2023,14104,2802536,198.70504821327282
352044,Ilha Solteira,2023,26257,917732,34.95189854134136
352050,Indaiatuba,2023,269657,28264863,104.8178352499657
352060,Indiana,2023,5200,99886,19.208846153846153
352070,Indiaporã,2023,4113,167087,40.62411864818867
352080,Inúbia Paulista,2023,3671,176723,48.14028874965949
352090,Ipaussu,2023,13935,678118,48.66293505561536
352100,Iperó,2023,38277,1291003,33.7279044857225
352110,Ipeúna,2023,7027,1055776,150.24562402163085
352115,Ipiguá,2023,7115,173091,24.327617709065354
352120,Iporanga,2023,4083,70829,17.34729365662503
352130,Ipuã,2023,14701,589810,40.12039997279096
352140,Iracemápolis,2023,22500,2403778,106.83457777777778
352150,Irapuã,2023,6932,282416,40.740911713791114
352160,Irapuru,2023,7120,142422,20.00308988764045
352170,Itaberá,2023,18263,1058159,57.940042709302965
352180,Itaí,2023,25979,1082752,41.67797066861696
352190,Itajobi,2023,17502,1278534,73.05073705862188
352200,Itaju,2023,3715,308305,82.9892328398385
352210,Itanhaém,2023,118495,2956406,24.949626566521793
352215,Itaoca,2023,3497,67982,19.440091507006006
352220,Itapecerica da Serra,2023,163003,6215134,38.12895468181567
352230,Itapetininga,2023,164256,7962802,48.47799775959478
352240,Itapeva,2023,92393,4558512,49.33828320327297
352250,Itapevi,2023,242995,15615097,64.26098067861479
352260,Itapira,2023,74038,6365974,85.98252248845188
352265,Itapirapuã Paulista,2023,4420,77308,17.49049773755656
352270,Itápolis,2023,40445,2524858,62.426950179255776
352280,Itaporanga,2023,14245,408307,28.663180063180064
352290,Itapuí,2023,14035,1311338,93.43341645885286
352300,Itapura,2023,4002,209349,52.31109445277362
352310,Itaquaquecetuba,2023,382983,11979260,31.278829608624925
352320,Itararé,2023,45213,1406445,31.10709309269458
352330,Itariri,2023,15916,400627,25.171337019351597
352340,Itatiba,2023,127112,10327467,81.24698690918245
352350,Itatinga,2023,19462,601161,30.888963107594286
352360,Itirapina,2023,16454,1570273,95.43411936307281
352370,Itirapuã,2023,5857,190876,32.58938022878607
352380,Itobi,2023,8227,251138,30.5260726874924
352390,Itu,2023,175047,14012530,80.05010083006279
352400,Itupeva,2023,74994,10529260,140.40136544256873
352410,Ituverava,2023,38413,2218625,57.7571395100617
352420,Jaborandi,2023,6280,247095,39.34633757961783
352430,Jaboticabal,2023,73473,4156253,56.56844010725028
352440,Jacareí,2023,250952,19692996,78.47315821352291
352450,Jaci,2023,7944,880800,110.87613293051359
352460,Jacupiranga,2023,16216,698901,43.099469659595464
352470,Jaguariúna,2023,62309,14680878,235.614084642668
352480,Jales,2023,50078,2590208,51.723471384639964
352490,Jambeiro,2023,6611,461642,69.8293752836182
352500,Jandira,2023,121550,5547107,45.63642122583299
352510,Jardinópolis,2023,47125,2398612,50.89892838196287
352520,Jarinu,2023,40007,3546444,88.6455870222711
352530,Jaú,2023,137409,6542933,47.61648072542555
352540,Jeriquara,2023,4000,308789,77.19725
352550,Joanópolis,2023,13131,335737,25.568273551138528
352560,João Ramalho,2023,4464,187000,41.89068100358423
352570,José Bonifácio,2023,37992,1940540,51.07759528321752
352580,Júlio Mesquita,2023,4302,82839,19.25592747559275
352585,Jumirim,2023,3132,287951,91.93837803320562
352590,Jundiaí,2023,463039,65418378,141.2804925719
352600,Junqueirópolis,2023,20939,940871,44.933903242752756
352610,Juquiá,2023,17184,446418,25.978701117318437
352620,Juquitiba,2023,27969,660665,23.62133075905467
352630,Lagoinha,2023,5183,101411,19.56608142002701
352640,Laranjal Paulista,2023,27044,1688979,62.453002514420945
352650,Lavínia,2023,9940,262294,26.387726358148893
352660,Lavrinhas,2023,7348,169896,23.121393576483396
352670,Leme,2023,101537,4938512,48.63756069216148
352680,Lençóis Paulista,2023,68568,6564648,95.73923696184809
352690,Limeira,2023,301292,20876940,69.29138510149622
352700,Lindóia,2023,7158,405308,56.623079072366586
352710,Lins,2023,76844,8610363,112.04990630368019
352720,Lorena,2023,87468,4501318,51.46245484062743
352725,Lourdes,2023,1962,55440,28.256880733944953
352730,Louveira,2023,54865,20154612,367.3491661350588
352740,Lucélia,2023,20378,600068,29.446854450878398
352750,Lucianópolis,2023,2423,138654,57.22410235245563
352760,Luís Antônio,2023,12564,2385617,189.8771887933779
352770,Luiziânia,2023,4740,117809,24.8542194092827
352780,Lupércio,2023,4004,115244,28.78221778221778
352790,Lutécia,2023,2697,135645,50.294771968854285
352800,Macatuba,2023,17140,691847,40.364469078179695
352810,Macaubal,2023,7581,245038,32.32264872708086
352820,Macedônia,2023,4058,123750,30.495317890586495
352830,Magda,2023,3211,168949,52.61569604484584
352840,Mairinque,2023,51888,2923463,56.34179386370644
352850,Mairiporã,2023,97835,2767181,28.28416210967445
352860,Manduri,2023,10122,361118,35.67654613712705
352870,Marabá Paulista,2023,4619,201668,43.660532582810134
352880,Maracaí,2023,12804,1039676,81.19931271477664
352885,Marapoama,2023,3415,163562,47.89516837481698
352890,Mariápolis,2023,3526,90255,25.596993760635282
352900,Marília,2023,247348,12507571,50.56669550592687
352910,Marinópolis,2023,1862,56365,30.271213748657356
352920,Martinópolis,2023,25240,949416,37.61553090332805
352930,Matão,2023,81075,7646780,94.31736046870182
352940,Mauá,2023,429014,25000732,58.27486282498939
352950,Mendonça,2023,6420,593745,92.48364485981308
352960,Meridiano,2023,4721,437548,92.68121160771022
352965,Mesópolis,2023,1990,108331,54.437688442211055
352970,Miguelópolis,2023,19621,1113098,56.72993221548341
352980,Mineiros do Tietê,2023,11322,309941,27.375110404522168
352990,Miracatu,2023,18610,560827,30.135787211176787
353000,Mira Estrela,2023,3209,77240,24.069803677157992
353010,Mirandópolis,2023,28754,978818,34.04110732419837
353020,Mirante do Paranapanema,2023,16031,651108,40.615557357619615
353030,Mirassol,2023,65811,3345888,50.84086246979988
353040,Mirassolândia,2023,4783,378154,79.06209491950659
353050,Mococa,2023,69372,4014553,57.86993311422476
353060,Mogi das Cruzes,2023,470302,26072522,55.43782930967761
353070,Mogi Guaçu,2023,160318,9433838,58.844533988697464
353080,Mogi Mirim,2023,95742,8092719,84.52632073698064
353090,Mombuca,2023,3830,179189,46.78563968668407
353100,Monções,2023,1947,77881,40.0005136106831
353110,Mongaguá,2023,64845,1535906,23.68580461099545
353120,Monte Alegre do Sul,2023,8923,304555,34.1314580298106
353130,Monte Alto,2023,48758,3062782,62.815989171007836
353140,Monte Aprazível,2023,22668,1038560,45.81612846303159
353150,Monte Azul Paulista,2023,18337,958014,52.24486011888531
353160,Monte Castelo,2023,4306,161947,37.60961449140734
353170,Monteiro Lobato,2023,4205,113891,27.084661117717005
353180,Monte Mor,2023,67832,6049398,89.18206746078548
353190,Morro Agudo,2023,28521,1980195,69.4293678342274
353200,Morungaba,2023,14147,765641,54.12037887891426
353205,Motuca,2023,4071,171027,42.01105379513633
353210,Murutinga do Sul,2023,3748,113474,30.27588046958378
353215,Nantes,2023,2697,189556,70.28401928068224
353220,Narandiba,2023,5956,896057,150.44610476830087
353230,Natividade da Serra,2023,7155,159425,22.281621243885393
353240,Nazaré Paulista,2023,18675,595410,31.88273092369478
353250,Neves Paulista,2023,9953,384592,38.640811815533006
353260,Nhandeara,2023,9915,507862,51.22158345940494
353270,Nipoã,2023,4876,146719,30.09003281378179
353280,Nova Aliança,2023,6885,361490,52.5039941902687
353282,Nova Campina,2023,8630,260753,30.214716106604868
353284,Nova Canaã Paulista,2023,2055,57172,27.820924574209247
353286,Nova Castilho,2023,1072,91228,85.10074626865672
353290,Nova Europa,2023,9459,556400,58.822285653874616
353300,Nova Granada,2023,19733,732341,37.11250190036994
353310,Nova Guataporanga,2023,2188,47451,21.68692870201097
353320,Nova Independência,2023,4847,285939,58.99298535176398
353325,Novais,2023,4463,105507,23.640376428411383
353330,Nova Luzitânia,2023,2817,70080,24.877529286474974
353340,Nova Odessa,2023,64596,5613297,86.89852312836709
353350,Novo Horizonte,2023,39494,2313783,58.585683901352105
353360,Nuporanga,2023,7570,1235537,163.21492734478204
353370,Ocauçu,2023,4418,163910,37.10049796287913
353380,Óleo,2023,2535,143212,56.49388560157791
353390,Olímpia,2023,56874,3569676,62.76463762000211
353400,Onda Verde,2023,4942,370589,74.98765681910157
353410,Oriente,2023,6180,194079,31.404368932038835
353420,Orindiúva,2023,6157,830370,134.86600617183694
353430,Orlândia,2023,39144,3247648,82.96668710402616
353440,Osasco,2023,759524,119404053,157.20905856826118
353450,Oscar Bressane,2023,2502,123399,49.32014388489208
353460,Osvaldo Cruz,2023,32112,1615248,50.300448430493276
353470,Ourinhos,2023,106911,4902762,45.858349468249294
353475,Ouroeste,2023,10660,670735,62.920731707317074
353480,Ouro Verde,2023,7900,186891,23.657088607594936
353490,Pacaembu,2023,15273,285244,18.676356969816016
353500,Palestina,2023,11704,603348,51.55058099794942
353510,Palmares Paulista,2023,9666,209646,21.689013035381752
353520,Palmeira d'Oeste,2023,8971,308864,34.42916062869245
353530,Palmital,2023,19714,1405807,71.3100842041189
353540,Panorama,2023,15227,397153,26.082156695343798
353550,Paraguaçu Paulista,2023,42049,3133902,74.52976289566934
353560,Paraibuna,2023,17959,408569,22.750097444178408
353570,Paraíso,2023,6218,436076,70.13123190736572
353580,Paranapanema,2023,19853,1222547,61.57996272603637
353590,Paranapuã,2023,4118,160653,39.01238465274405
353600,Parapuã,2023,10720,1150356,107.30932835820896
353610,Pardinho,2023,7435,515971,69.39757901815736
353620,Pariquera,2023,19603,753097,38.41743610671836
353625,Parisi,2023,3030,67931,22.41947194719472
353630,Patrocínio Paulista,2023,14888,1850012,124.26195593766792
353640,Paulicéia,2023,8255,322394,39.05439127801333
353650,Paulínia,2023,116674,67067300,574.8264394809469
353657,Paulistânia,2023,2156,74506,34.557513914656774
353660,Paulo de Faria,2023,7390,426146,57.665223274695535
353670,Pederneiras,2023,46337,3840421,82.88022530591104
353680,Pedra Bela,2023,6745,147569,21.878280207561158
353690,Pedranópolis,2023,2856,116928,40.94117647058823
353700,Pedregulho,2023,15737,1417488,90.07358454597446
353710,Pedreira,2023,44385,1817292,40.943832375802636
353715,Pedrinhas Paulista,2023,2833,177967,62.819272855630075
353720,Pedro de Toledo,2023,11617,208399,17.9391409141775
353730,Penápolis,2023,63426,2743180,43.25008671522719
353740,Pereira Barreto,2023,24360,1495859,61.406362889983576
353750,Pereiras,2023,9013,410463,45.54121824031954
353760,Peruíbe,2023,70629,2366996,33.51308952413314
353770,Piacatu,2023,5631,160075,28.427455158941573
353780,Piedade,2023,54266,1839652,33.900637599970516
353790,Pilar do Sul,2023,28459,1502794,52.805579957131314
353800,Pindamonhangaba,2023,172681,13674680,79.19041469530522
353810,Pindorama,2023,14704,733296,49.87051142546246
353820,Pinhalzinho,2023,15676,416405,26.563217657565705
353830,Piquerobi,2023,3287,100296,30.51292972315181
353850,Piquete,2023,12516,227361,18.165627996164908
353860,Piracaia,2023,26795,799449,29.83575293898115
353870,Piracicaba,2023,440835,44351588,100.60813683124071
353880,Piraju,2023,30294,1088629,35.935465768799105
353890,Pirajuí,2023,22734,737809,32.45398961907276
353900,Pirangi,2023,11085,535545,48.31258457374831
353910,Pirapora do Bom Jesus,2023,18925,693314,36.634821664464994
353920,Pirapozinho,2023,26097,1410928,54.06475840134881
353930,Pirassununga,2023,75594,4304413,56.941199036960604
353940,Piratininga,2023,15657,389655,24.88695152328032
353950,Pitangueiras,2023,34361,1830160,53.2627106312389
353960,Planalto,2023,4451,331487,74.47472478094811
353970,Platina,2023,3055,160406,52.50605564648118
353980,Poá,2023,106355,4610760,43.35254571952424
353990,Poloni,2023,5702,199994,35.07435987372852
354000,Pompéia,2023,20520,2509065,122.27412280701755
354010,Pongaí,2023,3440,124380,36.156976744186046
354020,Pontal,2023,38286,2153954,56.25957268975605
354025,Pontalinda,2023,4198,131997,31.442829919009053
354030,Pontes Gestal,2023,2411,152499,63.25134798838656
354040,Populina,2023,4182,156037,37.311573409851746
354050,Porangaba,2023,10850,309200,28.497695852534562
354060,Porto Feliz,2023,58605,5067049,86.4610357478031
354070,Porto Ferreira,2023,53966,3069355,56.87571804469481
354075,Potim,2023,20801,355271,17.07951540791308
354080,Potirendaba,2023,19097,1017223,53.26611509661203
354085,Pracinha,2023,2589,44001,16.995365005793744
354090,Pradópolis,2023,17299,1456796,84.21272905948321
354100,Praia Grande,2023,368539,11396646,30.923853377797194
354105,Pratânia,2023,5264,252655,47.996770516717326
354110,Presidente Alves,2023,3830,112972,29.496605744125326
354120,Presidente Bernardes,2023,14803,351783,23.76430453286496
354130,Presidente Epitácio,2023,40322,1521762,37.74024105947126
354140,Presidente Prudente,2023,234706,11617599,49.49851729397629
354150,Presidente Venceslau,2023,35810,1096298,30.614297682211674
354160,Promissão,2023,35973,3349681,93.11653184332694
354165,Quadra,2023,3477,209960,60.385389703767615
354170,Quatá,2023,13412,1087543,81.08730987175663
354180,Queiroz,2023,3366,1095800,325.5496137849079
354190,Queluz,2023,9074,481509,53.06469032400265
354200,Quintana,2023,7260,371696,51.19779614325069
354210,Rafard,2023,9145,594930,65.05522143247677
354220,Rancharia,2023,29387,1999657,68.04563242249975
354230,Redenção da Serra,2023,4637,122059,26.322838041837397
354240,Regente Feijó,2023,20620,1293798,62.74481086323957
354250,Reginópolis,2023,7820,270644,34.60920716112532
354260,Registro,2023,61927,2931915,47.344696174528075
354270,Restinga,2023,6486,311797,48.07230958988591
354280,Ribeira,2023,3158,61922,19.607979734008865
354290,Ribeirão Bonito,2023,11040,494054,44.75126811594203
354300,Ribeirão Branco,2023,18942,640749,33.826892619575545
354310,Ribeirão Corrente,2023,4717,282574,59.905448378206486
354320,Ribeirão do Sul,2023,4776,326855,68.43697654941373
354323,Ribeirão dos Índios,2023,2040,56509,27.70049019607843
354325,Ribeirão Grande,2023,7571,127269,16.810064720644565
354330,Ribeirão Pires,2023,118954,4853229,40.79920809724768
354340,Ribeirão Preto,2023,731639,52306820,71.49266236490946
354350,Riversul,2023,5628,119164,21.173418621179817
354360,Rifaina,2023,4179,232911,55.733668341708544
354370,Rincão,2023,9101,346937,38.12075596088342
354380,Rinópolis,2023,9334,495680,53.10477823012642
354390,Rio Claro,2023,210323,15427117,73.34964316788938
354400,Rio das Pedras,2023,32329,2037526,63.0247146524792
354410,Rio Grande da Serra,2023,45324,1166050,25.72698790927544
354420,Riolândia,2023,10444,390635,37.402815013404826
354425,Rosana,2023,17434,1542731,88.48979006538947
354430,Roseira,2023,11137,450314,40.434048666606806
354440,Rubiácea,2023,2740,88679,32.364598540145984
354450,Rubinéia,2023,3998,196382,49.120060030015004
354460,Sabino,2023,5182,183225,35.35796989579313
354470,Sagres,2023,2522,72625,28.796590007930213
354480,Sales,2023,6645,266234,40.0653122648608
354490,Sales Oliveira,2023,11683,529464,45.31918171702473
354500,Salesópolis,2023,15381,310985,20.21877641245693
354510,Salmourão,2023,4883,114824,23.515052221994676
354515,Saltinho,2023,8407,471342,56.065421672415845
354520,Salto,2023,141111,11498959,81.48874999114173
354530,Salto de Pirapora,2023,45262,2856415,63.108457425655075
354540,Salto Grande,2023,9221,394928,42.829194230560674
354550,Sandovalina,2023,3697,455962,123.3329726805518
354560,Santa Adélia,2023,14193,560339,39.47995490734869
354570,Santa Albertina,2023,6566,333897,50.85242156564118
354580,Santa Bárbara d'Oeste,2023,189456,10803992,57.02639135208175
354600,Santa Branca,2023,14219,357556,25.146353470708206
354610,Santa Clara d'Oeste,2023,2694,130553,48.46065330363771
354620,Santa Cruz da Conceição,2023,4375,200490,45.82628571428572
354625,Santa Cruz da Esperança,2023,2168,101459,46.79843173431734
354630,Santa Cruz das Palmeiras,2023,29489,788978,26.75499338736478
354640,Santa Cruz do Rio Pardo,2023,47759,4319822,90.45042819154504
354650,Santa Ernestina,2023,6274,152155,24.251673573477845
354660,Santa Fé do Sul,2023,36288,1988880,54.80820105820106
354670,Santa Gertrudes,2023,23192,3568257,153.8572352535357
354680,Santa Isabel,2023,54691,2298061,42.018997641293815
354690,Santa Lúcia,2023,7144,185362,25.94652855543113
354700,Santa Maria da Serra,2023,5308,197769,37.258666164280335
354710,Santa Mercedes,2023,3017,97262,32.23798475306596
354720,Santana da Ponte Pensa,2023,1699,56776,33.417304296645085
354730,Santana de Parnaíba,2023,163787,14328397,87.48189416742477
354740,Santa Rita d'Oeste,2023,2796,105525,37.74141630901288
354750,Santa Rita do Passa Quatro,2023,24996,992180,39.6935509681549
354760,Santa Rosa de Viterbo,2023,23710,1131989,47.7431041754534
354765,Santa Salete,2023,1692,66140,39.089834515366434
354770,Santo Anastácio,2023,17960,630473,35.1042873051225
354780,Santo André,2023,782048,36931351,47.22389290682925
354790,Santo Antônio da Alegria,2023,6933,282937,40.810183181883744
354800,Santo Antônio de Posse,2023,23867,2146890,89.9522353039762
354805,Santo Antônio do Aracanguá,2023,8593,380219,44.24752705690678
354810,Santo Antônio do Jardim,2023,6243,253743,40.64440172993753
354820,Santo Antônio do Pinhal,2023,7314,191747,26.21643423571233
354830,Santo Expedito,2023,3069,60256,19.633756924079506
354840,Santópolis do Aguapeí,2023,3921,97802,24.94312675337924
354850,Santos,2023,429547,30961718,72.07993071770959
354860,São Bento do Sapucaí,2023,11989,354768,29.591125198098258
354870,São Bernardo do Campo,2023,841154,71965791,85.55602303502094
354880,São Caetano do Sul,2023,172693,22553448,130.5985071774768
354890,São Carlos,2023,266427,18386920,69.01297541165123
354900,São Francisco,2023,2623,59556,22.70529927563858
354910,São João da Boa Vista,2023,96080,5011181,52.15633846794338
354920,São João das Duas Pontes,2023,2623,72713,27.721311475409838
354925,São João de Iracema,2023,1882,69614,36.98937300743889
354930,São João do Pau d'Alho,2023,2293,83376,36.361098996947234
354940,São Joaquim da Barra,2023,49885,2733786,54.801764057331866
354950,São José da Bela Vista,2023,7664,336022,43.84420668058455
354960,São José do Barreiro,2023,3888,80553,20.718364197530864
354970,São José do Rio Pardo,2023,53427,2876973,53.84867201976529
354980,São José do Rio Preto,2023,504166,26390121,52.34411086824578
354990,São José dos Campos,2023,727078,61394524,84.44007933124094
354995,São Lourenço da Serra,2023,16479,346115,21.003398264457793
355000,São Luiz do Paraitinga,2023,10487,252579,24.08496233431868
355010,São Manuel,2023,38131,1889877,49.56274422385985
355020,São Miguel Arcanjo,2023,32924,1157726,35.16358887134005
355030,São Paulo,2023,11904961,1066825105,89.61181015208702
355040,São Pedro,2023,39855,1243177,31.192497804541464
355050,São Pedro do Turvo,2023,7333,393936,53.72098731760535
355060,São Roque,2023,81366,4532567,55.705909102081954
355070,São Sebastião,2023,84280,17400619,206.46201945894637
355080,São Sebastião da Grama,2023,10428,481876,46.20981971614883
355090,São Simão,2023,13560,648092,47.79439528023599
355100,São Vicente,2023,338326,7414656,21.91571442927827
355110,Sarapuí,2023,10677,270123,25.29952233773532
355120,Sarutaiá,2023,3772,115635,30.656150583244962
355130,Sebastianópolis do Sul,2023,3191,454542,142.44500156690694
355140,Serra Azul,2023,13108,269297,20.54447665547757
355150,Serrana,2023,45580,1454535,31.911693725318123
355160,Serra Negra,2023,31047,1025007,33.014687409411536
355170,Sertãozinho,2023,132176,9075018,68.65859157486987
355180,Sete Barras,2023,12903,461849,35.793923893668136
355190,Severínia,2023,14693,340597,23.180902470564213
355200,Silveiras,2023,6329,116266,18.370358666455996
355210,Socorro,2023,41527,1449301,34.90020950225155
355220,Sorocaba,2023,762172,58816286,77.16930824013477
355230,Sud Mennucci,2023,7464,302801,40.568193997856376
355240,Sumaré,2023,291116,19026093,65.35571043845066
355250,Suzano,2023,320261,18618698,58.13601406352944
355255,Suzanápolis,2023,3465,511504,147.62020202020202
355260,Tabapuã,2023,11498,397691,34.58784136371543
355270,Tabatinga,2023,14997,512361,34.16423284656931
355280,Taboão da Serra,2023,285307,12084179,42.355003557571315
355290,Taciba,2023,6418,242091,37.72062947958866
355300,Taguaí,2023,13068,409335,31.32346189164371
355310,Taiaçu,2023,5744,155640,27.096100278551532
355320,Taiúva,2023,6770,188353,27.821713441654357
355330,Tambaú,2023,21650,966714,44.6519168591224
355340,Tanabi,2023,26071,1592467,61.08193011391968
355350,Tapiraí,2023,8122,223954,27.57375030780596
355360,Tapiratiba,2023,11903,358653,30.131311434092247
355365,Taquaral,2023,2649,92383,34.87466968667422
355370,Taquaritinga,2023,53264,2307145,43.315278612195854
355380,Taquarituba,2023,24932,1279103,51.30366597144232
355385,Taquarivaí,2023,7170,433014,60.39246861924686
355390,Tarabai,2023,6633,187171,28.21815166591286
355395,Tarumã,2023,15315,1153083,75.29108716944172
355400,Tatuí,2023,129130,6784535,52.540346937195075
355410,Taubaté,2023,322397,22607800,70.12410165106995
355420,Tejupá,2023,4119,341127,82.81791697013838
355430,Teodoro Sampaio,2023,22598,822760,36.408531728471544
355440,Terra Roxa,2023,7965,237426,29.808662900188324
355450,Tietê,2023,38723,2954948,76.30989334504042
355460,Timburi,2023,2484,80268,32.31400966183575
355465,Torre de Pedra,2023,2056,44087,21.44309338521401
355470,Torrinha,2023,9484,380075,40.07539013074652
355475,Trabiju,2023,1724,66641,38.65487238979118
355480,Tremembé,2023,53426,1091771,20.435200089843896
355490,Três Fronteiras,2023,7060,155505,22.026203966005667
355495,Tuiuti,2023,6976,239682,34.35808486238532
355500,Tupã,2023,65433,3128302,47.80923998593982
355510,Tupi Paulista,2023,16259,446938,27.488652438649364
355520,Turiúba,2023,1835,88091,48.00599455040872
355530,Turmalina,2023,1662,100226,60.30445246690734
355535,Ubarana,2023,5458,298746,54.73543422499084
355540,Ubatuba,2023,97096,3506919,36.11805841641262
355550,Ubirajara,2023,5289,201026,38.00831915295897
355560,Uchoa,2023,10670,521824,48.905716963448924
355570,União Paulista,2023,1628,72244,44.37592137592138
355580,Urânia,2023,8973,366620,40.85812994539173
355590,Uru,2023,1424,66750,46.875
355600,Urupês,2023,14073,647135,45.98415405386201
355610,Valentim Gentil,2023,14634,565653,38.653341533415336
355620,Valinhos,2023,132258,10200701,77.12728908648248
355630,Valparaíso,2023,24779,1426927,57.58614149077848
355635,Vargem,2023,10863,222012,20.43744821872411
355640,Vargem Grande do Sul,2023,41256,1431642,34.70142524723676
355645,Vargem Grande Paulista,2023,52352,3524293,67.31916641198045
355650,Várzea Paulista,2023,119655,4736062,39.580978646943294
355660,Vera Cruz,2023,10274,302805,29.472941405489586
355670,Vinhedo,2023,79089,14699664,185.86230702120395
355680,Viradouro,2023,17685,563836,31.882160022618038
355690,Vista Alegre do Alto,2023,8368,705941,84.3619741873805
355695,Vitória Brasil,2023,1828,64481,35.27407002188184
355700,Votorantim,2023,133510,5209654,39.020702569095945
355710,Votuporanga,2023,100568,4582203,45.563230848778936
355715,Zacarias,2023,2773,177562,64.0324558240173
355720,Chavantes,2023,12415,477220,38.43898509867096
355730,Estiva Gerbi,2023,11609,532212,45.84477560513395
410010,Abatiá,2023,7233,297166,41.08475044932946
410020,Adrianópolis,2023,6319,467129,73.92451337236905
410030,Agudos do Sul,2023,10770,279388,25.941318477251624
410040,Almirante Tamandaré,2023,125861,2242620,17.818228045224494
410045,Altamira do Paraná,2023,3496,115509,33.04033180778032
410050,Altônia,2023,18634,546401,29.32279703767307
410060,Alto Paraná,2023,14183,562667,39.671931185221744
410070,Alto Piquiri,2023,9771,488594,50.00450312148194
410080,Alvorada do Sul,2023,10481,436443,41.64135101612442
410090,Amaporã,2023,4688,163899,34.96139078498293
410100,Ampére,2023,20337,1001174,49.2291881791808
410105,Anahy,2023,2971,124323,41.84550656344665
410110,Andirá,2023,19989,861173,43.08234528990945
410115,Ângulo,2023,3357,179778,53.55317247542449
410120,Antonina,2023,18140,1001675,55.21912899669239
410130,Antônio Olinto,2023,7048,282611,40.09804199772985
410140,Apucarana,2023,134910,4834013,35.83139129790231
410150,Arapongas,2023,124838,5715471,45.78310290136016
410160,Arapoti,2023,26325,1632919,62.029211775878444
410165,Arapuã,2023,3573,154285,43.180800447802966
410170,Araruna,2023,14894,630796,42.35235665368605
410180,Araucária,2023,162247,34075052,210.0196120729505
410185,Ariranha do Ivaí,2023,2351,144973,61.66439812845598
410190,Assaí,2023,13477,637194,47.2801068487052
410200,Assis Chateaubriand,2023,38357,2033731,53.02111739708528
410210,Astorga,2023,26203,1164816,44.45353585467313
410220,Atalaia,2023,4046,254752,62.963914977755806
410230,Balsa Nova,2023,13867,1302016,93.89312756904881
410240,Bandeirantes,2023,31747,1362233,42.90903077456137
410250,Barbosa Ferraz,2023,10580,342155,32.33979206049149
410260,Barracão,2023,9903,323297,32.64636978693325
410270,Barra do Jacaré,2023,2872,187138,65.15947075208913
410275,Bela Vista da Caroba,2023,4122,126095,30.590732654051433
410280,Bela Vista do Paraíso,2023,14982,564054,37.64877853424109
410290,Bituruna,2023,15650,656377,41.941022364217254
410300,Boa Esperança,2023,4595,342930,74.63112078346029
410302,Boa Esperança do Iguaçu,2023,2421,165031,68.16646014043783
410304,Boa Ventura de São Roque,2023,6241,449414,72.00993430539978
410305,Boa Vista da Aparecida,2023,8023,222437,27.72491586688271
410310,Bocaiúva do Sul,2023,13405,305498,22.789854531891084
410315,Bom Jesus do Sul,2023,4072,142418,34.97495088408645
410320,Bom Sucesso,2023,6674,221658,33.2121666167216
410322,Bom Sucesso do Sul,2023,3244,331505,102.19019728729963
410330,Borrazópolis,2023,7818,296465,37.92082374008698
410335,Braganey,2023,4745,261007,55.00674394099052
410337,Brasilândia do Sul,2023,3861,298634,77.34628334628334
410340,Cafeara,2023,2648,121532,45.89577039274924
410345,Cafelândia,2023,20145,2697734,133.91581037478284
410347,Cafezal do Sul,2023,4580,199026,43.455458515283844
410350,Califórnia,2023,8963,250999,28.00390494254156
410360,Cambará,2023,23393,985512,42.12849997862608
410370,Cambé,2023,110923,6771173,61.04390433003074
410380,Cambira,2023,10045,349367,34.78018914883027
410390,Campina da Lagoa,2023,16014,674422,42.11452479080804
410395,Campina do Simão,2023,3954,195120,49.34749620637329
410400,Campina Grande do Sul,2023,50600,2871767,56.75428853754941
410405,Campo Bonito,2023,3997,237197,59.34375781836377
410410,Campo do Tenente,2023,7693,306673,39.86390224879761
410420,Campo Largo,2023,144504,7070393,48.92870093561424
410425,Campo Magro,2023,31888,700583,21.970114149523333
410430,Campo Mourão,2023,104122,5991908,57.546992950577206
410440,Cândido de Abreu,2023,15081,475235,31.51216762814137
410442,Candói,2023,15174,901449,59.40747330960854
410445,Cantagalo,2023,10672,386335,36.20080584707646
410450,Capanema,2023,21088,1592681,75.52546471927162
410460,Capitão Leônidas Marques,2023,14776,1300220,87.99539794260964
410465,Carambeí,2023,24469,1989896,81.32314356941436
410470,Carlópolis,2023,17788,575814,32.37092421857432
410480,Cascavel,2023,368195,19204178,52.15762843058705
410490,Castro,2023,75644,4517501,59.7205462429274
410500,Catanduvas,2023,10621,413685,38.949722248375856
410510,Centenário do Sul,2023,10903,376525,34.5340731908649
410520,Cerro Azul,2023,16287,374010,22.963713391048074
410530,Céu Azul,2023,11255,1070583,95.12065748556198
410540,Chopinzinho,2023,21604,1196360,55.376782077393074
410550,Cianorte,2023,82988,3986697,48.03943943702704
410560,Cidade Gaúcha,2023,11705,620524,53.01358393848783
410570,Clevelândia,2023,14833,915575,61.72554439425605
410580,Colombo,2023,241672,7628975,31.56747575225926
410590,Colorado,2023,23313,1171688,50.258997126067
410600,Congonhinhas,2023,8445,309517,36.65091770278271
410610,Conselheiro Mairinck,2023,3474,168785,48.585204375359815
410620,Contenda,2023,20006,627818,31.3814855543337
410630,Corbélia,2023,17933,993480,55.39954274243016
410640,Cornélio Procópio,2023,45720,2382241,52.105008748906386
410645,Coronel Domingos Soares,2023,5427,328942,60.61212456237332
410650,Coronel Vivida,2023,24010,1109441,46.207455226988756
410655,Corumbataí do Sul,2023,3770,104935,27.8342175066313
410657,Cruzeiro do Iguaçu,2023,4129,206651,50.04868006781303
410660,Cruzeiro do Oeste,2023,24859,1089269,43.8178929160465
410670,Cruzeiro do Sul,2023,4543,281275,61.913933524103015
410680,Cruz Machado,2023,15759,507964,32.233263531949994
410685,Cruzmaltina,2023,2870,189224,65.93170731707318
410690,Curitiba,2023,1830795,120065276,65.58095035216941
410700,Curiúva,2023,13784,332954,24.15510737086477
410710,Diamante do Norte,2023,5139,413933,80.5473827592917
410712,Diamante do Sul,2023,3147,85754,27.249443914839528
410715,Diamante D'Oeste,2023,4513,134493,29.801240859738535
410720,Dois Vizinhos,2023,47589,2609173,54.827228981487316
410725,Douradina,2023,9631,859150,89.20672827328418
410730,Doutor Camargo,2023,6517,242635,37.23108792389136
410740,Enéas Marques,2023,6146,389460,63.36804425642694
410750,Engenheiro Beltrão,2023,12347,698650,56.58459544828703
410752,Esperança Nova,2023,1852,75224,40.61771058315335
410753,Entre Rios do Oeste,2023,4770,420778,88.21341719077569
410754,Espigão Alto do Iguaçu,2023,4880,201752,41.342622950819674
410755,Farol,2023,2994,255636,85.38276553106212
410760,Faxinal,2023,16596,625079,37.66443721378646
410765,Fazenda Rio Grande,2023,165943,4139461,24.945077526620587
410770,Fênix,2023,4488,243624,54.283422459893046
410773,Fernandes Pinheiro,2023,6400,323922,50.6128125
410775,Figueira,2023,8129,191682,23.580022142945012
410780,Floraí,2023,4805,310640,64.6493236212279
410785,Flor da Serra do Sul,2023,4342,206357,47.52579456471672
410790,Floresta,2023,11522,364240,31.612567262628016
410800,Florestópolis,2023,11653,623832,53.53402557281387
410810,Flórida,2023,2711,101261,37.35189966801918
410820,Formosa do Oeste,2023,7763,405549,52.24127270385161
410830,Foz do Iguaçu,2023,297352,16973251,57.08134130592698
410832,Francisco Alves,2023,8573,254090,29.638399626735097
410840,Francisco Beltrão,2023,102312,4525403,44.23140003127688
410845,Foz do Jordão,2023,4893,187782,38.377682403433475
410850,General Carneiro,2023,10691,437294,40.90300252548873
410855,Godoy Moreira,2023,2911,96133,33.02404671934043
410860,Goioerê,2023,28931,1335666,46.16729459749058
410865,Goioxim,2023,6469,308612,47.70629154428814
410870,Grandes Rios,2023,5527,177555,32.12502261624751
410880,Guaíra,2023,33058,1438846,43.52489563796963
410890,Guairaçá,2023,6762,404827,59.86793847973972
410895,Guamiranga,2023,7916,357064,45.106619504800406
410900,Guapirama,2023,4857,228919,47.131768581428865
410910,Guaporema,2023,2210,106183,48.04660633484163
410920,Guaraci,2023,4743,192291,40.542061986084754
410930,Guaraniaçu,2023,13770,604224,43.879738562091504
410940,Guarapuava,2023,189630,9864113,52.01768180140273
410950,Guaraqueçaba,2023,7446,146081,19.618721461187214
410960,Guaratuba,2023,44913,1220949,27.18475719724801
410965,Honório Serpa,2023,4803,386521,80.47491151363731
410970,Ibaiti,2023,29464,1236457,41.96500814553353
410975,Ibema,2023,6343,208091,32.80640075673971
410980,Ibiporã,2023,53276,4037855,75.79125685111495
410990,Icaraíma,2023,9149,329106,35.97180019674281
411000,Iguaraçu,2023,5693,267158,46.92745476901458
411005,Iguatu,2023,2156,94791,43.966141001855284
411007,Imbaú,2023,15068,320471,21.26831696310061
411010,Imbituva,2023,30849,1503418,48.73474018606762
411020,Inácio Martins,2023,9555,249949,26.15897435897436
411030,Inajá,2023,2481,76239,30.72914147521161
411040,Indianópolis,2023,4544,772540,170.01320422535213
411050,Ipiranga,2023,14317,776104,54.208563246490186
411060,Iporã,2023,16102,850007,52.78890821016023
411065,Iracema do Oeste,2023,2328,126065,54.151632302405496
411070,Irati,2023,61004,2816144,46.163267982427385
411080,Iretama,2023,10832,409528,37.80723781388478
411090,Itaguajé,2023,4530,164295,36.2682119205298
411095,Itaipulândia,2023,12116,566776,46.779135028062065
411100,Itambaracá,2023,5819,279453,48.02423096752019
411110,Itambé,2023,6228,276022,44.31952472703918
411120,Itapejara d'Oeste,2023,12869,970545,75.41728184008082
411125,Itaperuçu,2023,33310,799718,24.00834584208946
411130,Itaúna do Sul,2023,3607,151825,42.09176601053507
411140,Ivaí,2023,13476,711073,52.765880083110716
411150,Ivaiporã,2023,33566,1142266,34.03044747661324
411155,Ivaté,2023,6788,280430,41.31261048909841
411160,Ivatuba,2023,2685,167215,62.27746741154562
411170,Jaboti,2023,5655,156576,27.688063660477454
411180,Jacarezinho,2023,41493,1956993,47.164413274528236
411190,Jaguapitã,2023,15908,1452483,91.30519235604727
411200,Jaguariaíva,2023,36384,2062535,56.68796723834652
411210,Jandaia do Sul,2023,21930,962904,43.908071135430916
411220,Janiópolis,2023,5807,336925,58.020492509040814
411230,Japira,2023,5054,169940,33.62485160269094
411240,Japurá,2023,9393,441907,47.04641754498031
411250,Jardim Alegre,2023,12138,424449,34.96861097380128
411260,Jardim Olinda,2023,1349,78979,58.54633061527057
411270,Jataizinho,2023,11996,301470,25.130876958986327
411275,Jesuítas,2023,10954,556586,50.811210516706225
411280,Joaquim Távora,2023,12341,872246,70.67871323231505
411290,Jundiaí do Sul,2023,3372,157361,46.66696322657177
411295,Juranda,2023,7899,497087,62.9303709330295
411300,Jussara,2023,6786,370465,54.592543471853816
411310,Kaloré,2023,4666,201236,43.12816116588084
411320,Lapa,2023,45878,2647566,57.7088364793583
411325,Laranjal,2023,5525,125483,22.71185520361991
411330,Laranjeiras do Sul,2023,33179,1230924,37.09949064167094
411340,Leópolis,2023,3725,226118,60.70281879194631
411342,Lidianópolis,2023,3987,146837,36.82894406822172
411345,Lindoeste,2023,5217,249057,47.73950546290972
411350,Loanda,2023,23966,909384,37.94475506968205
411360,Lobato,2023,4707,333368,70.82387932865944
411370,Londrina,2023,581382,27999537,48.16030940070384
411373,Luiziana,2023,6659,599341,90.0046553536567
411375,Lunardelli,2023,4864,147290,30.281661184210527
411380,Lupionópolis,2023,4929,164846,33.444106309596265
411390,Mallet,2023,13681,973316,71.14362985161904
411400,Mamborê,2023,13551,859221,63.40646446756697
411410,Mandaguaçu,2023,34521,995410,28.834912082500505
411420,Mandaguari,2023,38313,2916500,76.12298697570016
411430,Mandirituba,2023,29104,801433,27.536867784496977
411435,Manfrinópolis,2023,2790,104399,37.41899641577061
411440,Mangueirinha,2023,16737,1869715,111.71147756467707
411450,Manoel Ribas,2023,14675,656196,44.715229982964225
411460,Marechal Cândido Rondon,2023,58734,3919007,66.72467395375762
411470,Maria Helena,2023,5926,176407,29.768309146135675
411480,Marialva,2023,44749,2964620,66.2499720664149
411490,Marilândia do Sul,2023,8761,510268,58.24312293117224
411500,Marilena,2023,7450,237237,31.843892617449665
411510,Mariluz,2023,9910,403957,40.762563067608475
411520,Maringá,2023,429660,27817346,64.74269422333938
411530,Mariópolis,2023,6506,554034,85.15739317553027
411535,Maripá,2023,6824,535683,78.49985345838218
411540,Marmeleiro,2023,16605,738403,44.468714242697985
411545,Marquinho,2023,4491,134982,30.0561122244489
411550,Marumbi,2023,4780,134313,28.098953974895398
411560,Matelândia,2023,19223,1440815,74.9526608749935
411570,Matinhos,2023,42063,1148205,27.297268383139578
411573,Mato Rico,2023,3249,157348,48.42967066789782
411575,Mauá da Serra,2023,9689,527212,54.413458561255034
411580,Medianeira,2023,57910,3007596,51.93569331721637
411585,Mercedes,2023,6194,311869,50.35017759121731
411590,Mirador,2023,2248,178999,79.6258896797153
411600,Miraselva,2023,2017,69394,34.40456122954883
411605,Missal,2023,11423,496708,43.4831480346669
411610,Moreira Sales,2023,11043,382098,34.60092366204836
411620,Morretes,2023,19089,534712,28.01152496202001
411630,Munhoz de Melo,2023,4057,176663,43.54523046586147
411640,Nossa Senhora das Graças,2023,3669,126913,34.590624148269285
411650,Nova Aliança do Ivaí,2023,1322,71238,53.88653555219365
411660,Nova América da Colina,2023,3286,108097,32.89622641509434
411670,Nova Aurora,2023,14331,1040813,72.62668341357896
411680,Nova Cantu,2023,6739,341725,50.708562101201956
411690,Nova Esperança,2023,27142,1253498,46.18296367253703
411695,Nova Esperança do Sudoeste,2023,5783,198770,34.37143351201799
411700,Nova Fátima,2023,7140,327433,45.858963585434175
411705,Nova Laranjeiras,2023,12298,378372,30.766953976256303
411710,Nova Londrina,2023,13074,718418,54.95013002906532
411720,Nova Olímpia,2023,5982,132741,22.190070210631895
411721,Nova Santa Bárbara,2023,4308,131609,30.54990714948932
411722,Nova Santa Rosa,2023,8581,484275,56.43573010138679
411725,Nova Prata do Iguaçu,2023,13340,560124,41.98830584707646
411727,Nova Tebas,2023,6852,237202,34.61792177466433
411729,Novo Itacolomi,2023,3227,124923,38.71180663154633
411730,Ortigueira,2023,24706,3592270,145.4007123775601
411740,Ourizona,2023,3193,186573,58.43188224240526
411745,Ouro Verde do Oeste,2023,7102,297137,41.83849619825401
411750,Paiçandu,2023,48695,1342362,27.566731697299517
411760,Palmas,2023,50238,1728162,34.39949838767467
411770,Palmeira,2023,34948,2220003,63.52303422227309
411780,Palmital,2023,12879,406781,31.584828014597406
411790,Palotina,2023,37039,3698095,99.84327330651476
411800,Paraíso do Norte,2023,13728,533427,38.85686188811189
411810,Paranacity,2023,9549,517609,54.2055712640067
411820,Paranaguá,2023,150104,15291703,101.87405398923413
411830,Paranapoema,2023,2352,88781,37.74702380952381
411840,Paranavaí,2023,96209,4189765,43.548576536498665
411845,Pato Bragado,2023,6004,269744,44.927381745503
411850,Pato Branco,2023,97821,5817896,59.4749184735384
411860,Paula Freitas,2023,5706,488532,85.61724500525763
411870,Paulo Frontin,2023,6414,473855,73.87823511069536
411880,Peabiru,2023,13494,530693,39.328071735586185
411885,Perobal,2023,7599,354948,46.70983024082116
411890,Pérola,2023,12389,364026,29.383001049317944
411900,Pérola d'Oeste,2023,6218,270487,43.50064329366356
411910,Piên,2023,14409,853225,59.21472690679436
411915,Pinhais,2023,131255,9852601,75.06457658755856
411920,Pinhalão,2023,6676,251911,37.73382264829239
411925,Pinhal de São Bento,2023,2805,82104,29.270588235294117
411930,Pinhão,2023,30451,1851108,60.78972775935109
411940,Piraí do Sul,2023,23977,1441276,60.11077282395629
411950,Piraquara,2023,127433,1901529,14.92179419773528
411960,Pitanga,2023,34527,1448744,41.95974165146117
411965,Pitangueiras,2023,3141,160573,51.121617319325054
411970,Planaltina do Paraná,2023,4125,149540,36.25212121212121
411980,Planalto,2023,14722,526048,35.73210161662818
411990,Ponta Grossa,2023,375632,25583325,68.10741630106061
411995,Pontal do Paraná,2023,33131,809708,24.43958830098699
412000,Porecatu,2023,11271,732948,65.02954484961406
412010,Porto Amazonas,2023,4072,391662,96.18418467583497
412015,Porto Barreiro,2023,3057,169168,55.33791298658816
412020,Porto Rico,2023,3370,152980,45.3946587537092
412030,Porto Vitória,2023,3515,98341,27.977524893314367
412033,Prado Ferreira,2023,3816,207955,54.49554507337526
412035,Pranchita,2023,5831,378687,64.94374892814268
412040,Presidente Castelo Branco,2023,4304,197136,45.80297397769517
412050,Primeiro de Maio,2023,10064,462476,45.95349761526232
412060,Prudentópolis,2023,50946,1905943,37.4110430652063
412065,Quarto Centenário,2023,4127,409019,99.10806881511994
412070,Quatiguá,2023,8426,244507,29.01815808212675
412080,Quatro Barras,2023,25397,2336181,91.98649446785053
412085,Quatro Pontes,2023,4672,307122,65.73672945205479
412090,Quedas do Iguaçu,2023,31423,1927945,61.35458103936607
412100,Querência do Norte,2023,10625,342244,32.2112
412110,Quinta do Sol,2023,5052,314953,62.34224069675376
412120,Quitandinha,2023,18882,594459,31.48284080076263
412125,Ramilândia,2023,4279,126585,29.582846459453144
412130,Rancho Alegre,2023,3472,197170,56.788594470046085
412135,Rancho Alegre D'Oeste,2023,2623,235642,89.83682805947389
412140,Realeza,2023,20097,958987,47.71791809722844
412150,Rebouças,2023,14825,635752,42.88377740303541
412160,Renascença,2023,6945,460072,66.24506839452843
412170,Reserva,2023,24878,764371,30.72477691132728
412175,Reserva do Iguaçu,2023,6493,257839,39.710303403665485
412180,Ribeirão Claro,2023,12856,609741,47.42851586807716
412190,Ribeirão do Pinhal,2023,13158,487933,37.082611339109285
412200,Rio Azul,2023,14174,996992,70.33949484972484
412210,Rio Bom,2023,3214,118815,36.96795270690728
412215,Rio Bonito do Iguaçu,2023,14297,514285,35.97153248933343
412217,Rio Branco do Ivaí,2023,3841,174700,45.4829471491799
412220,Rio Branco do Sul,2023,40308,1850826,45.91708841917237
412230,Rio Negro,2023,31951,1456165,45.57494288128697
412240,Rolândia,2023,75818,4602704,60.70727267931098
412250,Roncador,2023,11339,639474,56.39597848134756
412260,Rondon,2023,9255,538736,58.21026472177201
412265,Rosário do Ivaí,2023,5484,166638,30.38621444201313
412270,Sabáudia,2023,9511,741345,77.94606245400063
412280,Salgado Filho,2023,4090,144581,35.34987775061125
412290,Salto do Itararé,2023,5214,124160,23.812811660912928
412300,Salto do Lontra,2023,15706,628454,40.013625366102126
412310,Santa Amélia,2023,3358,141542,42.15068493150685
412320,Santa Cecília do Pavão,2023,3357,179166,53.37086684539768
412330,Santa Cruz de Monte Castelo,2023,8840,387175,43.79807692307692
412340,Santa Fé,2023,11730,449906,38.35515771526002
412350,Santa Helena,2023,26461,1641044,62.017459657609315
412360,Santa Inês,2023,1745,85155,48.79942693409742
412370,Santa Isabel do Ivaí,2023,9043,293692,32.47727524051753
412380,Santa Izabel do Oeste,2023,14462,514079,35.546881482505874
412382,Santa Lúcia,2023,3638,158188,43.48213304013194
412385,Santa Maria do Oeste,2023,9869,353046,35.77322930388084
412390,Santa Mariana,2023,10941,497961,45.51329860159035
412395,Santa Mônica,2023,3361,115471,34.35614400476049
412400,Santana do Itararé,2023,5646,184042,32.59688274884874
412402,Santa Tereza do Oeste,2023,13938,713315,51.177715597646724
412405,Santa Terezinha de Itaipu,2023,25300,765144,30.24284584980237
412410,Santo Antônio da Platina,2023,45628,1837884,40.279740510213024
412420,Santo Antônio do Caiuá,2023,2474,70027,28.30517380759903
412430,Santo Antônio do Paraíso,2023,2088,114799,54.98036398467433
412440,Santo Antônio do Sudoeste,2023,24980,804866,32.22041633306645
412450,Santo Inácio,2023,6463,836727,129.4641807210274
412460,São Carlos do Ivaí,2023,6727,567836,84.41147614092463
412470,São Jerônimo da Serra,2023,10884,349306,32.09353178978317
412480,São João,2023,12297,1220178,99.22566479629178
412490,São João do Caiuá,2023,5607,191656,34.18155876582843
412500,São João do Ivaí,2023,10639,410617,38.595450700253785
412510,São João do Triunfo,2023,13899,875907,63.01942585797539
412520,São Jorge d'Oeste,2023,9587,531521,55.44184833628872
412530,São Jorge do Ivaí,2023,5170,417316,80.71876208897486
412535,São Jorge do Patrocínio,2023,6690,183232,27.388938714499254
412540,São José da Boa Vista,2023,6023,232641,38.625435829320935
412545,São José das Palmeiras,2023,4031,109674,27.207640783924585
412550,São José dos Pinhais,2023,349880,33957964,97.05603063907625
412555,São Manoel do Paraná,2023,2176,83030,38.15716911764706
412560,São Mateus do Sul,2023,43490,1934142,44.47325822028053
412570,São Miguel do Iguaçu,2023,30416,1484412,48.80365597054182
412575,São Pedro do Iguaçu,2023,5730,267877,46.7499127399651
412580,São Pedro do Ivaí,2023,8514,453058,53.21329574817947
412590,São Pedro do Paraná,2023,2726,111291,40.82575201760822
412600,São Sebastião da Amoreira,2023,8063,277569,34.42502790524619
412610,São Tomé,2023,5282,221194,41.8769405528209
412620,Sapopema,2023,6778,183023,27.002508114488048
412625,Sarandi,2023,128106,2398690,18.724259597520803
412627,Saudade do Iguaçu,2023,6413,1143427,178.29830032745986
412630,Sengés,2023,17256,690924,40.03963838664812
412635,Serranópolis do Iguaçu,2023,5161,272573,52.81398953691145
412640,Sertaneja,2023,5654,465712,82.36858860983375
412650,Sertanópolis,2023,16210,863931,53.29617520049352
412660,Siqueira Campos,2023,24031,851121,35.41762723149265
412665,Sulina,2023,3498,190979,54.596626643796455
412667,Tamarana,2023,10540,474596,45.0280834914611
412670,Tamboara,2023,4986,184145,36.93241075010028
412680,Tapejara,2023,16326,731143,44.78396422883744
412690,Tapira,2023,5807,187714,32.32546926123644
412700,Teixeira Soares,2023,9540,633083,66.36090146750524
412710,Telêmaco Borba,2023,77479,6409425,82.72467378257335
412720,Terra Boa,2023,18168,709922,39.07540730955526
412730,Terra Rica,2023,14961,539546,36.06349842924938
412740,Terra Roxa,2023,18636,921400,49.441940330543034
412750,Tibagi,2023,20374,1448624,71.10160007853146
412760,Tijucas do Sul,2023,18458,554175,30.023567017011594
412770,Toledo,2023,160701,9508572,59.16933933205145
412780,Tomazina,2023,8523,350465,41.11991082952012
412785,Três Barras do Paraná,2023,11157,453550,40.651608855427085
412788,Tunas do Paraná,2023,6304,142467,22.599460659898476
412790,Tuneiras do Oeste,2023,8067,297521,36.88124457667038
412795,Tupãssi,2023,8208,520417,63.4036306042885
412796,Turvo,2023,14101,697870,49.49081625416637
412800,Ubiratã,2023,25732,2129922,82.77327840820767
412810,Umuarama,2023,123059,5096996,41.41912415995579
412820,União da Vitória,2023,56560,2223373,39.30998939179632
412830,Uniflor,2023,2106,131665,62.51899335232669
412840,Uraí,2023,10308,395053,38.32489328676756
412850,Wenceslau Braz,2023,19398,767256,39.55335601608413
412853,Ventania,2023,9760,378784,38.80983606557377
412855,Vera Cruz do Oeste,2023,8178,335607,41.03778429933969
412860,Verê,2023,8077,606828,75.1303701869506
412862,Alto Paraíso,2023,3067,147760,48.17737202477991
412863,Doutor Ulysses,2023,5744,116147,20.220577994428968
412865,Virmond,2023,3828,241579,63.10841170323929
412870,Vitorino,2023,10549,631025,59.81846620532752
412880,Xambrê,2023,5835,138498,23.73573264781491
420005,Abdon Batista,2023,2629,115985,44.11753518448079
420010,Abelardo Luz,2023,17767,1085858,61.11656441717791
420020,Agrolândia,2023,11646,496110,42.599175682637814
420030,Agronômica,2023,6511,279406,42.912916602672404
420040,Água Doce,2023,6587,747812,113.52846515864582
420050,Águas de Chapecó,2023,6123,240633,39.29985301322881
420055,Águas Frias,2023,3000,183332,61.11066666666667
420060,Águas Mornas,2023,7193,281792,39.175865424718474
420070,Alfredo Wagner,2023,10963,414787,37.83517285414576
420075,Alto Bela Vista,2023,1847,94012,50.899837574445044
420080,Anchieta,2023,5955,261385,43.893366918555834
420090,Angelina,2023,5484,192262,35.05871626549963
420100,Anita Garibaldi,2023,8339,251491,30.158412279649838
420110,Anitápolis,2023,3761,117403,31.215900026588674
420120,Antônio Carlos,2023,12464,1163092,93.31611039794609
420125,Apiúna,2023,10041,510610,50.85250473060452
420127,Arabutã,2023,4505,400561,88.9147613762486
420130,Araquari,2023,52079,9900040,190.09658403579178
420140,Araranguá,2023,76611,3023100,39.4603908054979
420150,Armazém,2023,9289,343668,36.997308644633435
420160,Arroio Trinta,2023,3634,154297,42.459273527793066
420165,Arvoredo,2023,2623,194588,74.18528402592452
420170,Ascurra,2023,8720,315202,36.14701834862385
420180,Atalanta,2023,3265,146755,44.947932618683005
420190,Aurora,2023,7241,468008,64.633061731805
420195,Balneário Arroio do Silva,2023,17786,302101,16.985325536939165
420200,Balneário Camboriú,2023,151674,9004373,59.36662183366958
420205,Balneário Barra do Sul,2023,16953,321609,18.97062466820032
420207,Balneário Gaivota,2023,17986,308869,17.172745468697876
420208,Bandeirante,2023,3265,130220,39.88361408882083
420209,Barra Bonita,2023,1642,66206,40.32034104750304
420210,Barra Velha,2023,52860,2468505,46.69892167990919
420213,Bela Vista do Toldo,2023,5939,277735,46.76460683616771
420215,Belmonte,2023,2712,86050,31.729351032448378
420220,Benedito Novo,2023,10757,496824,46.18611136934089
420230,Biguaçu,2023,83756,3523318,42.066454940541576
420240,Blumenau,2023,385558,24871920,64.5088936035564
420243,Bocaina do Sul,2023,3639,145084,39.86919483374553
420245,Bombinhas,2023,28738,1178868,41.02122625095692
420250,Bom Jardim da Serra,2023,3995,338788,84.80300375469336
420253,Bom Jesus,2023,2896,187852,64.86602209944752
420257,Bom Jesus do Oeste,2023,2240,103572,46.2375
420260,Bom Retiro,2023,8422,454470,53.962241747803375
420270,Botuverá,2023,5705,554189,97.14092900964067
420280,Braço do Norte,2023,35985,2195935,61.023620953174934
420285,Braço do Trombudo,2023,4256,273816,64.33646616541354
420287,Brunópolis,2023,2433,143766,59.090012330456226
420290,Brusque,2023,155307,11071535,71.2880617100324
420300,Caçador,2023,76298,5375161,70.4495661747359
420310,Caibi,2023,6441,382027,59.311752833410964
420315,Calmon,2023,3519,135173,38.412333049161695
420320,Camboriú,2023,117324,2703378,23.041986294364325
420325,Capão Alto,2023,2636,281798,106.90364188163885
420330,Campo Alegre,2023,12886,872665,67.72194629830824
420340,Campo Belo do Sul,2023,7324,401476,54.81649371927908
420350,Campo Erê,2023,9864,532119,53.945559610705594
420360,Campos Novos,2023,39049,3456854,88.52605700530103
420370,Canelinha,2023,13618,412708,30.306065501542076
420380,Canoinhas,2023,56948,2759648,48.45908548149189
420390,Capinzal,2023,24414,1482554,60.72556729745228
420395,Capivari de Baixo,2023,25015,689019,27.544233459924044
420400,Catanduvas,2023,11033,676611,61.326112571376775
420410,Caxambu do Sul,2023,4752,248344,52.26094276094276
420415,Celso Ramos,2023,2864,96487,33.68959497206704
420417,Cerro Negro,2023,3303,152293,46.10747805025734
420419,Chapadão do Lageado,2023,3053,147115,48.18702915165411
420420,Chapecó,2023,282648,17619284,62.33648920211712
420425,Cocal do Sul,2023,18106,1084930,59.921020656136086
420430,Concórdia,2023,87206,5510392,63.18822099396831
420435,Cordilheira Alta,2023,5192,529198,101.92565485362096
420440,Coronel Freitas,2023,10604,484593,45.69907582044512
420445,Coronel Martins,2023,1993,74761,37.51179126944305
420450,Corupá,2023,15912,1055553,66.33691553544494
420455,Correia Pinto,2023,16253,763282,46.962529994462564
420460,Criciúma,2023,227438,12339548,54.254557285941665
420470,Cunha Porã,2023,11242,1090031,96.96059420032023
420475,Cunhataí,2023,2026,106831,52.730009871668315
420480,Curitibanos,2023,41741,2003888,48.00766632327927
420490,Descanso,2023,8652,382121,44.16562644475266
420500,Dionísio Cerqueira,2023,15316,674813,44.05934969966049
420510,Dona Emma,2023,4435,184448,41.589177001127396
420515,Doutor Pedrinho,2023,3729,184032,49.3515687851971
420517,Entre Rios,2023,3561,75981,21.33698399326032
420519,Ermo,2023,2354,241247,102.48385726423109
420520,Erval Velho,2023,5137,253179,49.28538057231847
420530,Faxinal dos Guedes,2023,11537,845387,73.27615497963075
420535,Flor do Sertão,2023,1868,95653,51.20610278372591
420540,Florianópolis,2023,587486,31190132,53.090851526674676
420543,Formosa do Sul,2023,2752,104803,38.08248546511628
420545,Forquilhinha,2023,34771,1525924,43.884961605935985
420550,Fraiburgo,2023,34065,1596213,46.85785997357992
420555,Frei Rogério,2023,2437,114310,46.90603200656545
420560,Galvão,2023,3168,159894,50.47159090909091
420570,Garopaba,2023,34070,1005308,29.507132374523042
420580,Garuva,2023,19970,1982039,99.25082623935904
420590,Gaspar,2023,78344,5058949,64.57353466761973
420600,Governador Celso Ramos,2023,18280,661697,36.19786652078775
420610,Grão,2023,6403,406387,63.468218022801814
420620,Gravatal,2023,13158,456981,34.73027815777474
420630,Guabiruba,2023,26645,1492565,56.01670106961907
420640,Guaraciaba,2023,11071,615278,55.57564808960347
420650,Guaramirim,2023,51009,3136750,61.49405006959556
420660,Guarujá do Sul,2023,4893,262918,53.733496832209276
420665,Guatambú,2023,9611,617585,64.25814171262095
420670,Herval d'Oeste,2023,22222,723522,32.55881558815588
420675,Ibiam,2023,2061,90693,44.004366812227076
420680,Ibicaré,2023,3295,174344,52.911684370257966
420690,Ibirama,2023,20900,774395,37.052392344497605
420700,Içara,2023,63489,4878274,76.83652286222811
420710,Ilhota,2023,18627,1190605,63.91823696784238
420720,Imaruí,2023,12150,320780,26.401646090534978
420730,Imbituba,2023,57256,3250688,56.77462624004471
420740,Imbuia,2023,6166,319441,51.80684398313331
420750,Indaial,2023,77888,4484718,57.57906224322104
420757,Iomerê,2023,2967,381384,128.54196157735086
420760,Ipira,2023,4622,134995,29.207053223712677
420765,Iporã do Oeste,2023,9759,486274,49.828261092325036
420768,Ipuaçu,2023,8133,435900,53.59645887126521
420770,Ipumirim,2023,8121,564808,69.54907031153799
420775,Iraceminha,2023,3981,258923,65.03968852047224
420780,Irani,2023,10560,339803,32.178314393939395
420785,Irati,2023,2098,78560,37.445185891325075
420790,Irineópolis,2023,10427,636426,61.0363479428407
420800,Itá,2023,7370,550222,74.65698778833107
420810,Itaiópolis,2023,22906,1404662,61.322884833668034
420820,Itajaí,2023,294850,48195909,163.45907749703238
420830,Itapema,2023,86116,3799730,44.12339170421292
420840,Itapiranga,2023,17268,1369949,79.33454945564048
420845,Itapoá,2023,36033,1990651,55.24521965975634
420850,Ituporanga,2023,28461,1565743,55.013632690348196
420860,Jaborá,2023,4461,236970,53.12037659717552
420870,Jacinto Machado,2023,10818,733562,67.80939175448327
420880,Jaguaruna,2023,21570,887386,41.139823829392675
420890,Jaraguá do Sul,2023,199519,15509263,77.73326349871441
420895,Jardinópolis,2023,1810,82849,45.77292817679558
420900,Joaçaba,2023,31809,2754514,86.59542896664466
420910,Joinville,2023,664541,49815877,74.96283449779622
420915,José Boiteux,2023,6415,171772,26.776617303195636
420917,Jupiá,2023,2713,109999,40.54515296719499
420920,Lacerdópolis,2023,2302,186584,81.0529973935708
420930,Lages,2023,172458,8341650,48.369168145287546
420940,Laguna,2023,44060,1404150,31.869042215161144
420945,Lajeado Grande,2023,1791,108719,60.70295924064768
420950,Laurentino,2023,8605,536261,62.31969785008716
420960,Lauro Müller,2023,14628,481730,32.932048126879955
420970,Lebon Régis,2023,11575,466724,40.32172786177106
420980,Leoberto Leal,2023,3379,169622,50.198875406925126
420985,Lindóia do Sul,2023,4604,201026,43.66333622936577
420990,Lontras,2023,13829,579987,41.93990888712127
421000,Luiz Alves,2023,12246,1138042,92.9317328107137
421003,Luzerna,2023,5951,346309,58.19341287178626
421005,Macieira,2023,1796,70008,38.97995545657015
421010,Mafra,2023,57262,3296812,57.574167860011876
421020,Major Gercino,2023,3253,86474,26.582846603135568
421030,Major Vieira,2023,7543,417209,55.3107516903089
421040,Maracajá,2023,8344,355365,42.589285714285715
421050,Maravilha,2023,30743,2499223,81.29405067820316
421055,Marema,2023,2218,111255,50.160054102795314
421060,Massaranduba,2023,18122,1050211,57.95226796159364
421070,Matos Costa,2023,2789,77764,27.882395123700253
421080,Meleiro,2023,7128,469316,65.84118967452301
421085,Mirim Doce,2023,2554,106937,41.87039937353172
421090,Modelo,2023,4159,203356,48.8954075498918
421100,Mondaí,2023,10206,1249317,122.41005291005291
421105,Monte Carlo,2023,9218,325033,35.26068561510089
421110,Monte Castelo,2023,7747,285959,36.91222408674326
421120,Morro da Fumaça,2023,19490,1019641,52.31611082606465
421125,Morro Grande,2023,3097,194418,62.77623506619309
421130,Navegantes,2023,96046,7939674,82.66532703079774
421140,Nova Erechim,2023,5490,266502,48.543169398907104
421145,Nova Itaberaba,2023,4672,191952,41.08561643835616
421150,Nova Trento,2023,14395,972888,67.58513372698853
421160,Nova Veneza,2023,14004,1333549,95.2262924878606
421165,Novo Horizonte,2023,2661,160908,60.468996617812856
421170,Orleans,2023,24686,1408944,57.07461719193065
421175,Otacílio Costa,2023,17873,1267788,70.93313937223745
421180,Ouro,2023,7062,307202,43.500708014726705
421185,Ouro Verde,2023,2195,170820,77.82232346241457
421187,Paial,2023,2007,73788,36.76532137518684
421189,Painel,2023,2216,111006,50.09296028880866
421190,Palhoça,2023,253469,10294550,40.61463137503995
421200,Palma Sola,2023,7696,361215,46.935420997921
421205,Palmeira,2023,2658,205053,77.14559819413093
421210,Palmitos,2023,15781,1211264,76.75457829034916
421220,Papanduva,2023,19769,1183058,59.8440993474632
421223,Paraíso,2023,4394,194244,44.206645425580334
421225,Passo de Torres,2023,14859,301934,20.31994077663369
421227,Passos Maia,2023,3997,218824,54.74706029522142
421230,Paulo Lopes,2023,9879,417795,42.29122380807774
421240,Pedras Grandes,2023,4355,305366,70.11848450057406
421250,Penha,2023,36995,1340663,36.239032301662384
421260,Peritiba,2023,3040,166701,54.835855263157896
421265,Pescaria Brava,2023,10615,164483,15.495336787564767
421270,Petrolândia,2023,6996,265682,37.976272155517435
421280,Balneário Piçarras,2023,30593,2097521,68.56212205406466
421290,Pinhalzinho,2023,23897,1941701,81.25291877641546
421300,Pinheiro Preto,2023,3631,323209,89.01377031120903
421310,Piratuba,2023,6144,953671,155.21988932291666
421315,Planalto Alegre,2023,3081,144007,46.740344044141516
421320,Pomerode,2023,37003,3184672,86.06523795367943
421330,Ponte Alta,2023,4390,205504,46.81184510250569
421335,Ponte Alta do Norte,2023,3241,158355,48.85991977784634
421340,Ponte Serrada,2023,10732,390492,36.385762206485275
421350,Porto Belo,2023,31557,2090678,66.2508476724657
421360,Porto União,2023,33694,1314938,39.02587997863121
421370,Pouso Redondo,2023,18051,912670,50.5606337599025
421380,Praia Grande,2023,8696,312294,35.9123735050598
421390,Presidente Castello Branco,2023,1707,88879,52.067369654364384
421400,Presidente Getúlio,2023,21764,1091871,50.168673038044474
421410,Presidente Nereu,2023,2347,81283,34.632722624627185
421415,Princesa,2023,3073,134567,43.79010738691832
421420,Quilombo,2023,11433,670409,58.63806524971574
421430,Rancho Queimado,2023,3484,227902,65.41389207807119
421440,Rio das Antas,2023,6399,328940,51.40490701672136
421450,Rio do Campo,2023,6638,265323,39.970322386260925
421460,Rio do Oeste,2023,8071,348708,43.20505513567092
421470,Rio dos Cedros,2023,11218,565977,50.45257621679444
421480,Rio do Sul,2023,77451,4621903,59.675188183496665
421490,Rio Fortuna,2023,5044,373208,73.99048374306106
421500,Rio Negrinho,2023,40132,1731868,43.15429084022725
421505,Rio Rufino,2023,2429,96784,39.8452037875669
421507,Riqueza,2023,4828,198674,41.150372825186416
421510,Rodeio,2023,13491,456660,33.84923282188125
421520,Romelândia,2023,4684,132525,28.293125533731853
421530,Salete,2023,7656,383453,50.085292580982234
421535,Saltinho,2023,3604,115351,32.00638179800222
421540,Salto Veloso,2023,4495,347636,77.33837597330367
421545,Sangão,2023,13797,701076,50.81365514242226
421550,Santa Cecília,2023,15749,672250,42.68524985713378
421555,Santa Helena,2023,2476,128409,51.86147011308562
421560,Santa Rosa de Lima,2023,2131,108834,51.07179727827311
421565,Santa Rosa do Sul,2023,10450,277594,26.56401913875598
421567,Santa Terezinha,2023,8015,342769,42.76593886462882
421568,Santa Terezinha do Progresso,2023,2534,89006,35.12470402525651
421569,Santiago do Sul,2023,1732,62417,36.037528868360276
421570,Santo Amaro da Imperatriz,2023,30099,1749916,58.138675703511744
421575,São Bernardino,2023,2715,110781,40.803314917127075
421580,São Bento do Sul,2023,87661,5038223,57.47393938011202
421590,São Bonifácio,2023,2982,265330,88.97719651240779
421600,São Carlos,2023,10462,794990,75.98833874976104
421605,São Cristóvão do Sul,2023,6489,197299,30.405147172137465
421610,São Domingos,2023,9343,536174,57.38777694530665
421620,São Francisco do Sul,2023,56726,7396332,130.3869830412862
421625,São João do Oeste,2023,6467,463168,71.62022576155869
421630,São João Batista,2023,35336,1303724,36.8950645234322
421635,São João do Itaperiú,2023,4827,455830,94.43339548373731
421640,São João do Sul,2023,9278,434705,46.853308902780775
421650,São Joaquim,2023,26982,1484851,55.0311689274331
421660,São José,2023,295658,15575672,52.68138186688674
421670,São José do Cedro,2023,14538,681891,46.90404457284358
421680,São José do Cerrito,2023,8706,355894,40.87916379508385
421690,São Lourenço do Oeste,2023,26056,1843473,70.75042216763893
421700,São Ludgero,2023,14444,1241478,85.95112157297147
421710,São Martinho,2023,3520,148541,42.199147727272724
421715,São Miguel da Boa Vista,2023,1777,73871,41.570624648283626
421720,São Miguel do Oeste,2023,47724,3105098,65.06365769843265
421725,São Pedro de Alcântara,2023,6175,148311,24.017975708502025
421730,Saudades,2023,10799,718463,66.53051208445227
421740,Schroeder,2023,21710,906591,41.759143251957624
421750,Seara,2023,19399,1506648,77.66627145729161
421755,Serra Alta,2023,3370,147398,43.73827893175074
421760,Siderópolis,2023,14156,804482,56.82975416784402
421770,Sombrio,2023,31722,1304359,41.11843515541265
421775,Sul Brasil,2023,2900,123620,42.62758620689655
421780,Taió,2023,18909,1038273,54.90893225448199
421790,Tangará,2023,8144,760285,93.35523084479371
421795,Tigrinhos,2023,2535,88349,34.851676528599604
421800,Tijucas,2023,58695,3687049,62.81708833801857
421810,Timbé do Sul,2023,5503,197892,35.960748682536796
421820,Timbó,2023,49768,2737817,55.01159379520978
421825,Timbó Grande,2023,7521,304453,40.48038824624385
421830,Três Barras,2023,20525,2060110,100.37076735688186
421835,Treviso,2023,3920,198900,50.73979591836735
421840,Treze de Maio,2023,7633,255516,33.4751735883663
421850,Treze Tílias,2023,9531,1194854,125.36501941034518
421860,Trombudo Central,2023,7599,433330,57.02460850111857
421870,Tubarão,2023,116725,6007108,51.46376526022703
421875,Tunápolis,2023,5081,229506,45.169454831726036
421880,Turvo,2023,13604,992639,72.96670097030285
421885,União do Oeste,2023,2791,116753,41.83195987101397
421890,Urubici,2023,11064,471776,42.64063629790311
421895,Urupema,2023,2751,131850,47.92802617230098
421900,Urussanga,2023,21464,1222447,56.95336377189713
421910,Vargeão,2023,3726,301834,81.00751476113795
421915,Vargem,2023,2613,100064,38.294680443934176
421917,Vargem Bonita,2023,4597,661591,143.917989993474
421920,Vidal Ramos,2023,6266,401953,64.1482604532397
421930,Videira,2023,59074,4129523,69.90423875139655
421935,Vitor Meireles,2023,5507,193745,35.18158707100054
421940,Witmarsum,2023,4513,197839,43.83758032350986
421950,Xanxerê,2023,54891,3145565,57.305660308611614
421960,Xavantina,2023,3583,249450,69.62042980742395
421970,Xaxim,2023,34485,1737477,50.383558068725534
421985,Zortéa,2023,4257,135060,31.726568005637773
422000,Balneário Rincão,2023,17697,420208,23.744589478442673
430003,Aceguá,2023,4251,382340,89.94119030816279
430005,Água Santa,2023,4003,418738,104.60604546590058
430010,Agudo,2023,16341,780152,47.741998653693166
430020,Ajuricaba,2023,6843,383525,56.046324711383896
430030,Alecrim,2023,6219,153719,24.717639491879723
430040,Alegrete,2023,74285,3102028,41.758470754526485
430045,Alegria,2023,3705,136099,36.73387314439946
430047,Almirante Tamandaré do Sul,2023,2007,223167,111.19431988041853
430050,Alpestre,2023,7235,302869,41.861644782308225
430055,Alto Alegre,2023,1837,72442,39.434948285247685
430057,Alto Feliz,2023,3145,203171,64.6012718600954
430060,Alvorada,2023,194062,4129934,21.28151827766384
430063,Amaral Ferrador,2023,5384,174054,32.32800891530461
430064,Ametista do Sul,2023,7826,203478,26.000255558395093
430066,André da Rocha,2023,1156,112013,96.8970588235294
430070,Anta Gorda,2023,6080,333257,54.81200657894737
430080,Antônio Prado,2023,13332,926443,69.49017401740174
430085,Arambaré,2023,4215,233582,55.41684460260973
430087,Araricá,2023,8831,322955,36.57060355565621
430090,Aratiba,2023,6618,1185217,179.08990631610757
430100,Arroio do Meio,2023,22523,1943138,86.27349820183812
430105,Arroio do Sal,2023,11418,353687,30.97626554562971
430107,Arroio do Padre,2023,2650,96551,36.43433962264151
430110,Arroio dos Ratos,2023,14934,404985,27.11832061068702
430120,Arroio do Tigre,2023,12291,472739,38.46220811976243
430130,Arroio Grande,2023,17879,965508,54.002349124671404
430140,Arvorezinha,2023,10547,404652,38.36654972978098
430150,Augusto Pestana,2023,7303,350687,48.01958099411201
430155,Áurea,2023,3458,177756,51.40427993059572
430160,Bagé,2023,121928,4414768,36.207991601600945
430163,Balneário Pinhal,2023,15413,333149,21.614805683513918
430165,Barão,2023,6496,462911,71.26092980295566
430170,Barão de Cotegipe,2023,7320,324769,44.367349726775956
430175,Barão do Triunfo,2023,5972,142447,23.852478231748158
430180,Barracão,2023,4915,300015,61.040691759918616
430185,Barra do Guarita,2023,3231,63072,19.520891364902507
430187,Barra do Quaraí,2023,4340,332590,76.63364055299539
430190,Barra do Ribeiro,2023,12473,581054,46.58494347791229
430192,Barra do Rio Azul,2023,1721,78571,45.654270772806505
430195,Barra Funda,2023,2557,167382,65.46030504497458
430200,Barros Cassal,2023,9425,274474,29.121909814323608
430205,Benjamin Constant do Sul,2023,2118,49986,23.60056657223796
430210,Bento Gonçalves,2023,127977,9062598,70.8142713143768
430215,Boa Vista das Missões,2023,1968,173200,88.00813008130082
430220,Boa Vista do Buricá,2023,7129,354602,49.74077710758872
430222,Boa Vista do Cadeado,2023,2269,269991,118.99118554429263
430223,Boa Vista do Incra,2023,2314,196998,85.13310285220398
430225,Boa Vista do Sul,2023,2815,134912,47.926110124333924
430230,Bom Jesus,2023,11429,593403,51.9208154694199
430235,Bom Princípio,2023,13665,951019,69.59524332235638
430237,Bom Progresso,2023,2132,73593,34.51829268292683
430240,Bom Retiro do Sul,2023,12587,509725,40.496146818145704
430245,Boqueirão do Leão,2023,6202,199040,32.092873266688166
430250,Bossoroca,2023,5978,250550,41.912010705921716
430258,Bozano,2023,2195,119425,54.40774487471526
430260,Braga,2023,3322,109439,32.943708609271525
430265,Brochier,2023,5083,132265,26.021050560692505
430270,Butiá,2023,19421,567081,29.199371814015755
430280,Caçapava do Sul,2023,33501,1175802,35.09751947703054
430290,Cacequi,2023,11300,566823,50.161327433628315
430300,Cachoeira do Sul,2023,82222,3371237,41.00164189632945
430310,Cachoeirinha,2023,141503,7781824,54.99405666310962
430320,Cacique Doble,2023,4692,154022,32.826513213981244
430330,Caibaté,2023,4795,180412,37.62502606882169
430340,Caiçara,2023,4931,159894,32.42628270127763
430350,Camaquã,2023,63961,3154677,49.321883647847905
430355,Camargo,2023,3060,612435,200.1421568627451
430360,Cambará do Sul,2023,6490,275332,42.42403697996918
430367,Campestre da Serra,2023,3311,236802,71.51978254303836
430370,Campina das Missões,2023,5999,203771,33.967494582430405
430380,Campinas do Sul,2023,5388,294875,54.728099480326655
430390,Campo Bom,2023,64719,4528757,69.9756949273011
430400,Campo Novo,2023,5063,287302,56.74540786095201
430410,Campos Borges,2023,3695,105020,28.422192151556157
430420,Candelária,2023,29775,1234677,41.46690176322418
430430,Cândido Godói,2023,6419,375022,58.423742015890326
430435,Candiota,2023,11012,1699384,154.32110424990918
430440,Canela,2023,50715,1959719,38.641802228137635
430450,Canguçu,2023,50968,1825528,35.817140166378906
430460,Canoas,2023,359840,29166697,81.05462705646954
430461,Canudos do Vale,2023,1686,66953,39.71115065243179
430462,Capão Bonito do Sul,2023,1769,223071,126.10005652911249
430463,Capão da Canoa,2023,66234,2588161,39.076018359150886
430465,Capão do Cipó,2023,3187,220126,69.06997176027612
430466,Capão do Leão,2023,27416,854022,31.150496060694486
430467,Capivari do Sul,2023,4080,399405,97.89338235294117
430468,Capela de Santana,2023,11424,315947,27.65642507002801
430469,Capitão,2023,2994,88569,29.582164328657313
430470,Carazinho,2023,63670,3744967,58.81839170724046
430471,Caraá,2023,7555,158174,20.93633355393779
430480,Carlos Barbosa,2023,31585,3815080,120.7877156878265
430485,Carlos Gomes,2023,1384,61763,44.6264450867052
430490,Casca,2023,9698,875949,90.32264384409156
430495,Caseiros,2023,3064,177158,57.81919060052219
430500,Catuípe,2023,8834,425026,48.11251980982567
430510,Caxias do Sul,2023,479599,37860602,78.9422037994241
430511,Centenário,2023,2777,123347,44.41735685992078
430512,Cerrito,2023,5910,131166,22.193908629441623
430513,Cerro Branco,2023,3859,104220,27.00699663125162
430515,Cerro Grande,2023,2428,61938,25.50988467874794
430517,Cerro Grande do Sul,2023,9333,251120,26.906675238401373
430520,Cerro Largo,2023,14014,807007,57.585771371485656
430530,Chapada,2023,9751,603053,61.84524664137012
430535,Charqueadas,2023,36110,1857420,51.4378288562725
430537,Charrua,2023,2800,125647,44.87392857142857
430540,Chiapetta,2023,3991,265708,66.57679779503884
430543,Chuí,2023,6409,522360,81.50413481042284
430544,Chuvisca,2023,4682,163415,34.90281930798804
430545,Cidreira,2023,17583,406916,23.14258090200762
430550,Ciríaco,2023,4208,233410,55.46815589353612
430558,Colinas,2023,2474,90398,36.5392077607114
430560,Colorado,2023,3316,198977,60.005126658624846
430570,Condor,2023,6538,470592,71.97797491587642
430580,Constantina,2023,10631,471925,44.39140250211645
430583,Coqueiro Baixo,2023,1308,56011,42.821865443425075
430585,Coqueiros do Sul,2023,2248,139283,61.95862989323843
430587,Coronel Barros,2023,2896,143058,49.398480662983424
430590,Coronel Bicaco,2023,6214,397095,63.90328290955906
430593,Coronel Pilar,2023,1637,58153,35.52412950519243
430595,Cotiporã,2023,3926,205102,52.24197656647988
430597,Coxilha,2023,2718,349364,128.53715967623253
430600,Crissiumal,2023,13116,500660,38.17169868862458
430605,Cristal,2023,7455,300530,40.31254191817572
430607,Cristal do Sul,2023,2745,98787,35.9879781420765
430610,Cruz Alta,2023,60454,4399886,72.7807258411354
430613,Cruzaltense,2023,1650,104945,63.6030303030303
430620,Cruzeiro do Sul,2023,12574,685746,54.53682201367902
430630,David Canabarro,2023,4400,206880,47.018181818181816
430632,Derrubadas,2023,2793,117581,42.0984604368063
430635,Dezesseis de Novembro,2023,2540,51412,20.240944881889764
430637,Dilermando de Aguiar,2023,2856,202939,71.05707282913166
430640,Dois Irmãos,2023,31804,2639523,82.9934284995598
430642,Dois Irmãos das Missões,2023,2132,125757,58.98545966228893
430645,Dois Lajeados,2023,3156,166002,52.59885931558935
430650,Dom Feliciano,2023,13280,418179,31.489382530120483
430655,Dom Pedro de Alcântara,2023,2617,83656,31.96637371035537
430660,Dom Pedrito,2023,38080,2288172,60.08855042016807
430670,Dona Francisca,2023,3133,112216,35.81742738589212
430673,Doutor Maurício Cardoso,2023,4534,228266,50.345390383767096
430675,Doutor Ricardo,2023,1924,89704,46.62370062370062
430676,Eldorado do Sul,2023,41012,2623491,63.96886277187165
430680,Encantado,2023,23520,1411422,60.009438775510205
430690,Encruzilhada do Sul,2023,24275,1189528,49.002183316168896
430692,Engenho Velho,2023,1315,50748,38.591634980988594
430693,Entre,2023,9367,478944,51.13099177965197
430695,Entre Rios do Sul,2023,2727,209711,76.9017235056839
430697,Erebango,2023,3122,152046,48.701473414477896
430700,Erechim,2023,109609,8497106,77.52197356056529
430705,Ernestina,2023,3097,163434,52.77171456247982
430710,Herval,2023,6302,199383,31.63805141225008
430720,Erval Grande,2023,5027,161672,32.16073204694649
430730,Erval Seco,2023,6892,299811,43.501305861868836
430740,Esmeralda,2023,3264,363781,111.45251225490196
430745,Esperança do Sul,2023,3293,101346,30.776191922259336
430750,Espumoso,2023,15478,861538,55.66210104664685
430755,Estação,2023,5685,397872,69.9862796833773
430760,Estância Velha,2023,49499,2309196,46.65136669427665
430770,Esteio,2023,78144,3998587,51.16946918509419
430780,Estrela,2023,33263,2376913,71.45816673180411
430781,Estrela Velha,2023,3115,145289,46.64173354735153
430783,Eugênio de Castro,2023,2683,224862,83.80991427506522
430786,Fagundes Varela,2023,2620,189848,72.46106870229008
430790,Farroupilha,2023,72552,4960621,68.37331844745837
430800,Faxinal do Soturno,2023,6846,298533,43.60692375109553
430805,Faxinalzinho,2023,2572,113640,44.183514774494554
430807,Fazenda Vilanova,2023,4405,145766,33.091032917139614
430810,Feliz,2023,13994,676581,48.34793482921252
430820,Flores da Cunha,2023,32015,3336288,104.21015149148836
430825,Floriano Peixoto,2023,1690,77406,45.80236686390533
430830,Fontoura Xavier,2023,9710,260495,26.827497425334705
430840,Formigueiro,2023,6527,263216,40.327256013482454
430843,Forquetinha,2023,2441,64513,26.4289225727161
430845,Fortaleza dos Valos,2023,4569,330898,72.42241190632524
430850,Frederico Westphalen,2023,33726,1792336,53.14404317144043
430860,Garibaldi,2023,35563,3565442,100.2570649270309
430865,Garruchos,2023,2724,134739,49.463656387665196
430870,Gaurama,2023,5779,349016,60.39383976466517
430880,General Câmara,2023,7743,234058,30.228335270566962
430885,Gentil,2023,1784,152256,85.34529147982063
430890,Getúlio Vargas,2023,16955,879960,51.89973459156591
430900,Giruá,2023,16273,1017468,62.52491857678363
430905,Glorinha,2023,7851,595369,75.83352439179723
430910,Gramado,2023,41705,3565830,85.50125884186548
430912,Gramado dos Loureiros,2023,2047,87589,42.78895945285784
430915,Gramado Xavier,2023,3350,124280,37.09850746268657
430920,Gravataí,2023,275430,15545558,56.44104854227935
430925,Guabiju,2023,1441,107684,74.72866065232478
430930,Guaíba,2023,95946,9001785,93.82136826965169
430940,Guaporé,2023,26168,1264537,48.32379241822073
430950,Guarani das Missões,2023,7547,295743,39.186829203657084
430955,Harmonia,2023,5535,306941,55.45456187895212
430957,Herveiras,2023,2604,88439,33.962749615975426
430960,Horizontina,2023,19252,1828050,94.9537710367754
430965,Hulha Negra,2023,6102,228860,37.50573582431989
430970,Humaitá,2023,4772,218021,45.68755238893546
430975,Ibarama,2023,3787,105469,27.850277264325324
430980,Ibiaçá,2023,4617,298761,64.70890188434048
430990,Ibiraiaras,2023,6827,380199,55.69049362824081
430995,Ibirapuitã,2023,3789,188102,49.644233306941146
431000,Ibirubá,2023,22106,1708042,77.26599113362887
431010,Igrejinha,2023,34776,2656127,76.37816310098918
431020,Ijuí,2023,87848,6105244,69.49781440670249
431030,Ilópolis,2023,4245,164900,38.84570082449941
431033,Imbé,2023,28027,762866,27.218967424269454
431036,Imigrante,2023,3149,590476,187.51222610352494
431040,Independência,2023,6557,443606,67.6538050937929
431041,Inhacorá,2023,2047,76396,37.320957498778704
431043,Ipê,2023,5490,392922,71.57049180327868
431046,Ipiranga do Sul,2023,1748,122376,70.00915331807781
431050,Iraí,2023,7619,255785,33.571991074944215
431053,Itaara,2023,5712,304167,53.250525210084035
431055,Itacurubi,2023,3038,114342,37.63726135615536
431057,Itapuca,2023,1963,93881,47.82526744778401
431060,Itaqui,2023,36811,2068939,56.20436825948765
431065,Itati,2023,2696,103483,38.38390207715133
431070,Itatiba do Sul,2023,3240,85113,26.269444444444446
431075,Ivorá,2023,1962,53952,27.498470948012233
431080,Ivoti,2023,23566,1538878,65.30077229907494
431085,Jaboticaba,2023,3847,106763,27.752274499610085
431087,Jacuizinho,2023,2066,125146,60.57405614714424
431090,Jacutinga,2023,3398,188689,55.52942907592701
431100,Jaguarão,2023,27396,1034802,37.772010512483575
431110,Jaguari,2023,10771,328937,30.539132856744963
431112,Jaquirana,2023,3751,101810,27.142095441215677
431113,Jari,2023,3412,211635,62.026670574443145
431115,Jóia,2023,7294,345894,47.421716479298055
431120,Júlio de Castilhos,2023,18545,1306882,70.47085467781073
431123,Lagoa Bonita do Sul,2023,2283,84224,36.89180902321507
431125,Lagoão,2023,5421,149771,27.62792842648958
431127,Lagoa dos Três Cantos,2023,1781,81864,45.965188096574956
431130,Lagoa Vermelha,2023,28622,1608163,56.186255328069315
431140,Lajeado,2023,96879,6705227,69.21238864975898
431142,Lajeado do Bugre,2023,2661,65433,24.589627959413754
431150,Lavras do Sul,2023,7290,369845,50.73319615912209
431160,Liberato Salzano,2023,4845,152571,31.490402476780186
431162,Lindolfo Collor,2023,6420,353109,55.001401869158876
431164,Linha Nova,2023,1721,76154,44.249854735618825
431170,Machadinho,2023,5867,260895,44.46821203340719
431171,Maçambará,2023,4485,367963,82.04303232998885
431173,Mampituba,2023,3203,101220,31.601623477989385
431175,Manoel Viana,2023,6915,303342,43.867245119305856
431177,Maquiné,2023,7593,228748,30.126168839720794
431179,Maratá,2023,2521,104147,41.31178103927013
431180,Marau,2023,46748,3738295,79.96695045777359
431190,Marcelino Ramos,2023,4382,192535,43.93769968051118
431198,Mariana Pimentel,2023,4005,117787,29.409987515605494
431200,Mariano Moro,2023,1884,71583,37.995222929936304
431205,Marques de Souza,2023,4050,137495,33.949382716049385
431210,Mata,2023,4782,174006,36.38770388958595
431213,Mato Castelhano,2023,2611,128502,49.21562619685944
431215,Mato Leitão,2023,5001,295044,58.997000599880025
431217,Mato Queimado,2023,1833,61648,33.63229678123295
431220,Maximiliano de Almeida,2023,4251,159588,37.54128440366973
431225,Minas do Leão,2023,7661,291061,37.992559718052476
431230,Miraguaí,2023,4501,200597,44.5672072872695
431235,Montauri,2023,1530,73733,48.19150326797386
431237,Monte Alegre dos Campos,2023,3251,117051,36.00461396493387
431238,Monte Belo do Sul,2023,2608,126816,48.625766871165645
431240,Montenegro,2023,66352,5259437,79.26568905232698
431242,Mormaço,2023,2815,102289,36.33712255772647
431244,Morrinhos do Sul,2023,3133,103248,32.95499521225662
431245,Morro Redondo,2023,6168,153226,24.842088197146563
431247,Morro Reuter,2023,6167,304040,49.301118858440084
431250,Mostardas,2023,12347,494341,40.03733700494047
431260,Muçum,2023,4692,273363,58.26150895140665
431261,Muitos Capões,2023,2937,950302,323.56213823629554
431262,Muliterno,2023,1754,71170,40.57582668187001
431265,Não,2023,18335,2951960,161.00136351240798
431267,Nicolau Vergueiro,2023,1982,101823,51.37386478304742
431270,Nonoai,2023,14074,539374,38.324143811283214
431275,Nova Alvorada,2023,3229,201942,62.5401052957572
431280,Nova Araçá,2023,5098,474775,93.12965868968223
431290,Nova Bassano,2023,9867,765058,77.53704266747745
431295,Nova Boa Vista,2023,2089,137786,65.95787458113931
431300,Nova Bréscia,2023,3104,153973,49.60470360824742
431301,Nova Candelária,2023,3138,225892,71.9859783301466
431303,Nova Esperança do Sul,2023,4976,197238,39.63786173633441
431306,Nova Hartz,2023,20558,1054362,51.28718746959821
431308,Nova Pádua,2023,2389,115884,48.50732524068648
431310,Nova Palma,2023,5676,306852,54.061310782241016
431320,Nova Petrópolis,2023,23934,1103618,46.11088827609259
431330,Nova Prata,2023,26637,1559276,58.53797349551376
431333,Nova Ramada,2023,2198,204997,93.26524112829846
431335,Nova Roma do Sul,2023,3545,206674,58.300141043723556
431337,Nova Santa Rita,2023,30189,3229383,106.97217529563748
431339,Novo Cabrais,2023,3633,131684,36.2466281310212
431340,Novo Hamburgo,2023,235802,11936582,50.62120762334501
431342,Novo Machado,2023,3239,140899,43.500771843161466
431344,Novo Tiradentes,2023,2187,73353,33.540466392318244
431346,Novo Xingu,2023,1677,67741,40.394156231365535
431349,Novo Barreiro,2023,4375,120313,27.500114285714286
431350,Osório,2023,48999,2141950,43.71415743178432
431360,Paim Filho,2023,3685,162821,44.18480325644505
431365,Palmares do Sul,2023,13189,739855,56.09636818560922
431370,Palmeira das Missões,2023,34227,1708324,49.911590264995475
431380,Palmitinho,2023,8042,265325,32.992414822183534
431390,Panambi,2023,45102,4011216,88.93654383397632
431395,Pantano Grande,2023,10443,576614,55.2153595710045
431400,Paraí,2023,7362,488256,66.32110839445802
431402,Paraíso do Sul,2023,6627,230034,34.711634223630604
431403,Pareci Novo,2023,4441,159254,35.85994145462734
431405,Parobé,2023,53569,1725746,32.21538576415464
431406,Passa Sete,2023,4024,144618,35.938866799204774
431407,Passo do Sobrado,2023,6155,281871,45.79545085296507
431410,Passo Fundo,2023,214811,14069540,65.49729762442333
431413,Paulo Bento,2023,2188,238558,109.03016453382084
431415,Paverama,2023,8146,301262,36.98281365087159
431417,Pedras Altas,2023,2099,172852,82.34969032872796
431420,Pedro Osório,2023,7631,242415,31.767134058445812
431430,Pejuçara,2023,3817,293084,76.78386167146974
431440,Pelotas,2023,336150,12480919,37.12901680797263
431442,Picada Café,2023,5473,393452,71.88964005116024
431445,Pinhal,2023,3039,154127,50.71635406383679
431446,Pinhal da Serra,2023,2300,249016,108.26782608695652
431447,Pinhal Grande,2023,3861,500998,129.75861175861175
431449,Pinheirinho do Vale,2023,4638,140566,30.30746011211729
431450,Pinheiro Machado,2023,11395,357896,31.408161474330846
431454,Pinto Bandeira,2023,2785,93134,33.44129263913824
431455,Pirapó,2023,2255,72016,31.936141906873615
431460,Piratini,2023,17770,744361,41.88863252673045
431470,Planalto,2023,10624,325778,30.664344879518072
431475,Poço das Antas,2023,2224,100774,45.31205035971223
431477,Pontão,2023,3345,271978,81.30881913303438
431478,Ponte Preta,2023,1602,78317,48.887016229712856
431480,Portão,2023,35273,1816677,51.50333115981062
431490,Porto Alegre,2023,1388794,104743272,75.42030855548052
431500,Porto Lucena,2023,4414,128972,29.218849116447668
431505,Porto Mauá,2023,2173,79557,36.61159687068569
431507,Porto Vera Cruz,2023,1582,48373,30.577117572692792
431510,Porto Xavier,2023,10127,230082,22.719660314012046
431513,Pouso Novo,2023,1771,57904,32.69565217391305
431514,Presidente Lucena,2023,3166,371734,117.41440303221731
431515,Progresso,2023,5423,181523,33.47280103263876
431517,Protásio Alves,2023,2070,93358,45.10048309178744
431520,Putinga,2023,3809,153758,40.36702546600158
431530,Quaraí,2023,23995,720057,30.008626797249427
431531,Quatro Irmãos,2023,1577,136523,86.571337983513
431532,Quevedos,2023,2553,156253,61.20368194281238
431535,Quinze de Novembro,2023,4003,172891,43.19035723207595
431540,Redentora,2023,9931,207604,20.90464203000705
431545,Relvado,2023,1826,75597,41.40032858707558
431550,Restinga Sêca,2023,15205,643230,42.3038474186123
431555,Rio dos Índios,2023,2866,116660,40.704815073272854
431560,Rio Grande,2023,198935,14106680,70.91100108075501
431570,Rio Pardo,2023,35641,1248019,35.01638562329901
431575,Riozinho,2023,4574,165772,36.24223874070835
431580,Roca Sales,2023,10646,626611,58.85882021416494
431590,Rodeio Bonito,2023,6831,301150,44.08578539013322
431595,Rolador,2023,2330,91405,39.22961373390558
431600,Rolante,2023,21752,951008,43.720485472600224
431610,Ronda Alta,2023,9969,402816,40.406861269936805
431620,Rondinha,2023,5078,227716,44.843639228042534
431630,Roque Gonzales,2023,6693,396753,59.27879874495742
431640,Rosário do Sul,2023,37674,1498313,39.77047831395657
431642,Sagrada Família,2023,2528,67102,26.543512658227847
431643,Saldanha Marinho,2023,2619,170089,64.9442535318824
431645,Salto do Jacuí,2023,10357,594921,57.44144057159409
431647,Salvador das Missões,2023,2955,162260,54.91032148900169
431650,Salvador do Sul,2023,7184,395636,55.07182628062361
431660,Sananduva,2023,16770,877957,52.35283243887895
431670,Santa Bárbara do Sul,2023,8269,875561,105.88475027210062
431673,Santa Cecília do Sul,2023,1710,91361,53.427485380116956
431675,Santa Clara do Sul,2023,7079,427744,60.42435372227716
431680,Santa Cruz do Sul,2023,138270,13396618,96.88737976422941
431690,Santa Maria,2023,282395,10932024,38.711818552028184
431695,Santa Maria do Herval,2023,6486,271501,41.8595436324391
431697,Santa Margarida do Sul,2023,2661,278310,104.58850056369786
431700,Santana da Boa Vista,2023,7128,237629,33.337401795735126
431710,Sant'Ana do Livramento,2023,87329,3143614,35.997366281533054
431720,Santa Rosa,2023,79488,4530356,56.99421296296296
431725,Santa Tereza,2023,1529,53742,35.148463047743626
431730,Santa Vitória do Palmar,2023,31965,1990739,62.278711090254966
431740,Santiago,2023,50336,1861691,36.98527892561984
431750,Santo Ângelo,2023,79146,3379818,42.703585778182095
431755,Santo Antônio do Palma,2023,2134,112425,52.682755388940954
431760,Santo Antônio da Patrulha,2023,44431,2178831,49.038531655825885
431770,Santo Antônio das Missões,2023,10485,433323,41.32789699570815
431775,Santo Antônio do Planalto,2023,2138,166647,77.94527595884004
431780,Santo Augusto,2023,14196,728450,51.31375035221189
431790,Santo Cristo,2023,15667,766616,48.931895066062424
431795,Santo Expedito do Sul,2023,2395,105537,44.06555323590814
431800,São Borja,2023,61311,2550388,41.59755998108007
431805,São Domingos do Sul,2023,2806,130564,46.53029223093371
431810,São Francisco de Assis,2023,17934,592569,33.04165272666444
431820,São Francisco de Paula,2023,22388,1202082,53.69313918170448
431830,São Gabriel,2023,60090,2682926,44.64846064236978
431840,São Jerônimo,2023,21412,712278,33.26536521576686
431842,São João da Urtiga,2023,4547,198261,43.602595117659995
431843,São João do Polêsine,2023,2708,117973,43.564623338257014
431844,São Jorge,2023,2976,113154,38.02217741935484
431845,São José das Missões,2023,2399,76281,31.79699874947895
431846,São José do Herval,2023,1931,55694,28.842050750906267
431848,São José do Hortêncio,2023,4555,149146,32.74335894621295
431849,São José do Inhacorá,2023,2466,214097,86.81954582319545
431850,São José do Norte,2023,26248,1273464,48.516610789393475
431860,São José do Ouro,2023,6978,426238,61.08311837202637
431861,São José do Sul,2023,2443,111514,45.64633647155137
431862,São José dos Ausentes,2023,4295,177177,41.251920838183935
431870,São Leopoldo,2023,225737,11740913,52.01146909899573
431880,São Lourenço do Sul,2023,43278,1719596,39.73372152132723
431890,São Luiz Gonzaga,2023,35865,1712990,47.76216366931549
431900,São Marcos,2023,21549,1488757,69.08705740405587
431910,São Martinho,2023,5587,304939,54.580096652944334
431912,São Martinho da Serra,2023,2908,211210,72.63067400275104
431915,São Miguel das Missões,2023,7193,517182,71.90073682747115
431920,São Nicolau,2023,5243,178749,34.09288575243181
431930,São Paulo das Missões,2023,5943,214703,36.12704021537944
431935,São Pedro da Serra,2023,3618,122651,33.900221116639024
431936,São Pedro das Missões,2023,1790,72911,40.73240223463687
431937,São Pedro do Butiá,2023,3142,139485,44.39369828134946
431940,São Pedro do Sul,2023,15863,505803,31.885708882304733
431950,São Sebastião do Caí,2023,24898,1123568,45.12683749698771
431960,São Sepé,2023,21551,1059509,49.16286947241427
431970,São Valentim,2023,3320,124878,37.61385542168675
431971,São Valentim do Sul,2023,2255,84857,37.63059866962306
431973,São Valério do Sul,2023,2593,67841,26.163131507905902
431975,São Vendelino,2023,2309,105311,45.60892161108705
431980,São Vicente do Sul,2023,8257,469886,56.90759355698196
431990,Sapiranga,2023,77935,4674054,59.973747353563866
432000,Sapucaia do Sul,2023,136572,4729408,34.62941159242011
432010,Sarandi,2023,23374,1427661,61.07901942329084
432020,Seberi,2023,12325,827496,67.13963488843814
432023,Sede Nova,2023,2750,122595,44.58
432026,Segredo,2023,6098,181686,29.794358806165956
432030,Selbach,2023,5222,286810,54.923400995787055
432032,Senador Salgado Filho,2023,2725,93393,34.27266055045872
432035,Sentinela do Sul,2023,5424,179897,33.16685103244838
432040,Serafina Corrêa,2023,17407,988516,56.788418452346754
432045,Sério,2023,2089,70329,33.6663475347056
432050,Sertão,2023,5630,389514,69.1854351687389
432055,Sertão Santana,2023,5989,344571,57.533978961429284
432057,Sete de Setembro,2023,1881,77186,41.03455608718767
432060,Severiano de Almeida,2023,3463,142412,41.123881028010395
432065,Silveira Martins,2023,2056,72204,35.11867704280156
432067,Sinimbu,2023,8685,248267,28.58572251007484
432070,Sobradinho,2023,14512,523240,36.05567805953694
432080,Soledade,2023,30939,1312842,42.433239600504216
432085,Tabaí,2023,4569,176254,38.576056029765816
432090,Tapejara,2023,25256,1870497,74.06149033892936
432100,Tapera,2023,10824,584149,53.967941611234295
432110,Tapes,2023,14920,634090,42.49932975871314
432120,Taquara,2023,54353,1815775,33.4070796460177
432130,Taquari,2023,25963,1123745,43.28255594499865
432132,Taquaruçu do Sul,2023,3192,188337,59.00281954887218
432135,Tavares,2023,5319,135924,25.55442752397067
432140,Tenente Portela,2023,14820,614914,41.49217273954116
432143,Terra de Areia,2023,10575,342570,32.39432624113475
432145,Teutônia,2023,34023,2003351,58.88225612085942
432146,Tio Hugo,2023,3358,173559,51.68522930315664
432147,Tiradentes do Sul,2023,5188,162975,31.413839629915188
432149,Toropi,2023,2594,82304,31.728604471858134
432150,Torres,2023,43344,1835529,42.34793743078627
432160,Tramandaí,2023,56430,1579725,27.994417862838915
432162,Travesseiro,2023,2192,86078,39.269160583941606
432163,Três Arroios,2023,2636,134291,50.944992412746586
432166,Três Cachoeiras,2023,11224,372783,33.21302565930149
432170,Três Coroas,2023,24428,1046073,42.82270345505158
432180,Três de Maio,2023,25466,1525082,59.886986570329064
432183,Três Forquilhas,2023,2813,79197,28.153928190543905
432185,Três Palmeiras,2023,4829,165901,34.3551459929592
432190,Três Passos,2023,26304,1228032,46.68613138686131
432195,Trindade do Sul,2023,7785,403531,51.83442517662171
432200,Triunfo,2023,28435,7571335,266.26815544223666
432210,Tucunduva,2023,5646,231162,40.94261424017003
432215,Tunas,2023,3732,94250,25.2545551982851
432218,Tupanci do Sul,2023,1396,79798,57.16189111747851
432220,Tupanciretã,2023,20324,1275254,62.74621137571344
432225,Tupandi,2023,5172,604244,116.82985305491106
432230,Tuparendi,2023,8535,375006,43.93743409490334
432232,Turuçu,2023,3488,161326,46.25172018348624
432234,Ubiretama,2023,2025,73526,36.309135802469136
432235,União da Serra,2023,1183,64313,54.3643279797126
432237,Unistalda,2023,2047,71038,34.70346849047387
432240,Uruguaiana,2023,120819,3915554,32.40842913780117
432250,Vacaria,2023,66146,3701333,55.9570193208962
432252,Vale Verde,2023,3213,156860,48.820417055711175
432253,Vale do Sol,2023,10069,380489,37.78816168437779
432254,Vale Real,2023,6223,298091,47.90149445605014
432255,Vanini,2023,2047,81724,39.923790913531995
432260,Venâncio Aires,2023,70842,4683134,66.1067445865447
432270,Vera Cruz,2023,27670,1126736,40.72049150704734
432280,Veranópolis,2023,24554,2395417,97.55709863973283
432285,Vespasiano Corrêa,2023,1851,104348,56.37385197190708
432290,Viadutos,2023,4847,191223,39.4518258716732
432300,Viamão,2023,231996,5545184,23.902067277022017
432310,Vicente Dutra,2023,4741,147864,31.188356886732755
432320,Victor Graeff,2023,2829,235754,83.33474726051608
432330,Vila Flores,2023,3741,376709,100.69740711039829
432335,Vila Lângaro,2023,2121,155271,73.2065063649222
432340,Vila Maria,2023,4515,393600,87.17607973421927
432345,Vila Nova do Sul,2023,3932,217498,55.31485249237029
432350,Vista Alegre,2023,2710,137185,50.62177121771218
432360,Vista Alegre do Prata,2023,1624,76367,47.024014778325125
432370,Vista Gaúcha,2023,2843,94256,33.153710868800566
432375,Vitória das Missões,2023,3316,89071,26.860977080820266
432377,Westfália,2023,3223,234678,72.81352776915917
432380,Xangri,2023,16949,914704,53.96802171219541
500020,Água Clara,2023,17901,1544633,86.28752583654544
500025,Alcinópolis,2023,4649,384368,82.6775650677565
500060,Amambai,2023,41751,2426261,58.11264400852674
500070,Anastácio,2023,24781,783841,31.63072515233445
500080,Anaurilândia,2023,7688,623710,81.12773152965661
500085,Angélica,2023,11308,1243471,109.96383091616555
500090,Antônio João,2023,9717,851781,87.65884532263044
500100,Aparecida do Taboado,2023,29826,2189222,73.39978542211493
500110,Aquidauana,2023,48689,1437451,29.52311610425353
500124,Aral Moreira,2023,11125,1348752,121.23613483146067
500150,Bandeirantes,2023,8342,1001346,120.03668185087508
500190,Bataguassu,2023,24222,1841917,76.04314259763851
500200,Batayporã,2023,10947,784829,71.69352333972778
500210,Bela Vista,2023,21881,1176300,53.758968968511496
500215,Bodoquena,2023,8887,386420,43.48148981658603
500220,Bonito,2023,25034,1586577,63.376887433091
500230,Brasilândia,2023,11833,1159417,97.98166145525227
500240,Caarapó,2023,32748,2553085,77.96155490411628
500260,Camapuã,2023,13928,872276,62.62751292360712
500270,Campo Grande,2023,962883,42269768,43.899173627533145
500280,Caracol,2023,5096,251148,49.283359497645215
500290,Cassilândia,2023,21565,1059973,49.15246927892418
500295,Chapadão do Sul,2023,34606,3329527,96.21241981159336
500310,Corguinho,2023,4892,172551,35.27207686017989
500315,Coronel Sapucaia,2023,14685,388241,26.43792986040177
500320,Corumbá,2023,98751,4187429,42.40391489706433
500325,Costa Rica,2023,28740,3341491,116.26621433542101
500330,Coxim,2023,33440,1400833,41.89093899521531
500345,Deodápolis,2023,14317,712633,49.77530208842634
500348,Dois Irmãos do Buriti,2023,11521,456777,39.64733964065619
500350,Douradina,2023,5768,259999,45.07610957004161
500370,Dourados,2023,264017,20257953,76.7297295249927
500375,Eldorado,2023,11622,704592,60.62570986060919
500380,Fátima do Sul,2023,21504,769333,35.77627418154762
500390,Figueirão,2023,3751,186835,49.80938416422288
500400,Glória de Dourados,2023,10817,449930,41.59471202736433
500410,Guia Lopes da Laguna,2023,10116,477600,47.21233689205219
500430,Iguatemi,2023,13960,962593,68.95365329512894
500440,Inocência,2023,8764,946307,107.97660885440438
500450,Itaporã,2023,25263,1525654,60.39084827613506
500460,Itaquiraí,2023,20060,1546553,77.09636091724826
500470,Ivinhema,2023,30001,2005469,66.84673844205193
500480,Japorã,2023,8441,242175,28.690321052008056
500490,Jaraguari,2023,7480,717701,95.94933155080214
500500,Jardim,2023,24504,1130237,46.12459190336271
500510,Jateí,2023,3596,729978,202.9972191323693
500515,Juti,2023,7067,517930,73.28852412622047
500520,Ladário,2023,22425,420685,18.75964325529543
500525,Laguna Carapã,2023,7037,1257650,178.71962484013073
500540,Maracaju,2023,48073,5921262,123.17230045971752
500560,Miranda,2023,26512,782435,29.512484912492457
500568,Mundo Novo,2023,20087,1018195,50.68925175486633
500570,Naviraí,2023,53014,3670207,69.23090127136228
500580,Nioaque,2023,13354,618784,46.33697768458889
500600,Nova Alvorada do Sul,2023,23409,2592615,110.75291554530308
500620,Nova Andradina,2023,50848,3568745,70.18456969792322
500625,Novo Horizonte do Sul,2023,4801,450886,93.91501770464487
500627,Paraíso das Águas,2023,5842,1389706,237.88188976377953
500630,Paranaíba,2023,42638,2012106,47.190440452178805
500635,Paranhos,2023,13368,371183,27.766532016756432
500640,Pedro Gomes,2023,6910,460934,66.70535455861071
500660,Ponta Porã,2023,98598,6069790,61.56098500983793
500690,Porto Murtinho,2023,12721,571511,44.92657809920604
500710,Ribas do Rio Pardo,2023,24152,3353286,138.84092414706856
500720,Rio Brilhante,2023,40419,3833911,94.85417749078404
500730,Rio Negro,2023,4921,170386,34.62426336110546
500740,Rio Verde de Mato Grosso,2023,20454,926597,45.30150581793292
500750,Rochedo,2023,5451,352337,64.63713080168776
500755,Santa Rita do Pardo,2023,7165,642967,89.73719469644104
500769,São Gabriel do Oeste,2023,32207,2883850,89.54109355109138
500770,Sete Quedas,2023,11322,493949,43.62736265677442
500780,Selvíria,2023,8716,2691218,308.76755392381824
500790,Sidrolândia,2023,49735,4102346,82.48408565396602
500793,Sonora,2023,14813,1489093,100.52609194626342
500795,Tacuru,2023,11205,378151,33.74841588576528
500797,Taquarussu,2023,3740,215369,57.58529411764706
500800,Terenos,2023,18182,1348544,74.16917830821691
500830,Três Lagoas,2023,143523,14761816,102.8533127094612
500840,Vicentina,2023,6505,384734,59.14435049961568
510010,Acorizal,2023,4948,169373,34.23059822150364
510020,Água Boa,2023,32099,2479715,77.25209508084365
510025,Alta Floresta,2023,62158,3034593,48.820634512049935
510030,Alto Araguaia,2023,17751,2036609,114.73207143259535
510035,Alto Boa Vista,2023,5920,307732,51.98175675675676
510040,Alto Garças,2023,13956,1233308,88.37116652335912
510050,Alto Paraguai,2023,7525,171251,22.757607973421926
510060,Alto Taquari,2023,11877,1194826,100.59998316073083
510080,Apiacás,2023,8693,291453,33.52732083285402
510100,Araguaiana,2023,4005,169005,42.19850187265918
510120,Araguainha,2023,997,31097,31.190571715145435
510125,Araputanga,2023,14805,864362,58.383113812901044
510130,Arenápolis,2023,10769,325467,30.222583341071594
510140,Aripuanã,2023,26558,1451936,54.670381805858874
510160,Barão de Melgaço,2023,7137,143657,20.128485357993554
510170,Barra do Bugres,2023,29406,1774198,60.334557573284364
510180,Barra do Garças,2023,73878,3537696,47.88564931373345
510185,Bom Jesus do Araguaia,2023,7912,1001994,126.6423154701719
510190,Brasnorte,2023,17645,2668091,151.2094644375177
510250,Cáceres,2023,91767,2795729,30.465515926204407
510260,Campinápolis,2023,15808,614856,38.895242914979754
510263,Campo Novo do Parecis,2023,51722,7917233,153.07283167704264
510267,Campo Verde,2023,49053,5099105,103.95093062605753
510268,Campos de Júlio,2023,9946,2905079,292.0851598632616
510269,Canabrava do Norte,2023,4451,299035,67.18377892608403
510270,Canarana,2023,28324,3000654,105.940333286259
510279,Carlinda,2023,10260,423098,41.23762183235868
510285,Castanheira,2023,7392,261557,35.38379329004329
510300,Chapada dos Guimarães,2023,19458,1817596,93.4112447322438
510305,Cláudia,2023,9301,1192573,128.21986883130847
510310,Cocalinho,2023,6495,363690,55.995381062355655
510320,Colíder,2023,32054,1958222,61.091345853871594
510325,Colniza,2023,26026,852175,32.743218320141395
510330,Comodoro,2023,18469,1088026,58.91093183171802
510335,Confresa,2023,38460,1967776,51.16422256890276
510336,Conquista D'Oeste,2023,3908,179152,45.84237461617195
510337,Cotriguaçu,2023,10030,327751,32.67706879361914
510340,Cuiabá,2023,691875,39050753,56.44191942186089
510343,Curvelândia,2023,4970,135779,27.319718309859155
510345,Denise,2023,6675,777254,116.4425468164794
510350,Diamantino,2023,22623,5741878,253.8070989700747
510360,Dom Aquino,2023,7890,724834,91.86742712294043
510370,Feliz Natal,2023,10523,1151311,109.4090088377839
510380,Figueirópolis D'Oeste,2023,3056,112557,36.83147905759162
510385,Gaúcha do Norte,2023,9397,1385921,147.48547408747473
510390,General Carneiro,2023,6319,506493,80.15398006013609
510395,Glória D'Oeste,2023,2878,115168,40.016678248783876
510410,Guarantã do Norte,2023,31209,1286329,41.21660418469031
510420,Guiratinga,2023,10252,706016,68.86617245415529
510450,Indiavaí,2023,2172,109660,50.48802946593002
510452,Ipiranga do Norte,2023,8658,2175037,251.2170247170247
510454,Itanhangá,2023,8257,856166,103.68971781518711
510455,Itaúba,2023,5201,666707,128.1882330321092
510460,Itiquira,2023,12587,2049319,162.81234607134346
510480,Jaciara,2023,29803,1711568,57.42938630339228
510490,Jangada,2023,7413,210301,28.369216241737487
510500,Jauru,2023,7881,371424,47.12904453749524
510510,Juara,2023,36089,1859025,51.51223364460085
510515,Juína,2023,48396,1845536,38.13406066617076
510517,Juruena,2023,10057,386051,38.38629810082529
510520,Juscimeira,2023,11622,555049,47.75847530545517
510523,Lambari D'Oeste,2023,4662,284219,60.96503646503646
510525,Lucas do Rio Verde,2023,95792,8238966,86.00891514949056
510530,Luciara,2023,2616,95374,36.45795107033639
510550,Vila Bela da Santíssima Trindade,2023,17592,946663,53.81213051386994
510558,Marcelândia,2023,11355,1029292,90.64658740642889
510560,Matupá,2023,21959,1790694,81.54715606357303
510562,Mirassol d'Oeste,2023,27637,1163379,42.09498136556066
510590,Nobres,2023,15796,1492553,94.48930108888327
510600,Nortelândia,2023,5890,399399,67.80967741935484
510610,Nossa Senhora do Livramento,2023,11658,433626,37.19557385486361
510615,Nova Bandeirantes,2023,14340,506046,35.28912133891213
510617,Nova Nazaré,2023,4575,183702,40.15344262295082
510618,Nova Lacerda,2023,7072,486837,68.84007352941177
510619,Nova Santa Helena,2023,4502,483791,107.46135051088405
510620,Nova Brasilândia,2023,3791,216720,57.16697441308362
510621,Nova Canaã do Norte,2023,11734,1057942,90.16038861428328
510622,Nova Mutum,2023,63455,7647129,120.51263099834529
510623,Nova Olímpia,2023,16204,771964,47.64033571957541
510624,Nova Ubiratã,2023,9760,3184847,326.31629098360656
510625,Nova Xavantina,2023,25915,1185192,45.73382211074667
510626,Novo Mundo,2023,6368,626984,98.45854271356784
510627,Novo Horizonte do Norte,2023,3267,132646,40.60177532904806
510628,Novo São Joaquim,2023,7239,930872,128.59124188423814
510629,Paranaíta,2023,12079,833109,68.97168639788062
510630,Paranatinga,2023,28870,2920746,101.16889504676135
510631,Novo Santo Antônio,2023,2041,71503,35.03331700146987
510637,Pedra Preta,2023,18946,1490775,78.68547450649214
510642,Peixoto de Azevedo,2023,33754,1146389,33.96305623037269
510645,Planalto da Serra,2023,3328,296060,88.96033653846153
510650,Poconé,2023,31203,861874,27.621510752171265
510665,Pontal do Araguaia,2023,7441,244682,32.88294584061282
510670,Ponte Branca,2023,2098,49856,23.76358436606292
510675,Pontes e Lacerda,2023,55762,2856805,51.232111473763496
510677,Porto Alegre do Norte,2023,12649,558330,44.140248240967665
510680,Porto dos Gaúchos,2023,5705,1444695,253.23312883435582
510682,Porto Esperidião,2023,10088,323734,32.09099920697859
510685,Porto Estrela,2023,3141,99847,31.788283985991722
510700,Poxoréu,2023,25103,1242007,49.476437079233555
510704,Primavera do Leste,2023,96006,8571209,89.27784721788221
510706,Querência,2023,31100,3771292,121.26340836012862
510710,São José dos Quatro Marcos,2023,17721,550358,31.056825235596186
510715,Reserva do Cabaçal,2023,2020,54024,26.744554455445545
510718,Ribeirão Cascalheira,2023,10541,814506,77.27027796224267
510719,Ribeirãozinho,2023,2733,192864,70.56860592755214
510720,Rio Branco,2023,4440,129895,29.25563063063063
510724,Santa Carmem,2023,5795,1133113,195.53287316652288
510726,Santo Afonso,2023,2416,193731,80.18667218543047
510729,São José do Povo,2023,2716,70176,25.8379970544919
510730,São José do Rio Claro,2023,14455,1683036,116.4327914216534
510735,São José do Xingu,2023,6234,843182,135.25537375681745
510740,São Pedro da Cipa,2023,4250,81085,19.078823529411764
510757,Rondolândia,2023,3518,135694,38.57134735645253
510760,Rondonópolis,2023,263708,16568250,62.82801431886784
510770,Rosário Oeste,2023,15041,650377,43.24027657735523
510774,Santa Cruz do Xingu,2023,2904,601239,207.03822314049586
510775,Salto do Céu,2023,3657,120131,32.84960350013672
510776,Santa Rita do Trivelato,2023,3536,1341337,379.33738687782807
510777,Santa Terezinha,2023,7737,306137,39.56792038257723
510779,Santo Antônio do Leste,2023,4244,1313632,309.5268614514609
510780,Santo Antônio de Leverger,2023,16839,743717,44.1663400439456
510785,São Félix do Araguaia,2023,14604,2351792,161.0375239660367
510787,Sapezal,2023,32514,6410247,197.1534415943901
510788,Serra Nova Dourada,2023,1941,160052,82.4585265327151
510790,Sinop,2023,223780,11736047,52.44457502904638
510792,Sorriso,2023,124665,13748757,110.28562146552761
510794,Tabaporã,2023,9895,1540339,155.66841839312784
510795,Tangará da Serra,2023,114603,5602200,48.88353708018115
510800,Tapurah,2023,15638,2467467,157.786609540862
510805,Terra Nova do Norte,2023,10591,571448,53.95600037767916
510810,Tesouro,2023,2935,326968,111.403066439523
510820,Torixoréu,2023,4238,241589,57.00542708824917
510830,União do Sul,2023,3904,601637,154.1078381147541
510835,Vale de São Domingos,2023,2892,81318,28.11825726141079
510840,Várzea Grande,2023,318922,13984218,43.84839553244994
510850,Vera,2023,10758,1504304,139.83119538947759
510860,Vila Rica,2023,19686,920621,46.765264655084835
510880,Nova Guarita,2023,4546,236922,52.11658600967884
510885,Nova Marilândia,2023,3731,551799,147.89573840793352
510890,Nova Maringá,2023,5705,1490869,261.3267309377739
510895,Nova Monte Verde,2023,8470,441951,52.17839433293979
520005,Abadia de Goiás,2023,22052,477983,21.67526754942862
520010,Abadiânia,2023,17738,633025,35.687507047017704
520013,Acreúna,2023,22079,1188179,53.81489197880339
520015,Adelândia,2023,2282,59486,26.067484662576685
520017,Água Fria de Goiás,2023,4979,476288,95.65936935127536
520020,Água Limpa,2023,1843,74935,40.65925122083559
520025,Águas Lindas de Goiás,2023,245352,3062185,12.480782712184942
520030,Alexânia,2023,28244,1832281,64.87328282113015
520050,Aloândia,2023,1977,66408,33.59028831562974
520055,Alto Horizonte,2023,6487,623006,96.03915523354401
520060,Alto Paraíso de Goiás,2023,11182,408322,36.516007869790734
520080,Alvorada do Norte,2023,8619,223109,25.885717600649727
520082,Amaralina,2023,3267,124601,38.13927150290787
520085,Americano do Brasil,2023,5260,106099,20.170912547528516
520090,Amorinópolis,2023,2906,130845,45.0258086717137
520110,Anápolis,2023,420300,20432109,48.613154889364736
520120,Anhanguera,2023,913,26738,29.285870755750274
520130,Anicuns,2023,18306,730524,39.906260242543425
520140,Aparecida de Goiânia,2023,556021,20888937,37.56861161718712
520145,Aparecida do Rio Doce,2023,3045,151337,49.70016420361248
520150,Aporé,2023,4488,518582,115.54857397504456
520160,Araçu,2023,3840,87232,22.716666666666665
520170,Aragarças,2023,18601,360573,19.3846029783345
520180,Aragoiânia,2023,12806,237889,18.57637045135093
520215,Araguapaz,2023,7152,252818,35.349272930648766
520235,Arenópolis,2023,2904,268947,92.61260330578513
520250,Aruanã,2023,8570,379921,44.331505250875146
520260,Aurilândia,2023,3237,111363,34.403151065801666
520280,Avelinópolis,2023,2993,83608,27.9345138656866
520310,Baliza,2023,3306,175462,53.07380520266182
520320,Barro Alto,2023,10853,1686187,155.36598175619645
520330,Bela Vista de Goiás,2023,37305,1983166,53.160863155073045
520340,Bom Jardim de Goiás,2023,7775,418166,53.78340836012862
520350,Bom Jesus de Goiás,2023,24925,1512295,60.67382146439318
520355,Bonfinópolis,2023,11025,158520,14.378231292517007
520357,Bonópolis,2023,3289,282294,85.8297354819094
520360,Brazabrantes,2023,4201,106412,25.330159485836706
520380,Britânia,2023,5798,305497,52.69006553984133
520390,Buriti Alegre,2023,10930,561621,51.38344007319305
520393,Buriti de Goiás,2023,2800,78971,28.20392857142857
520396,Buritinópolis,2023,3140,68010,21.659235668789808
520400,Cabeceiras,2023,7689,484328,62.98972558200026
520410,Cachoeira Alta,2023,11854,365150,30.803948034418763
520420,Cachoeira de Goiás,2023,1417,45522,32.12561750176429
520425,Cachoeira Dourada,2023,7762,890576,114.73537748003092
520430,Caçu,2023,14034,1219984,86.9305971212769
520440,Caiapônia,2023,16628,1456338,87.58347365888862
520450,Caldas Novas,2023,106820,3782024,35.40557947949822
520455,Caldazinha,2023,4819,103502,21.477899979248807
520460,Campestre de Goiás,2023,3879,78260,20.17530291312194
520465,Campinaçu,2023,3760,135965,36.160904255319146
520470,Campinorte,2023,12983,422671,32.55572671955634
520480,Campo Alegre de Goiás,2023,7807,964885,123.59228897143589
520485,Campo Limpo de Goiás,2023,8579,237751,27.71313672922252
520490,Campos Belos,2023,18227,404844,22.211225105612552
520495,Campos Verdes,2023,3822,80964,21.183673469387756
520500,Carmo do Rio Verde,2023,9988,543627,54.428013616339605
520505,Castelândia,2023,2871,140321,48.8753047718565
520510,Catalão,2023,122760,10345993,84.27820951449984
520520,Caturaí,2023,5352,126676,23.668908819133033
520530,Cavalcante,2023,9730,373219,38.35755395683453
520540,Ceres,2023,22570,986057,43.68883473637572
520545,Cezarina,2023,8301,533170,64.2296108902542
520547,Chapadão do Céu,2023,14321,2486006,173.5916486278891
520549,Cidade Ocidental,2023,101570,1351013,13.3012995963375
520551,Cocalzinho de Goiás,2023,27196,530183,19.49488895425798
520552,Colinas do Sul,2023,4188,87397,20.868433619866284
520570,Córrego do Ouro,2023,2441,87370,35.79270790659566
520580,Corumbá de Goiás,2023,10724,340461,31.74757553151809
520590,Corumbaíba,2023,9484,1081678,114.05293125263601
520620,Cristalina,2023,66827,5707718,85.41035808879644
520630,Cristianópolis,2023,3670,134732,36.71171662125341
520640,Crixás,2023,17532,611859,34.89955509924709
520650,Cromínia,2023,3999,140959,35.248562140535135
520660,Cumari,2023,2951,115381,39.09894950864114
520670,Damianópolis,2023,3917,59529,15.197600204237936
520680,Damolândia,2023,2753,60604,22.013803123864875
520690,Davinópolis,2023,1889,496504,262.83959767072525
520710,Diorama,2023,1991,121731,61.14063284781517
520725,Doverlândia,2023,6823,682108,99.97185988568079
520735,Edealina,2023,4104,516263,125.79507797270955
520740,Edéia,2023,11982,1196283,99.84001001502253
520750,Estrela do Norte,2023,3214,113691,35.37367766023647
520753,Faina,2023,7167,211347,29.48890749267476
520760,Fazenda Nova,2023,5842,248809,42.5896953098254
520780,Firminópolis,2023,10274,351013,34.16517422620206
520790,Flores de Goiás,2023,14273,287569,20.14776150774189
520800,Formosa,2023,121559,3918239,32.23322830888704
520810,Formoso,2023,4662,133520,28.64006864006864
520815,Gameleira de Goiás,2023,3563,244382,68.58882963794555
520830,Divinópolis de Goiás,2023,4405,113665,25.803632236095346
520840,Goianápolis,2023,14758,396359,26.857229976961648
520850,Goiandira,2023,4962,210732,42.46916565900847
520860,Goianésia,2023,78009,2691742,34.505531413042085
520870,Goiânia,2023,1503256,75780846,50.41113822263141
520880,Goianira,2023,81495,1604687,19.690619056383827
520890,Goiás,2023,24172,793947,32.845730597385405
520910,Goiatuba,2023,36984,2725200,73.68591823491239
520915,Gouvelândia,2023,4313,338160,78.40482262926038
520920,Guapó,2023,20985,497334,23.699499642601857
520929,Guaraíta,2023,2170,60565,27.910138248847925
520940,Guarani de Goiás,2023,4091,100115,24.4720117330726
520945,Guarinos,2023,2154,73547,34.14438254410399
520960,Heitoraí,2023,3342,96557,28.891980849790546
520970,Hidrolândia,2023,30587,1528149,49.960734952757704
520980,Hidrolina,2023,3477,110997,31.92320966350302
520990,Iaciara,2023,10289,265592,25.81319856157061
520993,Inaciolândia,2023,6076,373361,61.44848584595128
520995,Indiara,2023,17985,754047,41.92643869891576
521000,Inhumas,2023,53884,1880643,34.901696236359584
521010,Ipameri,2023,26223,2797965,106.6988902871525
521015,Ipiranga de Goiás,2023,2968,95822,32.28504043126684
521020,Iporá,2023,37283,1227631,32.92736636000322
521030,Israelândia,2023,2515,90980,36.17495029821074
521040,Itaberaí,2023,47603,2305609,48.43411129550658
521056,Itaguari,2023,5120,126630,24.732421875
521060,Itaguaru,2023,4837,119889,24.785817655571634
521080,Itajá,2023,4276,188306,44.037885874649206
521090,Itapaci,2023,21891,599908,27.40432141062537
521100,Itapirapuã,2023,8133,300251,36.917619574572726
521120,Itapuranga,2023,26553,734913,27.677211614506835
521130,Itarumã,2023,6124,412359,67.33491182233834
521140,Itauçu,2023,7636,359651,47.09939759036145
521150,Itumbiara,2023,113322,6555376,57.847337674943965
521160,Ivolândia,2023,2731,145722,53.35847674844379
521170,Jandaia,2023,6365,446723,70.18428908091123
521180,Jaraguá,2023,46633,1205296,25.846417772821823
521190,Jataí,2023,111634,10026117,89.81239586505903
521200,Jaupaci,2023,2939,112607,38.314732902347735
521205,Jesúpolis,2023,2112,51232,24.257575757575758
521210,Joviânia,2023,7247,423165,58.39174830964537
521220,Jussara,2023,19926,884366,44.382515306634545
521225,Lagoa Santa,2023,1435,67251,46.86480836236934
521230,Leopoldo de Bulhões,2023,9123,452342,49.58259344513866
521250,Luziânia,2023,221262,6264671,28.31336153519357
521260,Mairipotaba,2023,2631,101348,38.52071455720259
521270,Mambaí,2023,8493,139650,16.44295302013423
521280,Mara Rosa,2023,10806,411528,38.08328706274292
521290,Marzagão,2023,2942,76281,25.92828008157716
521295,Matrinchã,2023,4004,225035,56.20254745254745
521300,Maurilândia,2023,10145,327508,32.28270083785116
521305,Mimoso de Goiás,2023,2626,179168,68.22848438690023
521308,Minaçu,2023,26616,1286497,48.335474902314395
521310,Mineiros,2023,74999,4536325,60.48513980186402
521340,Moiporá,2023,1687,73136,43.35269709543569
521350,Monte Alegre de Goiás,2023,6534,141790,21.7003367003367
521370,Montes Claros de Goiás,2023,9024,818049,90.65259308510639
521375,Montividiu,2023,13094,1619839,123.70849243928517
521377,Montividiu do Norte,2023,3743,124015,33.13251402618221
521380,Morrinhos,2023,54326,2524023,46.46068180981482
521385,Morro Agudo de Goiás,2023,2505,68988,27.54011976047904
521390,Mossâmedes,2023,4626,170963,36.9569822741029
521400,Mozarlândia,2023,15199,1366986,89.93920652674518
521405,Mundo Novo,2023,6202,319880,51.57691067397614
521410,Mutunópolis,2023,3540,105711,29.86186440677966
521440,Nazário,2023,8349,313258,37.52042160737813
521450,Nerópolis,2023,34273,1548492,45.18110465964462
521460,Niquelândia,2023,33890,1516123,44.73658896429625
521470,Nova América,2023,2380,60721,25.513025210084034
521480,Nova Aurora,2023,2132,71369,33.47514071294559
521483,Nova Crixás,2023,13153,932185,70.8724245419296
521486,Nova Glória,2023,8356,196168,23.476304451890858
521487,Nova Iguaçu de Goiás,2023,3084,72975,23.662451361867703
521490,Nova Roma,2023,3022,80910,26.773659827928523
521500,Nova Veneza,2023,9883,261701,26.47991500556511
521520,Novo Brasil,2023,3567,105687,29.62910008410429
521523,Novo Gama,2023,107663,1349983,12.538968819371558
521525,Novo Planalto,2023,3703,190862,51.54253308128544
521530,Orizona,2023,17035,1147584,67.36624596419136
521540,Ouro Verde de Goiás,2023,4109,217326,52.89024093453395
521550,Ouvidor,2023,7665,486717,63.4986301369863
521560,Padre Bernardo,2023,37207,1036141,27.84801247077163
521565,Palestina de Goiás,2023,3113,259528,83.36909733376164
521570,Palmeiras de Goiás,2023,34375,2083486,60.61050181818182
521580,Palmelo,2023,2266,58941,26.011032656663726
521590,Palminópolis,2023,3959,233772,59.04824450618843
521600,Panamá,2023,2432,207977,85.51685855263158
521630,Paranaiguara,2023,7356,317830,43.206905927134315
521640,Paraúna,2023,10727,1824836,170.1161554954787
521645,Perolândia,2023,2999,790811,263.6915638546182
521680,Petrolina de Goiás,2023,9519,244843,25.72150435970165
521690,Pilar de Goiás,2023,2254,121147,53.74755989352263
521710,Piracanjuba,2023,25373,1311747,51.698537815788434
521720,Piranhas,2023,11940,953112,79.8251256281407
521730,Pirenópolis,2023,28028,830089,29.616419294990724
521740,Pires do Rio,2023,33736,1928362,57.160362817168604
521760,Planaltina,2023,112304,1939904,17.27368571021513
521770,Pontalina,2023,18763,840052,44.7717315994244
521800,Porangatu,2023,45512,2072827,45.54462559325013
521805,Porteirão,2023,4276,388339,90.81828811973807
521810,Portelândia,2023,3191,305584,95.76433719837041
521830,Posse,2023,36291,938125,25.850073020859167
521839,Professor Jamil,2023,3750,86823,23.1528
521850,Quirinópolis,2023,50329,3123504,62.061713922390666
521860,Rialma,2023,12665,410814,32.43695223055665
521870,Rianápolis,2023,3893,125402,32.21217569997431
521878,Rio Quente,2023,4033,579154,143.6037689065212
521880,Rio Verde,2023,241494,22310032,92.38338012538614
521890,Rubiataba,2023,20186,767419,38.01738828891311
521900,Sanclerlândia,2023,8085,279278,34.542733457019175
521910,Santa Bárbara de Goiás,2023,6306,183431,29.088328575959405
521920,Santa Cruz de Goiás,2023,3004,293229,97.61284953395473
521925,Santa Fé de Goiás,2023,5047,350881,69.52268674460075
521930,Santa Helena de Goiás,2023,39601,1995752,50.396505138759125
521935,Santa Isabel,2023,3543,147694,41.68614168783517
521940,Santa Rita do Araguaia,2023,5765,216189,37.50026019080659
521945,Santa Rita do Novo Destino,2023,2611,179620,68.79356568364611
521950,Santa Rosa de Goiás,2023,2828,100777,35.63543140028288
521960,Santa Tereza de Goiás,2023,3172,105474,33.251576292559896
521970,Santa Terezinha de Goiás,2023,10837,259907,23.983297960690226
521971,Santo Antônio da Barra,2023,4279,329277,76.9518579107268
521973,Santo Antônio de Goiás,2023,8066,200106,24.80857922142326
521975,Santo Antônio do Descoberto,2023,75221,972899,12.933874848778931
521980,São Domingos,2023,9457,276813,29.27069895315639
521990,São Francisco de Goiás,2023,6507,173869,26.720301214077146
522000,São João d'Aliança,2023,15026,597270,39.749101557300676
522005,São João da Paraúna,2023,1812,148707,82.06788079470199
522010,São Luís de Montes Belos,2023,35288,2008425,56.91524030832011
522015,São Luiz do Norte,2023,4939,221723,44.89228588783155
522020,São Miguel do Araguaia,2023,22040,880802,39.963793103448275
522026,São Miguel do Passa Quatro,2023,4671,337469,72.24769856561764
522028,São Patrício,2023,2200,66124,30.056363636363635
522040,São Simão,2023,17181,2537275,147.67912228624644
522045,Senador Canedo,2023,175042,5495055,31.392780018509843
522050,Serranópolis,2023,8237,819680,99.51195823722229
522060,Silvânia,2023,23150,1594191,68.86354211663067
522068,Simolândia,2023,5634,233339,41.41622293219737
522070,Sítio d'Abadia,2023,2978,104248,35.00604432505037
522100,Taquaral de Goiás,2023,4180,97090,23.227272727272727
522108,Teresina de Goiás,2023,2660,47499,17.856766917293232
522119,Terezópolis de Goiás,2023,8340,258448,30.98896882494005
522130,Três Ranchos,2023,2976,96756,32.51209677419355
522140,Trindade,2023,153560,3631624,23.64954415212295
522145,Trombas,2023,3080,82138,26.668181818181818
522150,Turvânia,2023,4449,359274,80.75387727579232
522155,Turvelândia,2023,5171,757326,146.45639141365305
522157,Uirapuru,2023,2798,86672,30.97641172265904
522160,Uruaçu,2023,44533,1637352,36.767161430849036
522170,Uruana,2023,13857,405664,29.27502345385004
522180,Urutaí,2023,3700,152304,41.163243243243244
522185,Valparaíso de Goiás,2023,218416,3621840,16.58230166288184
522190,Varjão,2023,3770,122376,32.4604774535809
522200,Vianópolis,2023,15644,914943,58.4852339555101
522205,Vicentinópolis,2023,9175,677600,73.85286103542235
522220,Vila Boa,2023,4145,201846,48.696260554885406
522230,Vila Propício,2023,6028,444209,73.69094226940942
530010,Brasília,2023,2996899,365669108,122.01582635917994
