pib,municipio,cod_mun,ano
1046343,Alta Floresta D'Oeste,1100015,2023
4383815,Ariquemes,1100023,2023
300832,Cabixi,1100031,2023
3848468,Cacoal,1100049,2023
1006389,Cerejeiras,1100056,2023
580899,Colorado do Oeste,1100064,2023
509566,Corumbiara,1100072,2023
413943,Costa Marques,1100080,2023
1023973,Espigão D'Oeste,1100098,2023
1145034,Guajará,1100106,2023
2515558,Jaru,1100114,2023
5824472,Ji,1100122,2023
1055806,Machadinho D'Oeste,1100130,2023
731952,Nova Brasilândia D'Oeste,1100148,2023
1275479,Ouro Preto do Oeste,1100155,2023
2124340,Pimenta Bueno,1100189,2023
25402193,Porto Velho,1100205,2023
776281,Presidente Médici,1100254,2023
265160,Rio Crespo,1100262,2023
2287631,Rolim de Moura,1100288,2023
291887,Santa Luzia D'Oeste,1100296,2023
5115785,Vilhena,1100304,2023
1549192,São Miguel do Guaporé,1100320,2023
1060566,Nova Mamoré,1100338,2023
486626,Alvorada D'Oeste,1100346,2023
575129,Alto Alegre dos Parecis,1100379,2023
667923,Alto Paraíso,1100403,2023
1221008,Buritis,1100452,2023
331958,Novo Horizonte do Oeste,1100502,2023
238989,Cacaulândia,1100601,2023
455251,Campo Novo de Rondônia,1100700,2023
1001610,Candeias do Jamari,1100809,2023
138594,Castanheiras,1100908,2023
673990,Chupinguaia,1100924,2023
582148,Cujubim,1100940,2023
320123,Governador Jorge Teixeira,1101005,2023
340162,Itapuã do Oeste,1101104,2023
440282,Ministro Andreazza,1101203,2023
380179,Mirante da Serra,1101302,2023
526990,Monte Negro,1101401,2023
193557,Nova União,1101435,2023
201510,Parecis,1101450,2023
355185,Pimenteiras do Oeste,1101468,2023
131193,Primavera de Rondônia,1101476,2023
177906,São Felipe D'Oeste,1101484,2023
716411,São Francisco do Guaporé,1101492,2023
446997,Seringueiras,1101500,2023
156426,Teixeirópolis,1101559,2023
307754,Theobroma,1101609,2023
370214,Urupá,1101708,2023
257311,Vale do Anari,1101757,2023
225187,Vale do Paraíso,1101807,2023
502663,Acrelândia,1200013,2023
187366,Assis Brasil,1200054,2023
929800,Brasiléia,1200104,2023
365419,Bujari,1200138,2023
530657,Capixaba,1200179,2023
2680143,Cruzeiro do Sul,1200203,2023
793427,Epitaciolândia,1200252,2023
741344,Feijó,1200302,2023
150648,Jordão,1200328,2023
339224,Mâncio Lima,1200336,2023
262614,Manoel Urbano,1200344,2023
288045,Marechal Thaumaturgo,1200351,2023
764818,Plácido de Castro,1200385,2023
200512,Porto Walter,1200393,2023
12960966,Rio Branco,1200401,2023
293645,Rodrigues Alves,1200427,2023
124070,Santa Rosa do Purus,1200435,2023
1111821,Senador Guiomard,1200450,2023
972648,Sena Madureira,1200500,2023
932080,Tarauacá,1200609,2023
626026,Xapuri,1200708,2023
533386,Porto Acre,1200807,2023
242584,Alvarães,1300029,2023
134732,Amaturá,1300060,2023
154694,Anamã,1300086,2023
297171,Anori,1300102,2023
386133,Apuí,1300144,2023
206769,Atalaia do Norte,1300201,2023
584990,Autazes,1300300,2023
242100,Barcelos,1300409,2023
398068,Barreirinha,1300508,2023
469445,Benjamin Constant,1300607,2023
262121,Beruri,1300631,2023
243779,Boa Vista do Ramos,1300680,2023
661735,Boca do Acre,1300706,2023
435684,Borba,1300805,2023
219112,Caapiranga,1300839,2023
208247,Canutama,1300904,2023
433322,Carauari,1301001,2023
436682,Careiro,1301100,2023
418938,Careiro da Várzea,1301159,2023
3893679,Coari,1301209,2023
637713,Codajás,1301308,2023
683640,Eirunepé,1301407,2023
236124,Envira,1301506,2023
324329,Fonte Boa,1301605,2023
184646,Guajará,1301654,2023
926065,Humaitá,1301704,2023
247844,Ipixuna,1301803,2023
1263496,Iranduba,1301852,2023
3321936,Itacoatiara,1301902,2023
161777,Itamarati,1301951,2023
196557,Itapiranga,1302009,2023
145337,Japurá,1302108,2023
147950,Juruá,1302207,2023
394550,Jutaí,1302306,2023
742982,Lábrea,1302405,2023
1917413,Manacapuru,1302504,2023
303947,Manaquiri,1302553,2023
127649795,Manaus,1302603,2023
926410,Manicoré,1302702,2023
202680,Maraã,1302801,2023
695907,Maués,1302900,2023
239731,Nhamundá,1303007,2023
354693,Nova Olinda do Norte,1303106,2023
243316,Novo Airão,1303205,2023
311737,Novo Aripuanã,1303304,2023
1656949,Parintins,1303403,2023
237839,Pauini,1303502,2023
730303,Presidente Figueiredo,1303536,2023
495858,Rio Preto da Eva,1303569,2023
197857,Santa Isabel do Rio Negro,1303601,2023
354277,Santo Antônio do Içá,1303700,2023
584409,São Gabriel da Cachoeira,1303809,2023
358400,São Paulo de Olivença,1303908,2023
145515,São Sebastião do Uatumã,1303957,2023
434235,Silves,1304005,2023
849681,Tabatinga,1304062,2023
318010,Tapauá,1304104,2023
1619517,Tefé,1304203,2023
214602,Tonantins,1304237,2023
265246,Uarini,1304260,2023
244547,Urucará,1304302,2023
297173,Urucurituba,1304401,2023
329100,Amajari,1400027,2023
802540,Alto Alegre,1400050,2023
18234169,Boa Vista,1400100,2023
772903,Bonfim,1400159,2023
498394,Cantá,1400175,2023
637454,Caracaraí,1400209,2023
317377,Caroebe,1400233,2023
279559,Iracema,1400282,2023
552044,Mucajaí,1400308,2023
370956,Normandia,1400407,2023
447421,Pacaraima,1400456,2023
981040,Rorainópolis,1400472,2023
425809,São João da Baliza,1400506,2023
221585,São Luiz,1400605,2023
254453,Uiramutã,1400704,2023
2441092,Abaetetuba,1500107,2023
131077,Abel Figueiredo,1500131,2023
2111467,Acará,1500206,2023
665557,Afuá,1500305,2023
1047226,Água Azul do Norte,1500347,2023
1578584,Alenquer,1500404,2023
593847,Almeirim,1500503,2023
3887894,Altamira,1500602,2023
370838,Anajás,1500701,2023
11473897,Ananindeua,1500800,2023
715999,Anapu,1500859,2023
490157,Augusto Corrêa,1500909,2023
390415,Aurora do Pará,1500958,2023
228317,Aveiro,1501006,2023
329848,Bagre,1501105,2023
799363,Baião,1501204,2023
153995,Bannach,1501253,2023
9190033,Barcarena,1501303,2023
40536062,Belém,1501402,2023
352844,Belterra,1501451,2023
3338145,Benevides,1501501,2023
336974,Bom Jesus do Tocantins,1501576,2023
147258,Bonito,1501600,2023
1977330,Bragança,1501709,2023
517482,Brasil Novo,1501725,2023
143221,Brejo Grande do Araguaia,1501758,2023
802221,Breu Branco,1501782,2023
1515250,Breves,1501808,2023
688320,Bujaru,1501907,2023
237908,Cachoeira do Piriá,1501956,2023
354702,Cachoeira do Arari,1502004,2023
1901553,Cametá,1502103,2023
16621560,Canaã dos Carajás,1502152,2023
1883282,Capanema,1502202,2023
900134,Capitão Poço,1502301,2023
6318091,Castanhal,1502400,2023
331190,Chaves,1502509,2023
136194,Colares,1502608,2023
985296,Conceição do Araguaia,1502707,2023
520832,Concórdia do Pará,1502756,2023
479032,Cumaru do Norte,1502764,2023
737806,Curionópolis,1502772,2023
396832,Curralinho,1502806,2023
192168,Curuá,1502855,2023
485458,Curuçá,1502905,2023
1332437,Dom Eliseu,1502939,2023
736064,Eldorado do Carajás,1502954,2023
102052,Faro,1503002,2023
657025,Floresta do Araguaia,1503044,2023
426847,Garrafão do Norte,1503077,2023
595811,Goianésia do Pará,1503093,2023
489497,Gurupá,1503101,2023
599286,Igarapé,1503200,2023
1021946,Igarapé,1503309,2023
230530,Inhangapi,1503408,2023
612707,Ipixuna do Pará,1503457,2023
377735,Irituia,1503507,2023
3806020,Itaituba,1503606,2023
979792,Itupiranga,1503705,2023
732418,Jacareacanga,1503754,2023
800237,Jacundá,1503804,2023
1184842,Juruti,1503903,2023
601991,Limoeiro do Ajuru,1504000,2023
488400,Mãe do Rio,1504059,2023
121851,Magalhães Barata,1504109,2023
9748965,Marabá,1504208,2023
361786,Maracanã,1504307,2023
333941,Marapanim,1504406,2023
2780522,Marituba,1504422,2023
1140469,Medicilândia,1504455,2023
347499,Melgaço,1504505,2023
480360,Mocajuba,1504604,2023
2156273,Moju,1504703,2023
457251,Mojuí dos Campos,1504752,2023
1227319,Monte Alegre,1504802,2023
464374,Muaná,1504901,2023
334512,Nova Esperança do Piriá,1504950,2023
231145,Nova Ipixuna,1504976,2023
185077,Nova Timboteua,1505007,2023
1541048,Novo Progresso,1505031,2023
1406400,Novo Repartimento,1505064,2023
921982,Óbidos,1505106,2023
535992,Oeiras do Pará,1505205,2023
1739412,Oriximiná,1505304,2023
279081,Ourém,1505403,2023
1053014,Ourilândia do Norte,1505437,2023
1114328,Pacajá,1505486,2023
127592,Palestina do Pará,1505494,2023
5308605,Paragominas,1505502,2023
26421067,Parauapebas,1505536,2023
153521,Pau D'Arco,1505551,2023
100657,Peixe,1505601,2023
361690,Piçarra,1505635,2023
491402,Placas,1505650,2023
313392,Ponta de Pedras,1505700,2023
1153540,Portel,1505809,2023
507177,Porto de Moz,1505908,2023
548886,Prainha,1506005,2023
564056,Primavera,1506104,2023
147129,Quatipuru,1506112,2023
3681706,Redenção,1506138,2023
1007363,Rio Maria,1506161,2023
1083239,Rondon do Pará,1506187,2023
605554,Rurópolis,1506195,2023
802287,Salinópolis,1506203,2023
270698,Salvaterra,1506302,2023
300184,Santa Bárbara do Pará,1506351,2023
115245,Santa Cruz do Arari,1506401,2023
1828145,Santa Izabel do Pará,1506500,2023
258360,Santa Luzia do Pará,1506559,2023
943386,Santa Maria das Barreiras,1506583,2023
570081,Santa Maria do Pará,1506609,2023
1978254,Santana do Araguaia,1506708,2023
8681869,Santarém,1506807,2023
81217,Santarém Novo,1506906,2023
687291,Santo Antônio do Tauá,1507003,2023
241829,São Caetano de Odivelas,1507102,2023
490029,São Domingos do Araguaia,1507151,2023
654079,São Domingos do Capim,1507201,2023
2352014,São Félix do Xingu,1507300,2023
359790,São Francisco do Pará,1507409,2023
1028625,São Geraldo do Araguaia,1507458,2023
79287,São João da Ponta,1507466,2023
232878,São João de Pirabas,1507474,2023
235495,São João do Araguaia,1507508,2023
1132578,São Miguel do Guamá,1507607,2023
309743,São Sebastião da Boa Vista,1507706,2023
172700,Sapucaia,1507755,2023
341244,Senador José Porfírio,1507805,2023
338748,Soure,1507904,2023
2023568,Tailândia,1507953,2023
114731,Terra Alta,1507961,2023
590339,Terra Santa,1507979,2023
1746483,Tomé,1508001,2023
391638,Tracuateua,1508035,2023
454558,Trairão,1508050,2023
1347919,Tucumã,1508084,2023
5457108,Tucuruí,1508100,2023
2344285,Ulianópolis,1508126,2023
1057794,Uruará,1508159,2023
602141,Vigia,1508209,2023
869709,Viseu,1508308,2023
3987037,Vitória do Xingu,1508357,2023
2321585,Xinguara,1508407,2023
126544,Serra do Navio,1600055,2023
219045,Amapá,1600105,2023
375827,Pedra Branca do Amapari,1600154,2023
295401,Calçoene,1600204,2023
115359,Cutias,1600212,2023
557990,Ferreira Gomes,1600238,2023
132723,Itaubal,1600253,2023
1335225,Laranjal do Jari,1600279,2023
18470858,Macapá,1600303,2023
583553,Mazagão,1600402,2023
820364,Oiapoque,1600501,2023
527655,Porto Grande,1600535,2023
101033,Pracuúba,1600550,2023
3725688,Santana,1600600,2023
329305,Tartarugalzinho,1600709,2023
303549,Vitória do Jari,1600808,2023
141930,Abreulândia,1700251,2023
226238,Aguiarnópolis,1700301,2023
423070,Aliança do Tocantins,1700350,2023
336120,Almas,1700400,2023
886077,Alvorada,1700707,2023
199526,Ananás,1701002,2023
54433,Angico,1701051,2023
283247,Aparecida do Rio Negro,1701101,2023
113908,Aragominas,1701309,2023
411911,Araguacema,1701903,2023
474483,Araguaçu,1702000,2023
7357638,Araguaína,1702109,2023
107609,Araguanã,1702158,2023
641440,Araguatins,1702208,2023
158572,Arapoema,1702307,2023
239090,Arraias,1702406,2023
396227,Augustinópolis,1702554,2023
69896,Aurora do Tocantins,1702703,2023
173373,Axixá do Tocantins,1702901,2023
169441,Babaçulândia,1703008,2023
249696,Bandeirantes do Tocantins,1703057,2023
100382,Barra do Ouro,1703073,2023
140103,Barrolândia,1703107,2023
128560,Bernardo Sayão,1703206,2023
143623,Bom Jesus do Tocantins,1703305,2023
75010,Brasilândia do Tocantins,1703602,2023
267584,Brejinho de Nazaré,1703701,2023
149973,Buriti do Tocantins,1703800,2023
62095,Cachoeirinha,1703826,2023
665857,Campos Lindos,1703842,2023
997800,Cariri do Tocantins,1703867,2023
73172,Carmolândia,1703883,2023
56192,Carrasco Bonito,1703891,2023
474488,Caseara,1703909,2023
109325,Centenário,1704105,2023
51576,Chapada de Areia,1704600,2023
155377,Chapada da Natividade,1705102,2023
1161301,Colinas do Tocantins,1705508,2023
95001,Combinado,1705557,2023
88973,Conceição do Tocantins,1705607,2023
249462,Couto Magalhães,1706001,2023
214100,Cristalândia,1706100,2023
77387,Crixás do Tocantins,1706258,2023
252543,Darcinópolis,1706506,2023
781673,Dianópolis,1707009,2023
323159,Divinópolis do Tocantins,1707108,2023
289149,Dois Irmãos do Tocantins,1707207,2023
290818,Dueré,1707306,2023
119197,Esperantina,1707405,2023
127672,Fátima,1707553,2023
350090,Figueirópolis,1707652,2023
161707,Filadélfia,1707702,2023
988169,Formoso do Araguaia,1708205,2023
173517,Tabocão,1708254,2023
178252,Goianorte,1708304,2023
309167,Goiatins,1709005,2023
1130106,Guaraí,1709302,2023
3695017,Gurupi,1709500,2023
71887,Ipueiras,1709807,2023
199694,Itacajá,1710508,2023
100220,Itaguatins,1710706,2023
153090,Itapiratins,1710904,2023
76489,Itaporã do Tocantins,1711100,2023
110816,Jaú do Tocantins,1711506,2023
55560,Juarina,1711803,2023
1089844,Lagoa da Confusão,1711902,2023
85970,Lagoa do Tocantins,1711951,2023
79405,Lajeado,1712009,2023
41517,Lavandeira,1712157,2023
78341,Lizarda,1712405,2023
58820,Luzinópolis,1712454,2023
373197,Marianópolis do Tocantins,1712504,2023
467179,Mateiros,1712702,2023
63313,Maurilândia do Tocantins,1712801,2023
860438,Miracema do Tocantins,1713205,2023
483394,Miranorte,1713304,2023
398705,Monte do Carmo,1713601,2023
86604,Monte Santo do Tocantins,1713700,2023
108235,Palmeiras do Tocantins,1713809,2023
79966,Muricilândia,1713957,2023
352748,Natividade,1714203,2023
78447,Nazaré,1714302,2023
442504,Nova Olinda,1714880,2023
110147,Nova Rosalândia,1715002,2023
176373,Novo Acordo,1715101,2023
38612,Novo Alegre,1715150,2023
49097,Novo Jardim,1715259,2023
50178,Oliveira de Fátima,1715507,2023
247597,Palmeirante,1715705,2023
218426,Palmeirópolis,1715754,2023
2288330,Paraíso do Tocantins,1716109,2023
353206,Paranã,1716208,2023
110802,Pau D'Arco,1716307,2023
1090443,Pedro Afonso,1716505,2023
897174,Peixe,1716604,2023
129256,Pequizeiro,1716653,2023
228040,Colméia,1716703,2023
110783,Pindorama do Tocantins,1717008,2023
98238,Piraquê,1717206,2023
458625,Pium,1717503,2023
82503,Ponte Alta do Bom Jesus,1717800,2023
141531,Ponte Alta do Tocantins,1717909,2023
59927,Porto Alegre do Tocantins,1718006,2023
3195894,Porto Nacional,1718204,2023
114473,Praia Norte,1718303,2023
88843,Presidente Kennedy,1718402,2023
127927,Pugmil,1718451,2023
101805,Recursolândia,1718501,2023
75295,Riachinho,1718550,2023
45739,Rio da Conceição,1718659,2023
88775,Rio dos Bois,1718709,2023
150795,Rio Sono,1718758,2023
70136,Sampaio,1718808,2023
134402,Sandolândia,1718840,2023
202707,Santa Fé do Araguaia,1718865,2023
118353,Santa Maria do Tocantins,1718881,2023
275185,Santa Rita do Tocantins,1718899,2023
419882,Santa Rosa do Tocantins,1718907,2023
57246,Santa Tereza do Tocantins,1719004,2023
46686,Santa Terezinha do Tocantins,1720002,2023
90982,São Bento do Tocantins,1720101,2023
42355,São Félix do Tocantins,1720150,2023
239634,São Miguel do Tocantins,1720200,2023
59857,São Salvador do Tocantins,1720259,2023
68702,São Sebastião do Tocantins,1720309,2023
229618,São Valério,1720499,2023
284767,Silvanópolis,1720655,2023
179637,Sítio Novo do Tocantins,1720804,2023
310361,Sucupira,1720853,2023
386846,Taguatinga,1720903,2023
41627,Taipas do Tocantins,1720937,2023
173125,Talismã,1720978,2023
14168469,Palmas,1721000,2023
327560,Tocantínia,1721109,2023
529093,Tocantinópolis,1721208,2023
96851,Tupirama,1721257,2023
48417,Tupiratins,1721307,2023
245767,Wanderlândia,1722081,2023
722713,Xambioá,1722107,2023
4274162,Açailândia,2100055,2023
105581,Afonso Cunha,2100105,2023
130746,Água Doce do Maranhão,2100154,2023
170261,Alcântara,2100204,2023
335246,Aldeias Altas,2100303,2023
88343,Altamira do Maranhão,2100402,2023
378314,Alto Alegre do Maranhão,2100436,2023
310142,Alto Alegre do Pindaré,2100477,2023
573769,Alto Parnaíba,2100501,2023
95026,Amapá do Maranhão,2100550,2023
500782,Amarante do Maranhão,2100600,2023
255439,Anajatuba,2100709,2023
192813,Anapurus,2100808,2023
170117,Apicum,2100832,2023
127935,Araguanã,2100873,2023
351324,Araioses,2100907,2023
320623,Arame,2100956,2023
422713,Arari,2101004,2023
118131,Axixá,2101103,2023
1912868,Bacabal,2101202,2023
466226,Bacabeira,2101251,2023
156363,Bacuri,2101301,2023
52138,Bacurituba,2101350,2023
7529798,Balsas,2101400,2023
309910,Barão de Grajaú,2101509,2023
1157930,Barra do Corda,2101608,2023
816789,Barreirinhas,2101707,2023
100863,Belágua,2101731,2023
133414,Bela Vista do Maranhão,2101772,2023
94454,Benedito Leite,2101806,2023
166173,Bequimão,2101905,2023
276118,Bernardo do Mearim,2101939,2023
93312,Boa Vista do Gurupi,2101970,2023
571101,Bom Jardim,2102002,2023
456766,Bom Jesus das Selvas,2102036,2023
149056,Bom Lugar,2102077,2023
426439,Brejo,2102101,2023
90089,Brejo de Areia,2102150,2023
332530,Buriti,2102200,2023
309327,Buriti Bravo,2102309,2023
1008378,Buriticupu,2102325,2023
156524,Buritirana,2102358,2023
85043,Cachoeira Grande,2102374,2023
81775,Cajapió,2102408,2023
155103,Cajari,2102507,2023
303257,Campestre do Maranhão,2102556,2023
204526,Cândido Mendes,2102606,2023
233273,Cantanhede,2102705,2023
215754,Capinzal do Norte,2102754,2023
595614,Carolina,2102804,2023
246447,Carutapera,2102903,2023
2696021,Caxias,2103000,2023
86165,Cedral,2103109,2023
69154,Central do Maranhão,2103125,2023
137520,Centro do Guilherme,2103158,2023
236610,Centro Novo do Maranhão,2103174,2023
1130462,Chapadinha,2103208,2023
242330,Cidelândia,2103257,2023
1808033,Codó,2103307,2023
486211,Coelho Neto,2103406,2023
729810,Colinas,2103505,2023
159750,Conceição do Lago,2103554,2023
637484,Coroatá,2103604,2023
343104,Cururupu,2103703,2023
218072,Davinópolis,2103752,2023
314608,Dom Pedro,2103802,2023
108748,Duque Bacelar,2103901,2023
202856,Esperantinópolis,2104008,2023
1195399,Estreito,2104057,2023
132983,Feira Nova do Maranhão,2104073,2023
159761,Fernando Falcão,2104081,2023
257048,Formosa da Serra Negra,2104099,2023
354448,Fortaleza dos Nogueiras,2104107,2023
214307,Fortuna,2104206,2023
855186,Godofredo Viana,2104305,2023
187080,Gonçalves Dias,2104404,2023
123047,Governador Archer,2104503,2023
448007,Governador Edison Lobão,2104552,2023
195174,Governador Eugênio Barros,2104602,2023
108305,Governador Luiz Rocha,2104628,2023
120254,Governador Newton Bello,2104651,2023
324762,Governador Nunes Freire,2104677,2023
66886,Graça Aranha,2104701,2023
1415488,Grajaú,2104800,2023
104271,Guimarães,2104909,2023
241228,Humberto de Campos,2105005,2023
211921,Icatu,2105104,2023
464887,Igarapé do Meio,2105153,2023
138144,Igarapé Grande,2105203,2023
9475802,Imperatriz,2105302,2023
136089,Itaipava do Grajaú,2105351,2023
889928,Itapecuru Mirim,2105401,2023
687514,Itinga do Maranhão,2105427,2023
83460,Jatobá,2105450,2023
174125,Jenipapo dos Vieiras,2105476,2023
362692,João Lisboa,2105500,2023
139774,Joselândia,2105609,2023
71491,Junco do Maranhão,2105658,2023
621148,Lago da Pedra,2105708,2023
108264,Lago do Junco,2105807,2023
169405,Lago Verde,2105906,2023
211547,Lagoa do Mato,2105922,2023
104301,Lago dos Rodrigues,2105948,2023
128791,Lagoa Grande do Maranhão,2105963,2023
122752,Lajeado Novo,2105989,2023
237817,Lima Campos,2106003,2023
390947,Loreto,2106102,2023
72747,Luís Domingues,2106201,2023
181567,Magalhães de Almeida,2106300,2023
275246,Maracaçumé,2106326,2023
116023,Marajá do Sena,2106359,2023
146664,Maranhãozinho,2106375,2023
226303,Mata Roma,2106409,2023
232534,Matinha,2106508,2023
334401,Matões,2106607,2023
134625,Matões do Norte,2106631,2023
94017,Milagres do Maranhão,2106672,2023
389857,Mirador,2106706,2023
578366,Miranda do Norte,2106755,2023
133235,Mirinzal,2106805,2023
280367,Monção,2106904,2023
119453,Montes Altos,2107001,2023
190452,Morros,2107100,2023
109174,Nina Rodrigues,2107209,2023
95718,Nova Colinas,2107258,2023
53436,Nova Iorque,2107308,2023
171963,Nova Olinda do Maranhão,2107357,2023
225755,Olho d'Água das Cunhãs,2107407,2023
132761,Olinda Nova do Maranhão,2107456,2023
1643537,Paço do Lumiar,2107506,2023
188190,Palmeirândia,2107605,2023
210302,Paraibano,2107704,2023
381793,Parnarama,2107803,2023
207014,Passagem Franca,2107902,2023
322652,Pastos Bons,2108009,2023
157984,Paulino Neves,2108058,2023
261075,Paulo Ramos,2108108,2023
830171,Pedreiras,2108207,2023
225795,Pedro do Rosário,2108256,2023
313292,Penalva,2108306,2023
110020,Peri Mirim,2108405,2023
277935,Peritoró,2108454,2023
356584,Pindaré,2108504,2023
1333000,Pinheiro,2108603,2023
269345,Pio XII,2108702,2023
185469,Pirapemas,2108801,2023
221327,Poção de Pedras,2108900,2023
1252850,Porto Franco,2109007,2023
63769,Porto Rico do Maranhão,2109056,2023
990073,Presidente Dutra,2109106,2023
102458,Presidente Juscelino,2109205,2023
74488,Presidente Médici,2109239,2023
186043,Presidente Sarney,2109270,2023
108884,Presidente Vargas,2109304,2023
120508,Primeira Cruz,2109403,2023
381071,Raposa,2109452,2023
687701,Riachão,2109502,2023
149001,Ribamar Fiquene,2109551,2023
522395,Rosário,2109601,2023
433340,Sambaíba,2109700,2023
71886,Santa Filomena do Maranhão,2109759,2023
483903,Santa Helena,2109809,2023
1837615,Santa Inês,2109908,2023
985809,Santa Luzia,2110005,2023
382764,Santa Luzia do Paruá,2110039,2023
391678,Santa Quitéria do Maranhão,2110104,2023
364746,Santa Rita,2110203,2023
115748,Santana do Maranhão,2110237,2023
131658,Santo Amaro do Maranhão,2110278,2023
5184564,Santo Antônio dos Lopes,2110302,2023
186474,São Benedito do Rio Preto,2110401,2023
404149,São Bento,2110500,2023
384189,São Bernardo,2110609,2023
339609,São Domingos do Azeitão,2110658,2023
479852,São Domingos do Maranhão,2110708,2023
92001,São Félix de Balsas,2110807,2023
138737,São Francisco do Brejão,2110856,2023
127389,São Francisco do Maranhão,2110906,2023
152916,São João Batista,2111003,2023
143797,São João do Carú,2111029,2023
226525,São João do Paraíso,2111052,2023
208559,São João do Soter,2111078,2023
444285,São João dos Patos,2111102,2023
3135579,São José de Ribamar,2111201,2023
75930,São José dos Basílios,2111250,2023
42389051,São Luís,2111300,2023
198315,São Luís Gonzaga do Maranhão,2111409,2023
586548,São Mateus do Maranhão,2111508,2023
149359,São Pedro da Água Branca,2111532,2023
103928,São Pedro dos Crentes,2111573,2023
1090033,São Raimundo das Mangabeiras,2111607,2023
62616,São Raimundo do Doca Bezerra,2111631,2023
58526,São Roberto,2111672,2023
183735,São Vicente Ferrer,2111706,2023
107921,Satubinha,2111722,2023
145324,Senador Alexandre Costa,2111748,2023
225141,Senador La Rocque,2111763,2023
118312,Serrano do Maranhão,2111789,2023
292191,Sítio Novo,2111805,2023
193909,Sucupira do Norte,2111904,2023
63214,Sucupira do Riachão,2111953,2023
2616708,Tasso Fragoso,2112001,2023
248536,Timbiras,2112100,2023
2840126,Timon,2112209,2023
436529,Trizidela do Vale,2112233,2023
75760,Tufilândia,2112274,2023
410127,Tuntum,2112308,2023
414975,Turiaçu,2112407,2023
280000,Turilândia,2112456,2023
642713,Tutóia,2112506,2023
315151,Urbano Santos,2112605,2023
467351,Vargem Grande,2112704,2023
608731,Viana,2112803,2023
191495,Vila Nova dos Martírios,2112852,2023
410267,Vitória do Mearim,2112902,2023
411453,Vitorino Freire,2113009,2023
685858,Zé Doca,2114007,2023
84924,Acauã,2200053,2023
57335,Agricolândia,2200103,2023
303532,Água Branca,2200202,2023
80787,Alagoinha do Piauí,2200251,2023
56359,Alegrete do Piauí,2200277,2023
146913,Alto Longá,2200301,2023
764914,Altos,2200400,2023
109088,Alvorada do Gurguéia,2200459,2023
243954,Amarante,2200509,2023
84772,Angical do Piauí,2200608,2023
124990,Anísio de Abreu,2200707,2023
197619,Antônio Almeida,2200806,2023
69489,Aroazes,2200905,2023
31540,Aroeiras do Itaim,2200954,2023
60133,Arraial,2201002,2023
81045,Assunção do Piauí,2201051,2023
127137,Avelino Lopes,2201101,2023
2657264,Baixa Grande do Ribeiro,2201150,2023
47271,Barra D'Alcântara,2201176,2023
673463,Barras,2201200,2023
137542,Barreiras do Piauí,2201309,2023
104885,Barro Duro,2201408,2023
306176,Batalha,2201507,2023
63283,Bela Vista do Piauí,2201556,2023
47523,Belém do Piauí,2201572,2023
118265,Beneditinos,2201606,2023
90844,Bertolínia,2201705,2023
120127,Betânia do Piauí,2201739,2023
77969,Boa Hora,2201770,2023
53637,Bocaina,2201804,2023
1661674,Bom Jesus,2201903,2023
82659,Bom Princípio do Piauí,2201919,2023
68106,Bonfim do Piauí,2201929,2023
67424,Boqueirão do Piauí,2201945,2023
101117,Brasileira,2201960,2023
57956,Brejo do Piauí,2201988,2023
276426,Buriti dos Lopes,2202000,2023
98669,Buriti dos Montes,2202026,2023
107817,Cabeceiras do Piauí,2202059,2023
45637,Cajazeiras do Piauí,2202075,2023
152471,Cajueiro da Praia,2202083,2023
243767,Caldeirão Grande do Piauí,2202091,2023
75221,Campinas do Piauí,2202109,2023
62191,Campo Alegre do Fidalgo,2202117,2023
77243,Campo Grande do Piauí,2202133,2023
80881,Campo Largo do Piauí,2202174,2023
940802,Campo Maior,2202208,2023
52032,Canavieira,2202251,2023
342972,Canto do Buriti,2202307,2023
133031,Capitão de Campos,2202406,2023
58704,Capitão Gervásio Oliveira,2202455,2023
127543,Caracol,2202505,2023
67977,Caraúbas do Piauí,2202539,2023
72564,Caridade do Piauí,2202554,2023
234521,Castelo do Piauí,2202604,2023
68616,Caxingó,2202653,2023
351832,Cocal,2202703,2023
60324,Cocal de Telha,2202711,2023
73414,Cocal dos Alves,2202729,2023
50029,Coivaras,2202737,2023
92949,Colônia do Gurguéia,2202752,2023
82383,Colônia do Piauí,2202778,2023
88408,Conceição do Canindé,2202802,2023
55718,Coronel José Dias,2202851,2023
764222,Corrente,2202901,2023
89547,Cristalândia do Piauí,2203008,2023
155696,Cristino Castro,2203107,2023
186259,Curimatá,2203206,2023
569946,Currais,2203230,2023
53723,Curralinhos,2203255,2023
98620,Curral Novo do Piauí,2203271,2023
343573,Demerval Lobão,2203305,2023
89611,Dirceu Arcoverde,2203354,2023
93969,Dom Expedito Lopes,2203404,2023
55943,Domingos Mourão,2203420,2023
212410,Dom Inocêncio,2203453,2023
208873,Elesbão Veloso,2203503,2023
65844,Eliseu Martins,2203602,2023
630893,Esperantina,2203701,2023
63132,Fartura do Piauí,2203750,2023
55149,Flores do Piauí,2203800,2023
31642,Floresta do Piauí,2203859,2023
1693508,Floriano,2203909,2023
57191,Francinópolis,2204006,2023
66833,Francisco Ayres,2204105,2023
37456,Francisco Macedo,2204154,2023
111541,Francisco Santos,2204204,2023
140145,Fronteiras,2204303,2023
70886,Geminiano,2204352,2023
490465,Gilbués,2204402,2023
584966,Guadalupe,2204501,2023
60294,Guaribas,2204550,2023
41161,Hugo Napoleão,2204600,2023
132842,Ilha Grande,2204659,2023
190110,Inhuma,2204709,2023
101790,Ipiranga do Piauí,2204808,2023
93919,Isaías Coelho,2204907,2023
126851,Itainópolis,2205003,2023
164342,Itaueira,2205102,2023
91192,Jacobina do Piauí,2205151,2023
214290,Jaicós,2205201,2023
51476,Jardim do Mulato,2205250,2023
70003,Jatobá do Piauí,2205276,2023
68875,Jerumenha,2205300,2023
82059,João Costa,2205359,2023
145543,Joaquim Pires,2205409,2023
58125,Joca Marques,2205458,2023
553848,José de Freitas,2205508,2023
67355,Juazeiro do Piauí,2205516,2023
107847,Júlio Borges,2205524,2023
58058,Jurema,2205532,2023
46590,Lagoinha do Piauí,2205540,2023
96065,Lagoa Alegre,2205557,2023
368693,Lagoa do Barro do Piauí,2205565,2023
68299,Lagoa de São Francisco,2205573,2023
100849,Lagoa do Piauí,2205581,2023
53534,Lagoa do Sítio,2205599,2023
129242,Landri Sales,2205607,2023
461806,Luís Correia,2205706,2023
318552,Luzilândia,2205805,2023
87322,Madeiro,2205854,2023
69457,Manoel Emídio,2205904,2023
194855,Marcolândia,2205953,2023
68705,Marcos Parente,2206001,2023
60923,Massapê do Piauí,2206050,2023
132516,Matias Olímpio,2206100,2023
421897,Miguel Alves,2206209,2023
34693,Miguel Leão,2206308,2023
67925,Milton Brandão,2206357,2023
161627,Monsenhor Gil,2206407,2023
91424,Monsenhor Hipólito,2206506,2023
391314,Monte Alegre do Piauí,2206605,2023
53314,Morro Cabeça no Tempo,2206654,2023
75684,Morro do Chapéu do Piauí,2206670,2023
103630,Murici dos Portelas,2206696,2023
78812,Nazaré do Piauí,2206704,2023
134076,Nazária,2206720,2023
69230,Nossa Senhora de Nazaré,2206753,2023
117751,Nossa Senhora dos Remédios,2206803,2023
66803,Novo Oriente do Piauí,2206902,2023
38563,Novo Santo Antônio,2206951,2023
740096,Oeiras,2207009,2023
38346,Olho D'Água do Piauí,2207108,2023
88445,Padre Marcos,2207207,2023
58224,Paes Landim,2207306,2023
61084,Pajeú do Piauí,2207355,2023
180249,Palmeira do Piauí,2207405,2023
167663,Palmeirais,2207504,2023
53217,Paquetá,2207553,2023
133949,Parnaguá,2207603,2023
3682146,Parnaíba,2207702,2023
62728,Passagem Franca do Piauí,2207751,2023
65641,Patos do Piauí,2207777,2023
43954,Pau D'Arco do Piauí,2207793,2023
359215,Paulistana,2207801,2023
45823,Pavussu,2207850,2023
499936,Pedro II,2207900,2023
38185,Pedro Laurentino,2207934,2023
51654,Nova Santa Rita,2207959,2023
2456682,Picos,2208007,2023
120257,Pimenteiras,2208106,2023
234055,Pio IX,2208205,2023
464676,Piracuruca,2208304,2023
1242361,Piripiri,2208403,2023
143077,Porto,2208502,2023
47843,Porto Alegre do Piauí,2208551,2023
43355,Prata do Piauí,2208601,2023
188828,Queimada Nova,2208650,2023
125613,Redenção do Gurguéia,2208700,2023
337226,Regeneração,2208809,2023
61503,Riacho Frio,2208858,2023
278046,Ribeira do Piauí,2208874,2023
927445,Ribeiro Gonçalves,2208908,2023
75898,Rio Grande do Piauí,2209005,2023
78053,Santa Cruz do Piauí,2209104,2023
51690,Santa Cruz dos Milagres,2209153,2023
789358,Santa Filomena,2209203,2023
87685,Santa Luz,2209302,2023
52380,Santana do Piauí,2209351,2023
63445,Santa Rosa do Piauí,2209377,2023
97849,Santo Antônio de Lisboa,2209401,2023
25284,Santo Antônio dos Milagres,2209450,2023
49248,Santo Inácio do Piauí,2209500,2023
53740,São Braz do Piauí,2209559,2023
38023,São Félix do Piauí,2209609,2023
68222,São Francisco de Assis do Piauí,2209658,2023
67264,São Francisco do Piauí,2209708,2023
64213,São Gonçalo do Gurguéia,2209757,2023
80523,São Gonçalo do Piauí,2209807,2023
54282,São João da Canabrava,2209856,2023
74940,São João da Fronteira,2209872,2023
72738,São João da Serra,2209906,2023
45940,São João da Varjota,2209955,2023
95904,São João do Arraial,2209971,2023
418479,São João do Piauí,2210003,2023
83009,São José do Divino,2210052,2023
50039,São José do Peixe,2210102,2023
81017,São José do Piauí,2210201,2023
67832,São Julião,2210300,2023
54907,São Lourenço do Piauí,2210359,2023
28433,São Luis do Piauí,2210375,2023
32909,São Miguel da Baixa Grande,2210383,2023
36836,São Miguel do Fidalgo,2210391,2023
206592,São Miguel do Tapuio,2210409,2023
159452,São Pedro do Piauí,2210508,2023
761785,São Raimundo Nonato,2210607,2023
57577,Sebastião Barros,2210623,2023
724911,Sebastião Leal,2210631,2023
97006,Sigefredo Pacheco,2210656,2023
543068,Simões,2210706,2023
236711,Simplício Mendes,2210805,2023
52907,Socorro do Piauí,2210904,2023
85293,Sussuapara,2210938,2023
39134,Tamboril do Piauí,2210953,2023
44035,Tanque do Piauí,2210979,2023
29449063,Teresina,2211001,2023
609122,União,2211100,2023
4226266,Uruçuí,2211209,2023
385864,Valença do Piauí,2211308,2023
60846,Várzea Branca,2211357,2023
54664,Várzea Grande,2211407,2023
38796,Vera Mendes,2211506,2023
41921,Vila Nova do Piauí,2211605,2023
58144,Wall Ferraz,2211704,2023
143730,Abaiara,2300101,2023
220474,Acarape,2300150,2023
1250251,Acaraú,2300200,2023
693535,Acopiara,2300309,2023
169076,Aiuaba,2300408,2023
115643,Alcântaras,2300507,2023
92128,Altaneira,2300606,2023
273863,Alto Santo,2300705,2023
808126,Amontada,2300754,2023
101191,Antonina do Norte,2300804,2023
166864,Apuiarés,2300903,2023
4851008,Aquiraz,2301000,2023
1966473,Aracati,2301109,2023
336284,Aracoiaba,2301208,2023
143424,Ararendá,2301257,2023
259168,Araripe,2301307,2023
191055,Aratuba,2301406,2023
88078,Arneiroz,2301505,2023
309804,Assaré,2301604,2023
291950,Aurora,2301703,2023
72488,Baixio,2301802,2023
318579,Banabuiú,2301851,2023
1646404,Barbalha,2301901,2023
289445,Barreira,2301950,2023
286557,Barro,2302008,2023
169758,Barroquinha,2302057,2023
578203,Baturité,2302107,2023
1445505,Beberibe,2302206,2023
381568,Bela Cruz,2302305,2023
717721,Boa Viagem,2302404,2023
1263863,Brejo Santo,2302503,2023
982887,Camocim,2302602,2023
370107,Campos Sales,2302701,2023
1194867,Canindé,2302800,2023
226541,Capistrano,2302909,2023
209728,Caridade,2303006,2023
244538,Cariré,2303105,2023
295136,Caririaçu,2303204,2023
229771,Cariús,2303303,2023
210865,Carnaubal,2303402,2023
1334364,Cascavel,2303501,2023
151959,Catarina,2303600,2023
137704,Catunda,2303659,2023
9873557,Caucaia,2303709,2023
304070,Cedro,2303808,2023
141211,Chaval,2303907,2023
211479,Choró,2303931,2023
268766,Chorozinho,2303956,2023
265519,Coreaú,2304004,2023
1258625,Crateús,2304103,2023
2445567,Crato,2304202,2023
282767,Croatá,2304236,2023
565663,Cruz,2304251,2023
124422,Deputado Irapuan Pinheiro,2304269,2023
102445,Ereré,2304277,2023
4940352,Eusébio,2304285,2023
242210,Farias Brito,2304301,2023
346304,Forquilha,2304350,2023
86939832,Fortaleza,2304400,2023
391326,Fortim,2304459,2023
423490,Frecheirinha,2304509,2023
97406,General Sampaio,2304608,2023
159506,Graça,2304657,2023
561374,Granja,2304707,2023
67463,Granjeiro,2304806,2023
135967,Groaíras,2304905,2023
315522,Guaiúba,2304954,2023
878354,Guaraciaba do Norte,2305001,2023
104816,Guaramiranga,2305100,2023
239627,Hidrolândia,2305209,2023
2964814,Horizonte,2305233,2023
163765,Ibaretama,2305266,2023
431905,Ibiapina,2305308,2023
150877,Ibicuitinga,2305332,2023
453185,Icapuí,2305357,2023
923966,Icó,2305407,2023
2342034,Iguatu,2305506,2023
408128,Independência,2305605,2023
134150,Ipaporanga,2305654,2023
186861,Ipaumirim,2305704,2023
676519,Ipu,2305803,2023
406831,Ipueiras,2305902,2023
253154,Iracema,2306009,2023
271622,Irauçuba,2306108,2023
103646,Itaiçaba,2306207,2023
2352737,Itaitinga,2306256,2023
741513,Itapajé,2306306,2023
2550371,Itapipoca,2306405,2023
213999,Itapiúna,2306504,2023
711165,Itarema,2306553,2023
236128,Itatira,2306603,2023
316967,Jaguaretama,2306702,2023
196533,Jaguaribara,2306801,2023
740827,Jaguaribe,2306900,2023
665090,Jaguaruana,2307007,2023
369628,Jardim,2307106,2023
129952,Jati,2307205,2023
711193,Jijoca de Jericoacoara,2307254,2023
6457543,Juazeiro do Norte,2307304,2023
390390,Jucás,2307403,2023
445000,Lavras da Mangabeira,2307502,2023
1854065,Limoeiro do Norte,2307601,2023
215696,Madalena,2307635,2023
13540094,Maracanaú,2307650,2023
2011194,Maranguape,2307700,2023
453537,Marco,2307809,2023
125472,Martinópole,2307908,2023
483230,Massapê,2308005,2023
707667,Mauriti,2308104,2023
166664,Meruoca,2308203,2023
335239,Milagres,2308302,2023
250241,Milhã,2308351,2023
141462,Miraíma,2308377,2023
598261,Missão Velha,2308401,2023
551794,Mombaça,2308500,2023
210938,Monsenhor Tabosa,2308609,2023
1877982,Morada Nova,2308708,2023
86070,Moraújo,2308807,2023
239995,Morrinhos,2308906,2023
172104,Mucambo,2309003,2023
146503,Mulungu,2309102,2023
206839,Nova Olinda,2309201,2023
432948,Nova Russas,2309300,2023
343682,Novo Oriente,2309409,2023
322686,Ocara,2309458,2023
267791,Orós,2309508,2023
1808068,Pacajus,2309607,2023
1714352,Pacatuba,2309706,2023
175379,Pacoti,2309805,2023
81237,Pacujá,2309904,2023
125162,Palhano,2310001,2023
141264,Palmácia,2310100,2023
679587,Paracuru,2310209,2023
614090,Paraipaba,2310258,2023
349488,Parambu,2310308,2023
137553,Paramoti,2310407,2023
481197,Pedra Branca,2310506,2023
149293,Penaforte,2310605,2023
522218,Pentecoste,2310704,2023
663694,Pereiro,2310803,2023
363294,Pindoretama,2310852,2023
203533,Piquet Carneiro,2310902,2023
103591,Pires Ferreira,2310951,2023
138933,Poranga,2311009,2023
232418,Porteiras,2311108,2023
120981,Potengi,2311207,2023
104345,Potiretama,2311231,2023
249898,Quiterianópolis,2311264,2023
1424438,Quixadá,2311306,2023
241297,Quixelô,2311355,2023
1928559,Quixeramobim,2311405,2023
805778,Quixeré,2311504,2023
520806,Redenção,2311603,2023
238538,Reriutaba,2311702,2023
1517580,Russas,2311801,2023
190822,Saboeiro,2311900,2023
222379,Salitre,2311959,2023
352192,Santana do Acaraú,2312007,2023
191197,Santana do Cariri,2312106,2023
859225,Santa Quitéria,2312205,2023
883024,São Benedito,2312304,2023
6908373,São Gonçalo do Amarante,2312403,2023
137068,São João do Jaguaribe,2312502,2023
160997,São Luís do Curu,2312601,2023
473900,Senador Pompeu,2312700,2023
82270,Senador Sá,2312809,2023
6588929,Sobral,2312908,2023
370693,Solonópole,2313005,2023
584614,Tabuleiro do Norte,2313104,2023
319202,Tamboril,2313203,2023
116827,Tarrafas,2313252,2023
934349,Tauá,2313302,2023
174349,Tejuçuoca,2313351,2023
2265253,Tianguá,2313401,2023
1039083,Trairi,2313500,2023
164401,Tururu,2313559,2023
839887,Ubajara,2313609,2023
85633,Umari,2313708,2023
210672,Umirim,2313757,2023
445294,Uruburetama,2313807,2023
254534,Uruoca,2313906,2023
488084,Varjota,2313955,2023
575214,Várzea Alegre,2314003,2023
723250,Viçosa do Ceará,2314102,2023
195828,Acari,2400109,2023
2170177,Açu,2400208,2023
160921,Afonso Bezerra,2400307,2023
42554,Água Nova,2400406,2023
209117,Alexandria,2400505,2023
68329,Almino Afonso,2400604,2023
902783,Alto do Rodrigues,2400703,2023
257919,Angicos,2400802,2023
79464,Antônio Martins,2400901,2023
941920,Apodi,2401008,2023
1089647,Areia Branca,2401107,2023
471284,Arês,2401206,2023
136391,Campo Grande,2401305,2023
335923,Baía Formosa,2401404,2023
991164,Baraúna,2401453,2023
63583,Barcelona,2401503,2023
128584,Bento Fernandes,2401602,2023
240166,Bodó,2401651,2023
140519,Bom Jesus,2401701,2023
168163,Brejinho,2401800,2023
119611,Caiçara do Norte,2401859,2023
474184,Caiçara do Rio do Vento,2401909,2023
1735797,Caicó,2402006,2023
131975,Campo Redondo,2402105,2023
615957,Canguaretama,2402204,2023
540233,Caraúbas,2402303,2023
150902,Carnaúba dos Dantas,2402402,2023
231816,Carnaubais,2402501,2023
1260346,Ceará,2402600,2023
225342,Cerro Corá,2402709,2023
65460,Coronel Ezequiel,2402808,2023
54170,Coronel João Pessoa,2402907,2023
154742,Cruzeta,2403004,2023
955847,Currais Novos,2403103,2023
106164,Doutor Severiano,2403202,2023
7608526,Parnamirim,2403251,2023
75044,Encanto,2403301,2023
90161,Equador,2403400,2023
126682,Espírito Santo,2403509,2023
986508,Extremoz,2403608,2023
302413,Felipe Guerra,2403707,2023
61994,Fernando Pedroza,2403756,2023
152502,Florânia,2403806,2023
42580,Francisco Dantas,2403905,2023
58994,Frutuoso Gomes,2404002,2023
165672,Galinhos,2404101,2023
646383,Goianinha,2404200,2023
595842,Governador Dix,2404309,2023
185921,Grossos,2404408,2023
2581922,Guamaré,2404507,2023
168954,Ielmo Marinho,2404606,2023
263825,Ipanguaçu,2404705,2023
42669,Ipueira,2404804,2023
179988,Itajá,2404853,2023
90976,Itaú,2404903,2023
100644,Jaçanã,2405009,2023
363648,Jandaíra,2405108,2023
104812,Janduís,2405207,2023
102924,Januário Cicco,2405306,2023
69177,Japi,2405405,2023
69280,Jardim de Angicos,2405504,2023
276161,Jardim de Piranhas,2405603,2023
244663,Jardim do Seridó,2405702,2023
1527022,João Câmara,2405801,2023
33800,João Dias,2405900,2023
88302,José da Penha,2406007,2023
442765,Jucurutu,2406106,2023
47291,Jundiá,2406155,2023
89996,Lagoa d'Anta,2406205,2023
101030,Lagoa de Pedras,2406304,2023
48944,Lagoa de Velhos,2406403,2023
326107,Lagoa Nova,2406502,2023
124483,Lagoa Salgada,2406601,2023
632670,Lajes,2406700,2023
68290,Lajes Pintadas,2406809,2023
61082,Lucrécia,2406908,2023
112399,Luís Gomes,2407005,2023
2455739,Macaíba,2407104,2023
1315680,Macau,2407203,2023
65725,Major Sales,2407252,2023
101177,Marcelino Vieira,2407302,2023
130557,Martins,2407401,2023
165454,Maxaranguape,2407500,2023
65325,Messias Targino,2407609,2023
158962,Montanhas,2407708,2023
348751,Monte Alegre,2407807,2023
45922,Monte das Gameleiras,2407906,2023
10323666,Mossoró,2408003,2023
31162043,Natal,2408102,2023
573358,Nísia Floresta,2408201,2023
629221,Nova Cruz,2408300,2023
58972,Olho d'Água do Borges,2408409,2023
80889,Ouro Branco,2408508,2023
56062,Paraná,2408607,2023
62150,Paraú,2408706,2023
524974,Parazinho,2408805,2023
473775,Parelhas,2408904,2023
207249,Rio do Fogo,2408953,2023
179582,Passa e Fica,2409100,2023
46583,Passagem,2409209,2023
198146,Patu,2409308,2023
89729,Santa Maria,2409332,2023
827724,Pau dos Ferros,2409407,2023
325405,Pedra Grande,2409506,2023
65240,Pedra Preta,2409605,2023
282103,Pedro Avelino,2409704,2023
200896,Pedro Velho,2409803,2023
668530,Pendências,2409902,2023
50550,Pilões,2410009,2023
161103,Poço Branco,2410108,2023
99832,Portalegre,2410207,2023
170409,Porto do Mangue,2410256,2023
150413,Serra Caiada,2410306,2023
182889,Pureza,2410405,2023
61865,Rafael Fernandes,2410504,2023
48290,Rafael Godeiro,2410603,2023
42857,Riacho da Cruz,2410702,2023
53836,Riacho de Santana,2410801,2023
319931,Riachuelo,2410900,2023
67765,Rodolfo Fernandes,2411007,2023
155095,Tibau,2411056,2023
218239,Ruy Barbosa,2411106,2023
716309,Santa Cruz,2411205,2023
207088,Santana do Matos,2411403,2023
51449,Santana do Seridó,2411429,2023
339515,Santo Antônio,2411502,2023
394853,São Bento do Norte,2411601,2023
58251,São Bento do Trairí,2411700,2023
77560,São Fernando,2411809,2023
74357,São Francisco do Oeste,2411908,2023
2588564,São Gonçalo do Amarante,2412005,2023
100073,São João do Sabugi,2412104,2023
1457800,São José de Mipibu,2412203,2023
165230,São José do Campestre,2412302,2023
106548,São José do Seridó,2412401,2023
420064,São Miguel,2412500,2023
712098,São Miguel do Gostoso,2412559,2023
290640,São Paulo do Potengi,2412609,2023
72504,São Pedro,2412708,2023
108235,São Rafael,2412807,2023
184856,São Tomé,2412906,2023
100458,São Vicente,2413003,2023
79950,Senador Elói de Souza,2413102,2023
114536,Senador Georgino Avelino,2413201,2023
84833,Serra de São Bento,2413300,2023
685341,Serra do Mel,2413359,2023
162339,Serra Negra do Norte,2413409,2023
92368,Serrinha,2413508,2023
64722,Serrinha dos Pintos,2413557,2023
96870,Severiano Melo,2413607,2023
64195,Sítio Novo,2413706,2023
43556,Taboleiro Grande,2413805,2023
184091,Taipu,2413904,2023
225000,Tangará,2414001,2023
142795,Tenente Ananias,2414100,2023
120493,Tenente Laurentino Cruz,2414159,2023
576215,Tibau do Sul,2414209,2023
47341,Timbaúba dos Batistas,2414308,2023
1015670,Touros,2414407,2023
55944,Triunfo Potiguar,2414456,2023
167072,Umarizal,2414506,2023
370220,Upanema,2414605,2023
72803,Várzea,2414704,2023
47870,Venha,2414753,2023
167326,Vera Cruz,2414803,2023
29717,Viçosa,2414902,2023
49863,Vila Flor,2415008,2023
107368,Água Branca,2500106,2023
68585,Aguiar,2500205,2023
367232,Alagoa Grande,2500304,2023
376825,Alagoa Nova,2500403,2023
166686,Alagoinha,2500502,2023
70348,Alcantil,2500536,2023
38483,Algodão de Jandaíra,2500577,2023
3148252,Alhandra,2500601,2023
286060,São João do Rio do Peixe,2500700,2023
37039,Amparo,2500734,2023
147637,Aparecida,2500775,2023
233113,Araçagi,2500809,2023
133977,Arara,2500908,2023
244109,Araruna,2501005,2023
355512,Areia,2501104,2023
27916,Areia de Baraúnas,2501153,2023
81463,Areial,2501203,2023
327699,Aroeiras,2501302,2023
56279,Assunção,2501351,2023
130462,Baía da Traição,2501401,2023
370980,Bananeiras,2501500,2023
62002,Baraúna,2501534,2023
115121,Barra de Santana,2501575,2023
187975,Barra de Santa Rosa,2501609,2023
101524,Barra de São Miguel,2501708,2023
1899000,Bayeux,2501807,2023
268655,Belém,2501906,2023
93160,Belém do Brejo do Cruz,2502003,2023
53721,Bernardino Batista,2502052,2023
63601,Boa Ventura,2502102,2023
319446,Boa Vista,2502151,2023
40310,Bom Jesus,2502201,2023
66561,Bom Sucesso,2502300,2023
119586,Bonito de Santa Fé,2502409,2023
302850,Boqueirão,2502508,2023
73095,Igaracy,2502607,2023
80671,Borborema,2502706,2023
207305,Brejo do Cruz,2502805,2023
79111,Brejo dos Santos,2502904,2023
545157,Caaporã,2503001,2023
171069,Cabaceiras,2503100,2023
4092777,Cabedelo,2503209,2023
153125,Cachoeira dos Índios,2503308,2023
45669,Cacimba de Areia,2503407,2023
179299,Cacimba de Dentro,2503506,2023
84005,Cacimbas,2503555,2023
83428,Caiçara,2503605,2023
1808447,Cajazeiras,2503704,2023
51075,Cajazeirinhas,2503753,2023
92129,Caldas Brandão,2503803,2023
87713,Camalaú,2503902,2023
12908743,Campina Grande,2504009,2023
101592,Capim,2504033,2023
55068,Caraúbas,2504074,2023
39802,Carrapateira,2504108,2023
83914,Casserengue,2504157,2023
63519,Catingueira,2504207,2023
622714,Catolé do Rocha,2504306,2023
87217,Caturité,2504355,2023
257651,Conceição,2504405,2023
89037,Condado,2504504,2023
1648300,Conde,2504603,2023
85465,Congo,2504702,2023
255021,Coremas,2504801,2023
30936,Coxixola,2504850,2023
253013,Cruz do Espírito Santo,2504900,2023
102129,Cubati,2505006,2023
273447,Cuité,2505105,2023
87664,Cuitegi,2505204,2023
85105,Cuité de Mamanguape,2505238,2023
74436,Curral de Cima,2505279,2023
33783,Curral Velho,2505303,2023
62654,Damião,2505352,2023
94774,Desterro,2505402,2023
50452,Vista Serrana,2505501,2023
75548,Diamante,2505600,2023
117418,Dona Inês,2505709,2023
51973,Duas Estradas,2505808,2023
46042,Emas,2505907,2023
851650,Esperança,2506004,2023
135441,Fagundes,2506103,2023
38774,Frei Martinho,2506202,2023
101801,Gado Bravo,2506251,2023
1489288,Guarabira,2506301,2023
201227,Gurinhém,2506400,2023
50413,Gurjão,2506509,2023
63597,Ibiara,2506608,2023
105988,Imaculada,2506707,2023
270159,Ingá,2506806,2023
417387,Itabaiana,2506905,2023
445867,Itaporanga,2507002,2023
261025,Itapororoca,2507101,2023
211522,Itatuba,2507200,2023
217258,Jacaraú,2507309,2023
95979,Jericó,2507408,2023
28442131,João Pessoa,2507507,2023
93223,Juarez Távora,2507606,2023
259622,Juazeirinho,2507705,2023
128192,Junco do Seridó,2507804,2023
150461,Juripiranga,2507903,2023
111022,Juru,2508000,2023
65991,Lagoa,2508109,2023
104437,Lagoa de Dentro,2508208,2023
416794,Lagoa Seca,2508307,2023
37248,Lastro,2508406,2023
83602,Livramento,2508505,2023
65569,Logradouro,2508554,2023
279944,Lucena,2508604,2023
45505,Mãe d'Água,2508703,2023
77516,Malta,2508802,2023
1086800,Mamanguape,2508901,2023
110034,Manaíra,2509008,2023
123336,Marcação,2509057,2023
303052,Mari,2509107,2023
97757,Marizópolis,2509156,2023
196173,Massaranduba,2509206,2023
231046,Mataraca,2509305,2023
80821,Matinhas,2509339,2023
38900,Mato Grosso,2509370,2023
79510,Maturéia,2509396,2023
220317,Mogeiro,2509404,2023
68335,Montadas,2509503,2023
59800,Monte Horebe,2509602,2023
842417,Monteiro,2509701,2023
111589,Mulungu,2509800,2023
116149,Natuba,2509909,2023
81441,Nazarezinho,2510006,2023
114955,Nova Floresta,2510105,2023
69482,Nova Olinda,2510204,2023
54633,Nova Palmeira,2510303,2023
76534,Olho d'Água,2510402,2023
53270,Olivedos,2510501,2023
47542,Ouro Velho,2510600,2023
28042,Parari,2510659,2023
35352,Passagem,2510709,2023
2555214,Patos,2510808,2023
200281,Paulista,2510907,2023
48602,Pedra Branca,2511004,2023
94715,Pedra Lavrada,2511103,2023
836969,Pedras de Fogo,2511202,2023
246685,Piancó,2511301,2023
270316,Picuí,2511400,2023
158901,Pilar,2511509,2023
133896,Pilões,2511608,2023
64516,Pilõezinhos,2511707,2023
120990,Pirpirituba,2511806,2023
479172,Pitimbu,2511905,2023
334112,Pocinhos,2512002,2023
56713,Poço Dantas,2512036,2023
61655,Poço de José de Moura,2512077,2023
594290,Pombal,2512101,2023
83660,Prata,2512200,2023
343379,Princesa Isabel,2512309,2023
189387,Puxinanã,2512408,2023
788732,Queimadas,2512507,2023
30647,Quixaba,2512606,2023
224366,Remígio,2512705,2023
70516,Pedro Régis,2512721,2023
42007,Riachão,2512747,2023
68122,Riachão do Bacamarte,2512754,2023
73546,Riachão do Poço,2512762,2023
35322,Riacho de Santo Antônio,2512788,2023
111761,Riacho dos Cavalos,2512804,2023
393104,Rio Tinto,2512903,2023
40278,Salgadinho,2513000,2023
177321,Salgado de São Félix,2513109,2023
90463,Santa Cecília,2513158,2023
74312,Santa Cruz,2513208,2023
84256,Santa Helena,2513307,2023
40015,Santa Inês,2513356,2023
573425,Santa Luzia,2513406,2023
60940,Santana de Mangueira,2513505,2023
81502,Santana dos Garrotes,2513604,2023
43129,Joca Claudino,2513653,2023
3163544,Santa Rita,2513703,2023
66909,Santa Teresinha,2513802,2023
40211,Santo André,2513851,2023
724346,São Bento,2513901,2023
64264,São Bentinho,2513927,2023
39709,São Domingos do Cariri,2513943,2023
44068,São Domingos,2513968,2023
48447,São Francisco,2513984,2023
71555,São João do Cariri,2514008,2023
51496,São João do Tigre,2514107,2023
87269,São José da Lagoa Tapada,2514206,2023
63973,São José de Caiana,2514305,2023
66469,São José de Espinharas,2514404,2023
78200,São José dos Ramos,2514453,2023
289437,São José de Piranhas,2514503,2023
43362,São José de Princesa,2514552,2023
41022,São José do Bonfim,2514602,2023
36303,São José do Brejo do Cruz,2514651,2023
129591,São José do Sabugi,2514701,2023
44795,São José dos Cordeiros,2514800,2023
101241,São Mamede,2514909,2023
122551,São Miguel de Taipu,2515005,2023
133993,São Sebastião de Lagoa de Roça,2515104,2023
46472,São Sebastião do Umbuzeiro,2515203,2023
852471,Sapé,2515302,2023
112003,São Vicente do Seridó,2515401,2023
187052,Serra Branca,2515500,2023
47507,Serra da Raiz,2515609,2023
40406,Serra Grande,2515708,2023
74715,Serra Redonda,2515807,2023
79579,Serraria,2515906,2023
71175,Sertãozinho,2515930,2023
135262,Sobrado,2515971,2023
428475,Solânea,2516003,2023
319643,Soledade,2516102,2023
47775,Sossêgo,2516151,2023
1714770,Sousa,2516201,2023
255601,Sumé,2516300,2023
106670,Tacima,2516409,2023
169781,Taperoá,2516508,2023
167333,Tavares,2516607,2023
222479,Teixeira,2516706,2023
40231,Tenório,2516755,2023
121796,Triunfo,2516805,2023
245510,Uiraúna,2516904,2023
118557,Umbuzeiro,2517001,2023
46408,Várzea,2517100,2023
59242,Vieirópolis,2517209,2023
35337,Zabelê,2517407,2023
2129775,Abreu e Lima,2600054,2023
651001,Afogados da Ingazeira,2600104,2023
271668,Afrânio,2600203,2023
368076,Agrestina,2600302,2023
263642,Água Preta,2600401,2023
489637,Águas Belas,2600500,2023
199751,Alagoinha,2600609,2023
472449,Aliança,2600708,2023
302022,Altinho,2600807,2023
307792,Amaraji,2600906,2023
186927,Angelim,2601003,2023
203113,Araçoiaba,2601052,2023
1777713,Araripina,2601102,2023
1503621,Arcoverde,2601201,2023
197017,Barra de Guabiraba,2601300,2023
645437,Barreiros,2601409,2023
110733,Belém de Maria,2601508,2023
715390,Belém do São Francisco,2601607,2023
3429628,Belo Jardim,2601706,2023
125498,Betânia,2601805,2023
1089685,Bezerros,2601904,2023
388247,Bodocó,2602001,2023
801671,Bom Conselho,2602100,2023
419042,Bom Jardim,2602209,2023
736191,Bonito,2602308,2023
226948,Brejão,2602407,2023
95683,Brejinho,2602506,2023
530035,Brejo da Madre de Deus,2602605,2023
163217,Buenos Aires,2602704,2023
647063,Buíque,2602803,2023
15897620,Cabo de Santo Agostinho,2602902,2023
536175,Cabrobó,2603009,2023
290338,Cachoeirinha,2603108,2023
503212,Caetés,2603207,2023
134331,Calçado,2603306,2023
62249,Calumbi,2603405,2023
2436552,Camaragibe,2603454,2023
209246,Camocim de São Félix,2603504,2023
427495,Camutanga,2603603,2023
364996,Canhotinho,2603702,2023
266090,Capoeiras,2603801,2023
212891,Carnaíba,2603900,2023
107059,Carnaubeira da Penha,2603926,2023
1937470,Carpina,2604007,2023
11238434,Caruaru,2604106,2023
125631,Casinhas,2604155,2023
390075,Catende,2604205,2023
133554,Cedro,2604304,2023
190273,Chã de Alegria,2604403,2023
325129,Chã Grande,2604502,2023
294987,Condado,2604601,2023
211880,Correntes,2604700,2023
147761,Cortês,2604809,2023
163890,Cumaru,2604908,2023
355809,Cupira,2605004,2023
759609,Custódia,2605103,2023
311854,Dormentes,2605152,2023
1582303,Escada,2605202,2023
440315,Exu,2605301,2023
274542,Feira Nova,2605400,2023
304923,Fernando de Noronha,2605459,2023
171423,Ferreiros,2605509,2023
245679,Flores,2605608,2023
583259,Floresta,2605707,2023
152032,Frei Miguelinho,2605806,2023
248184,Gameleira,2605905,2023
3834635,Garanhuns,2606002,2023
626114,Glória do Goitá,2606101,2023
13893623,Goiana,2606200,2023
91071,Granito,2606309,2023
1637743,Gravatá,2606408,2023
236013,Iati,2606507,2023
425355,Ibimirim,2606606,2023
99153,Ibirajuba,2606705,2023
3770816,Igarassu,2606804,2023
122068,Iguaracy,2606903,2023
276204,Inajá,2607000,2023
65457,Ingazeira,2607109,2023
17972323,Ipojuca,2607208,2023
412535,Ipubi,2607307,2023
82430,Itacuruba,2607406,2023
390249,Itaíba,2607505,2023
298295,Ilha de Itamaracá,2607604,2023
586823,Itambé,2607653,2023
170269,Itapetim,2607703,2023
3258624,Itapissuma,2607752,2023
223249,Itaquitinga,2607802,2023
20281298,Jaboatão dos Guararapes,2607901,2023
129334,Jaqueira,2607950,2023
192384,Jataúba,2608008,2023
183614,Jatobá,2608057,2023
354879,João Alfredo,2608107,2023
164491,Joaquim Nabuco,2608206,2023
142790,Jucati,2608255,2023
247150,Jupi,2608305,2023
146166,Jurema,2608404,2023
327921,Lagoa do Carro,2608453,2023
551074,Lagoa de Itaenga,2608503,2023
150180,Lagoa do Ouro,2608602,2023
168831,Lagoa dos Gatos,2608701,2023
713609,Lagoa Grande,2608750,2023
706467,Lajedo,2608800,2023
991140,Limoeiro,2608909,2023
359208,Macaparana,2609006,2023
271714,Machados,2609105,2023
183154,Manari,2609154,2023
110045,Maraial,2609204,2023
221207,Mirandiba,2609303,2023
1118309,Moreno,2609402,2023
777087,Nazaré da Mata,2609501,2023
7024917,Olinda,2609600,2023
582870,Orobó,2609709,2023
192309,Orocó,2609808,2023
1016704,Ouricuri,2609907,2023
1156052,Palmares,2610004,2023
91362,Palmeirina,2610103,2023
239945,Panelas,2610202,2023
306364,Paranatama,2610301,2023
268156,Parnamirim,2610400,2023
293500,Passira,2610509,2023
1151981,Paudalho,2610608,2023
6999013,Paulista,2610707,2023
426036,Pedra,2610806,2023
1082144,Pesqueira,2610905,2023
1568603,Petrolândia,2611002,2023
10577530,Petrolina,2611101,2023
132807,Poção,2611200,2023
635845,Pombos,2611309,2023
320399,Primavera,2611408,2023
211463,Quipapá,2611507,2023
75902,Quixaba,2611533,2023
66351305,Recife,2611606,2023
289327,Riacho das Almas,2611705,2023
601649,Ribeirão,2611804,2023
374545,Rio Formoso,2611903,2023
204199,Sairé,2612000,2023
76619,Salgadinho,2612109,2023
1389969,Salgueiro,2612208,2023
251854,Saloá,2612307,2023
269694,Sanharó,2612406,2023
156125,Santa Cruz,2612455,2023
143723,Santa Cruz da Baixa Verde,2612471,2023
2125695,Santa Cruz do Capibaribe,2612505,2023
133150,Santa Filomena,2612554,2023
781893,Santa Maria da Boa Vista,2612604,2023
151435,Santa Maria do Cambucá,2612703,2023
122739,Santa Terezinha,2612802,2023
129076,São Benedito do Sul,2612901,2023
1909078,São Bento do Una,2613008,2023
575982,São Caitano,2613107,2023
374387,São João,2613206,2023
258411,São Joaquim do Monte,2613305,2023
389471,São José da Coroa Grande,2613404,2023
529903,São José do Belmonte,2613503,2023
471426,São José do Egito,2613602,2023
1791059,São Lourenço da Mata,2613701,2023
384212,São Vicente Férrer,2613800,2023
2003113,Serra Talhada,2613909,2023
195989,Serrita,2614006,2023
404067,Sertânia,2614105,2023
861417,Sirinhaém,2614204,2023
106462,Moreilândia,2614303,2023
63051,Solidão,2614402,2023
1131954,Surubim,2614501,2023
358223,Tabira,2614600,2023
221749,Tacaimbó,2614709,2023
262198,Tacaratu,2614808,2023
432297,Tamandaré,2614857,2023
402088,Taquaritinga do Norte,2615003,2023
91621,Terezinha,2615102,2023
125359,Terra Nova,2615201,2023
905265,Timbaúba,2615300,2023
812755,Toritama,2615409,2023
198570,Tracunhaém,2615508,2023
654211,Trindade,2615607,2023
202205,Triunfo,2615706,2023
275931,Tupanatinga,2615805,2023
95042,Tuparetama,2615904,2023
291065,Venturosa,2616001,2023
103221,Verdejante,2616100,2023
93452,Vertente do Lério,2616183,2023
228836,Vertentes,2616209,2023
615581,Vicência,2616308,2023
6095992,Vitória de Santo Antão,2616407,2023
201330,Xexéu,2616506,2023
246052,Água Branca,2700102,2023
276952,Anadia,2700201,2023
6880940,Arapiraca,2700300,2023
1637107,Atalaia,2700409,2023
358501,Barra de Santo Antônio,2700508,2023
304436,Barra de São Miguel,2700607,2023
308733,Batalha,2700706,2023
187160,Belém,2700805,2023
196377,Belo Monte,2700904,2023
565491,Boca da Mata,2701001,2023
849267,Branquinha,2701100,2023
195083,Cacimbinhas,2701209,2023
223748,Cajueiro,2701308,2023
109805,Campestre,2701357,2023
884685,Campo Alegre,2701407,2023
113470,Campo Grande,2701506,2023
235141,Canapi,2701605,2023
250653,Capela,2701704,2023
97601,Carneiros,2701803,2023
289693,Chã Preta,2701902,2023
234385,Coité do Nóia,2702009,2023
367109,Colônia Leopoldina,2702108,2023
115662,Coqueiro Seco,2702207,2023
2400819,Coruripe,2702306,2023
450187,Craíbas,2702355,2023
911191,Delmiro Gouveia,2702405,2023
140027,Dois Riachos,2702504,2023
177063,Estrela de Alagoas,2702553,2023
500385,Feira Grande,2702603,2023
218958,Feliz Deserto,2702702,2023
251580,Flexeiras,2702801,2023
602812,Girau do Ponciano,2702900,2023
223883,Ibateguara,2703007,2023
328695,Igaci,2703106,2023
697572,Igreja Nova,2703205,2023
210039,Inhapi,2703304,2023
78412,Jacaré dos Homens,2703403,2023
144753,Jacuípe,2703502,2023
329293,Japaratinga,2703601,2023
81577,Jaramataia,2703700,2023
456621,Jequiá da Praia,2703759,2023
541697,Joaquim Gomes,2703809,2023
92728,Jundiá,2703908,2023
705482,Junqueiro,2704005,2023
333780,Lagoa da Canoa,2704104,2023
806003,Limoeiro de Anadia,2704203,2023
33749576,Maceió,2704302,2023
296433,Major Isidoro,2704401,2023
1219926,Maragogi,2704500,2023
134024,Maravilha,2704609,2023
3185683,Marechal Deodoro,2704708,2023
222264,Maribondo,2704807,2023
51607,Mar Vermelho,2704906,2023
400974,Mata Grande,2705002,2023
514991,Matriz de Camaragibe,2705101,2023
351253,Messias,2705200,2023
90125,Minador do Negrão,2705309,2023
109208,Monteirópolis,2705408,2023
1080389,Murici,2705507,2023
240603,Novo Lino,2705606,2023
343111,Olho d'Água das Flores,2705705,2023
100592,Olho d'Água do Casado,2705804,2023
72758,Olho d'Água Grande,2705903,2023
135134,Olivença,2706000,2023
150495,Ouro Branco,2706109,2023
48822,Palestina,2706208,2023
1367252,Palmeira dos Índios,2706307,2023
282237,Pão de Açúcar,2706406,2023
119510,Pariconha,2706422,2023
302559,Paripueira,2706448,2023
378391,Passo de Camaragibe,2706505,2023
108187,Paulo Jacinto,2706604,2023
1159276,Penedo,2706703,2023
480484,Piaçabuçu,2706802,2023
957605,Pilar,2706901,2023
53808,Pindoba,2707008,2023
358241,Piranhas,2707107,2023
146801,Poço das Trincheiras,2707206,2023
544520,Porto Calvo,2707305,2023
451598,Porto de Pedras,2707404,2023
294351,Porto Real do Colégio,2707503,2023
195018,Quebrangulo,2707602,2023
2032761,Rio Largo,2707701,2023
247076,Roteiro,2707800,2023
199948,Santa Luzia do Norte,2707909,2023
863267,Santana do Ipanema,2708006,2023
1127361,Santana do Mundaú,2708105,2023
123934,São Brás,2708204,2023
816993,São José da Laje,2708303,2023
421128,São José da Tapera,2708402,2023
1052903,São Luís do Quitunde,2708501,2023
1594206,São Miguel dos Campos,2708600,2023
308510,São Miguel dos Milagres,2708709,2023
736908,São Sebastião,2708808,2023
369184,Satuba,2708907,2023
137332,Senador Rui Palmeira,2708956,2023
92869,Tanque d'Arca,2709004,2023
664759,Taquarana,2709103,2023
941856,Teotônio Vilela,2709152,2023
357715,Traipu,2709202,2023
1693998,União dos Palmares,2709301,2023
596814,Viçosa,2709400,2023
49412,Amparo do São Francisco,2800100,2023
362299,Aquidabã,2800209,2023
22291877,Aracaju,2800308,2023
203787,Arauá,2800407,2023
353834,Areia Branca,2800506,2023
2478982,Barra dos Coqueiros,2800605,2023
436636,Boquim,2800670,2023
122926,Brejo Grande,2800704,2023
354386,Campo do Brito,2801009,2023
95135,Canhoba,2801108,2023
2967957,Canindé de São Francisco,2801207,2023
595061,Capela,2801306,2023
723769,Carira,2801405,2023
464417,Carmópolis,2801504,2023
84949,Cedro de São João,2801603,2023
589914,Cristinápolis,2801702,2023
82671,Cumbe,2801900,2023
240797,Divina Pastora,2802007,2023
1473225,Estância,2802106,2023
169357,Feira Nova,2802205,2023
551019,Frei Paulo,2802304,2023
217566,Gararu,2802403,2023
50397,General Maynard,2802502,2023
139799,Graccho Cardoso,2802601,2023
118392,Ilha das Flores,2802700,2023
322888,Indiaroba,2802809,2023
2942686,Itabaiana,2802908,2023
865772,Itabaianinha,2803005,2023
101138,Itabi,2803104,2023
562366,Itaporanga d'Ajuda,2803203,2023
549070,Japaratuba,2803302,2023
298620,Japoatã,2803401,2023
2177825,Lagarto,2803500,2023
638033,Laranjeiras,2803609,2023
136318,Macambira,2803708,2023
67244,Malhada dos Bois,2803807,2023
224467,Malhador,2803906,2023
320963,Maruim,2804003,2023
280140,Moita Bonita,2804102,2023
337201,Monte Alegre de Sergipe,2804201,2023
112544,Muribeca,2804300,2023
382705,Neópolis,2804409,2023
209605,Nossa Senhora Aparecida,2804458,2023
1048320,Nossa Senhora da Glória,2804508,2023
540610,Nossa Senhora das Dores,2804607,2023
115910,Nossa Senhora de Lourdes,2804706,2023
2852077,Nossa Senhora do Socorro,2804805,2023
219432,Pacatuba,2804904,2023
74512,Pedra Mole,2805000,2023
128570,Pedrinhas,2805109,2023
141417,Pinhão,2805208,2023
155336,Pirambu,2805307,2023
763539,Poço Redondo,2805406,2023
388823,Poço Verde,2805505,2023
637808,Porto da Folha,2805604,2023
614880,Propriá,2805703,2023
419339,Riachão do Dantas,2805802,2023
240563,Riachuelo,2805901,2023
372071,Ribeirópolis,2806008,2023
391878,Rosário do Catete,2806107,2023
320943,Salgado,2806206,2023
238278,Santa Luzia do Itanhy,2806305,2023
160615,Santana do São Francisco,2806404,2023
59186,Santa Rosa de Lima,2806503,2023
227942,Santo Amaro das Brotas,2806602,2023
1392938,São Cristóvão,2806701,2023
161345,São Domingos,2806800,2023
61511,São Francisco,2806909,2023
79123,São Miguel do Aleixo,2807006,2023
925387,Simão Dias,2807105,2023
201981,Siriri,2807204,2023
53467,Telha,2807303,2023
1150010,Tobias Barreto,2807402,2023
208833,Tomar do Geru,2807501,2023
721872,Umbaúba,2807600,2023
84854,Abaíra,2900108,2023
224239,Abaré,2900207,2023
186446,Acajutiba,2900306,2023
275494,Adustina,2900355,2023
174798,Água Fria,2900405,2023
102934,Érico Cardoso,2900504,2023
75418,Aiquara,2900603,2023
5705227,Alagoinhas,2900702,2023
439082,Alcobaça,2900801,2023
79711,Almadina,2900900,2023
608765,Amargosa,2901007,2023
521349,Amélia Rodrigues,2901106,2023
198616,América Dourada,2901155,2023
299895,Anagé,2901205,2023
178408,Andaraí,2901304,2023
252206,Andorinha,2901353,2023
229298,Angical,2901403,2023
118552,Anguera,2901502,2023
197870,Antas,2901601,2023
138793,Antônio Cardoso,2901700,2023
108500,Antônio Gonçalves,2901809,2023
191758,Aporá,2901908,2023
90729,Apuarema,2901957,2023
174004,Aracatu,2902005,2023
325622,Araçás,2902054,2023
642812,Araci,2902104,2023
138749,Aramari,2902203,2023
135073,Arataca,2902252,2023
107370,Aratuípe,2902302,2023
180021,Aurelino Leal,2902401,2023
362686,Baianópolis,2902500,2023
226704,Baixa Grande,2902609,2023
152081,Banzaê,2902658,2023
558493,Barra,2902708,2023
589439,Barra da Estiva,2902807,2023
540750,Barra do Choça,2902906,2023
143356,Barra do Mendes,2903003,2023
107927,Barra do Rocha,2903102,2023
9499499,Barreiras,2903201,2023
137538,Barro Alto,2903235,2023
289668,Barrocas,2903276,2023
112869,Barro Preto,2903300,2023
432368,Belmonte,2903409,2023
217596,Belo Campo,2903508,2023
234654,Biritinga,2903607,2023
144910,Boa Nova,2903706,2023
187249,Boa Vista do Tupim,2903805,2023
1554154,Bom Jesus da Lapa,2903904,2023
92366,Bom Jesus da Serra,2903953,2023
146376,Boninal,2904001,2023
265009,Bonito,2904050,2023
221071,Boquira,2904100,2023
132225,Botuporã,2904209,2023
168676,Brejões,2904308,2023
146903,Brejolândia,2904407,2023
141253,Brotas de Macaúbas,2904506,2023
1931839,Brumado,2904605,2023
237932,Buerarema,2904704,2023
191820,Buritirama,2904753,2023
97532,Caatiba,2904803,2023
186028,Cabaceiras do Paraguaçu,2904852,2023
521416,Cachoeira,2904902,2023
429993,Caculé,2905008,2023
127401,Caém,2905107,2023
114113,Caetanos,2905156,2023
1216743,Caetité,2905206,2023
277214,Cafarnaum,2905305,2023
1442325,Cairu,2905404,2023
138755,Caldeirão Grande,2905503,2023
470760,Camacan,2905602,2023
27418878,Camaçari,2905701,2023
557662,Camamu,2905800,2023
383421,Campo Alegre de Lourdes,2905909,2023
1617786,Campo Formoso,2906006,2023
110069,Canápolis,2906105,2023
305656,Canarana,2906204,2023
510979,Canavieiras,2906303,2023
84961,Candeal,2906402,2023
5750026,Candeias,2906501,2023
170088,Candiba,2906600,2023
289057,Cândido Sales,2906709,2023
510493,Cansanção,2906808,2023
203667,Canudos,2906824,2023
164342,Capela do Alto Alegre,2906857,2023
801016,Capim Grosso,2906873,2023
123402,Caraíbas,2906899,2023
413319,Caravelas,2906907,2023
140042,Cardeal da Silva,2907004,2023
377035,Carinhanha,2907103,2023
1135276,Casa Nova,2907202,2023
431938,Castro Alves,2907301,2023
93082,Catolândia,2907400,2023
928641,Catu,2907509,2023
105134,Caturama,2907558,2023
180701,Central,2907608,2023
137581,Chorrochó,2907707,2023
503222,Cícero Dantas,2907806,2023
214616,Cipó,2907905,2023
256643,Coaraci,2908002,2023
733217,Cocos,2908101,2023
430602,Conceição da Feira,2908200,2023
236507,Conceição do Almeida,2908309,2023
1122063,Conceição do Coité,2908408,2023
2634469,Conceição do Jacuípe,2908507,2023
365282,Conde,2908606,2023
203311,Condeúba,2908705,2023
63627,Contendas do Sincorá,2908804,2023
325844,Coração de Maria,2908903,2023
79050,Cordeiros,2909000,2023
207786,Coribe,2909109,2023
258088,Coronel João Sá,2909208,2023
3806363,Correntina,2909307,2023
214457,Cotegipe,2909406,2023
57703,Cravolândia,2909505,2023
262120,Crisópolis,2909604,2023
218525,Cristópolis,2909703,2023
1279175,Cruz das Almas,2909802,2023
499932,Curaçá,2909901,2023
155287,Dário Meira,2910008,2023
2377818,Dias d'Ávila,2910057,2023
177243,Dom Basílio,2910107,2023
60840,Dom Macedo Costa,2910206,2023
104130,Elísio Medrado,2910305,2023
254828,Encruzilhada,2910404,2023
790786,Entre Rios,2910503,2023
810980,Esplanada,2910602,2023
959548,Euclides da Cunha,2910701,2023
4264493,Eunápolis,2910727,2023
298891,Fátima,2910750,2023
83140,Feira da Mata,2910776,2023
21846455,Feira de Santana,2910800,2023
201628,Filadélfia,2910859,2023
88592,Firmino Alves,2910909,2023
134079,Floresta Azul,2911006,2023
5334933,Formosa do Rio Preto,2911105,2023
598643,Gandu,2911204,2023
64349,Gavião,2911253,2023
563487,Gentio do Ouro,2911303,2023
297615,Glória,2911402,2023
91564,Gongogi,2911501,2023
284847,Governador Mangabeira,2911600,2023
86286,Guajeru,2911659,2023
2028013,Guanambi,2911709,2023
318837,Guaratinga,2911808,2023
170531,Heliópolis,2911857,2023
309737,Iaçu,2911907,2023
121230,Ibiassucê,2912004,2023
265632,Ibicaraí,2912103,2023
517754,Ibicoara,2912202,2023
224503,Ibicuí,2912301,2023
201181,Ibipeba,2912400,2023
155050,Ibipitanga,2912509,2023
48874,Ibiquera,2912608,2023
385351,Ibirapitanga,2912707,2023
486182,Ibirapuã,2912806,2023
274185,Ibirataia,2912905,2023
145140,Ibitiara,2913002,2023
181670,Ibititá,2913101,2023
544229,Ibotirama,2913200,2023
72148,Ichu,2913309,2023
237186,Igaporã,2913408,2023
248015,Igrapiúna,2913457,2023
282578,Iguaí,2913507,2023
7234381,Ilhéus,2913606,2023
728057,Inhambupe,2913705,2023
141404,Ipecaetá,2913804,2023
714938,Ipiaú,2913903,2023
799164,Ipirá,2914000,2023
138064,Ipupiara,2914109,2023
81310,Irajuba,2914208,2023
128688,Iramaia,2914307,2023
695113,Iraquara,2914406,2023
385665,Irará,2914505,2023
1963173,Irecê,2914604,2023
669663,Itabela,2914653,2023
1267187,Itaberaba,2914703,2023
5152367,Itabuna,2914802,2023
563115,Itacaré,2914901,2023
151142,Itaeté,2915007,2023
162850,Itagi,2915106,2023
746823,Itagibá,2915205,2023
153619,Itagimirim,2915304,2023
173901,Itaguaçu da Bahia,2915353,2023
110197,Itaju do Colônia,2915403,2023
382795,Itajuípe,2915502,2023
1395506,Itamaraju,2915601,2023
118906,Itamari,2915700,2023
403898,Itambé,2915809,2023
110577,Itanagra,2915908,2023
341096,Itanhém,2916005,2023
298514,Itaparica,2916104,2023
135712,Itapé,2916203,2023
329116,Itapebi,2916302,2023
1938472,Itapetinga,2916401,2023
534863,Itapicuru,2916500,2023
124199,Itapitanga,2916609,2023
105758,Itaquara,2916708,2023
375540,Itarantim,2916807,2023
513401,Itatim,2916856,2023
152011,Itiruçu,2916906,2023
429678,Itiúba,2917003,2023
281112,Itororó,2917102,2023
341991,Ituaçu,2917201,2023
420873,Ituberá,2917300,2023
179353,Iuiu,2917334,2023
1527845,Jaborandi,2917359,2023
150696,Jacaraci,2917409,2023
2030142,Jacobina,2917508,2023
807069,Jaguaquara,2917607,2023
805704,Jaguarari,2917706,2023
261121,Jaguaripe,2917805,2023
217807,Jandaíra,2917904,2023
3882707,Jequié,2918001,2023
623856,Jeremoabo,2918100,2023
195943,Jiquiriçá,2918209,2023
253023,Jitaúna,2918308,2023
347835,João Dourado,2918357,2023
6159604,Juazeiro,2918407,2023
152424,Jucuruçu,2918456,2023
151838,Jussara,2918506,2023
90404,Jussari,2918555,2023
87228,Jussiape,2918605,2023
70953,Lafaiete Coutinho,2918704,2023
147332,Lagoa Real,2918753,2023
344541,Laje,2918803,2023
132126,Lajedão,2918902,2023
66280,Lajedinho,2919009,2023
102350,Lajedo do Tabocal,2919058,2023
83252,Lamarão,2919108,2023
381812,Lapão,2919157,2023
8918480,Lauro de Freitas,2919207,2023
210370,Lençóis,2919306,2023
165212,Licínio de Almeida,2919405,2023
705491,Livramento de Nossa Senhora,2919504,2023
11559024,Luís Eduardo Magalhães,2919553,2023
108592,Macajuba,2919603,2023
269681,Macarani,2919702,2023
549586,Macaúbas,2919801,2023
80972,Macururé,2919900,2023
710438,Madre de Deus,2919926,2023
81860,Maetinga,2919959,2023
210896,Maiquinique,2920007,2023
211982,Mairi,2920106,2023
238293,Malhada,2920205,2023
111365,Malhada de Pedras,2920304,2023
165432,Manoel Vitorino,2920403,2023
117787,Mansidão,2920452,2023
692349,Maracás,2920502,2023
479212,Maragogipe,2920601,2023
434712,Maraú,2920700,2023
119538,Marcionílio Souza,2920809,2023
193317,Mascote,2920908,2023
1734857,Mata de São João,2921005,2023
123261,Matina,2921054,2023
505592,Medeiros Neto,2921104,2023
340200,Miguel Calmon,2921203,2023
181064,Milagres,2921302,2023
167191,Mirangaba,2921401,2023
102822,Mirante,2921450,2023
590805,Monte Santo,2921500,2023
102667,Morpará,2921609,2023
1565321,Morro do Chapéu,2921708,2023
132840,Mortugaba,2921807,2023
599591,Mucugê,2921906,2023
3127407,Mucuri,2922003,2023
283456,Mulungu do Morro,2922052,2023
219477,Mundo Novo,2922102,2023
86329,Muniz Ferreira,2922201,2023
266937,Muquém do São Francisco,2922250,2023
375977,Muritiba,2922300,2023
511682,Mutuípe,2922409,2023
463721,Nazaré,2922508,2023
201028,Nilo Peçanha,2922607,2023
184562,Nordestina,2922656,2023
227966,Nova Canaã,2922706,2023
121799,Nova Fátima,2922730,2023
127888,Nova Ibiá,2922755,2023
89840,Nova Itarana,2922805,2023
93115,Nova Redenção,2922854,2023
341842,Nova Soure,2922904,2023
699744,Nova Viçosa,2923001,2023
137372,Novo Horizonte,2923035,2023
130774,Novo Triunfo,2923050,2023
296049,Olindina,2923100,2023
420124,Oliveira dos Brejinhos,2923209,2023
110003,Ouriçangas,2923308,2023
318032,Ourolândia,2923357,2023
291639,Palmas de Monte Alto,2923407,2023
153919,Palmeiras,2923506,2023
310453,Paramirim,2923605,2023
327813,Paratinga,2923704,2023
559999,Paripiranga,2923803,2023
135359,Pau Brasil,2923902,2023
4258891,Paulo Afonso,2924009,2023
166031,Pé de Serra,2924058,2023
68924,Pedrão,2924108,2023
178830,Pedro Alexandre,2924207,2023
220692,Piatã,2924306,2023
367179,Pilão Arcado,2924405,2023
285213,Pindaí,2924504,2023
215103,Pindobaçu,2924603,2023
132345,Pintadas,2924652,2023
157001,Piraí do Norte,2924678,2023
92317,Piripá,2924702,2023
218911,Piritiba,2924801,2023
88316,Planaltino,2924900,2023
324874,Planalto,2925006,2023
681871,Poções,2925105,2023
3036559,Pojuca,2925204,2023
246410,Ponto Novo,2925253,2023
5009894,Porto Seguro,2925303,2023
151243,Potiraguá,2925402,2023
776982,Prado,2925501,2023
167733,Presidente Dutra,2925600,2023
122014,Presidente Jânio Quadros,2925709,2023
417933,Presidente Tancredo Neves,2925758,2023
321603,Queimadas,2925808,2023
277904,Quijingue,2925907,2023
117642,Quixabeira,2925931,2023
422266,Rafael Jambeiro,2925956,2023
573383,Remanso,2926004,2023
175548,Retirolândia,2926103,2023
1896806,Riachão das Neves,2926202,2023
565913,Riachão do Jacuípe,2926301,2023
406700,Riacho de Santana,2926400,2023
199747,Ribeira do Amparo,2926509,2023
918880,Ribeira do Pombal,2926608,2023
134074,Ribeirão do Largo,2926657,2023
198436,Rio de Contas,2926707,2023
143762,Rio do Antônio,2926806,2023
119203,Rio do Pires,2926905,2023
1275892,Rio Real,2927002,2023
162518,Rodelas,2927101,2023
537946,Ruy Barbosa,2927200,2023
250081,Salinas da Margarida,2927309,2023
76698777,Salvador,2927408,2023
229692,Santa Bárbara,2927507,2023
161580,Santa Brígida,2927606,2023
649502,Santa Cruz Cabrália,2927705,2023
77737,Santa Cruz da Vitória,2927804,2023
113748,Santa Inês,2927903,2023
678133,Santaluz,2928000,2023
165145,Santa Luzia,2928059,2023
696761,Santa Maria da Vitória,2928109,2023
426643,Santana,2928208,2023
84482,Santanópolis,2928307,2023
389400,Santa Rita de Cássia,2928406,2023
165369,Santa Terezinha,2928505,2023
1375771,Santo Amaro,2928604,2023
3028414,Santo Antônio de Jesus,2928703,2023
1295366,Santo Estêvão,2928802,2023
8525862,São Desidério,2928901,2023
109020,São Domingos,2928950,2023
198066,São Félix,2929008,2023
276484,São Félix do Coribe,2929057,2023
282891,São Felipe,2929107,2023
26505737,São Francisco do Conde,2929206,2023
193553,São Gabriel,2929255,2023
1673386,São Gonçalo dos Campos,2929305,2023
71407,São José da Vitória,2929354,2023
154211,São José do Jacuípe,2929370,2023
207568,São Miguel das Matas,2929404,2023
957089,São Sebastião do Passé,2929503,2023
343805,Sapeaçu,2929602,2023
352993,Sátiro Dias,2929701,2023
179572,Saubara,2929750,2023
120918,Saúde,2929800,2023
861825,Seabra,2929909,2023
123933,Sebastião Laranjeiras,2930006,2023
1260522,Senhor do Bonfim,2930105,2023
521086,Serra do Ramalho,2930154,2023
1566194,Sento Sé,2930204,2023
261412,Serra Dourada,2930303,2023
175258,Serra Preta,2930402,2023
1420689,Serrinha,2930501,2023
153750,Serrolândia,2930600,2023
8508321,Simões Filho,2930709,2023
154008,Sítio do Mato,2930758,2023
168209,Sítio do Quinto,2930766,2023
908544,Sobradinho,2930774,2023
177203,Souto Soares,2930808,2023
341963,Tabocas do Brejo Velho,2930907,2023
315577,Tanhaçu,2931004,2023
297435,Tanque Novo,2931053,2023
83841,Tanquinho,2931103,2023
254682,Taperoá,2931202,2023
174265,Tapiramutá,2931301,2023
3670771,Teixeira de Freitas,2931350,2023
123381,Teodoro Sampaio,2931400,2023
238098,Teofilândia,2931509,2023
279612,Teolândia,2931608,2023
164871,Terra Nova,2931707,2023
172959,Tremedal,2931806,2023
823511,Tucano,2931905,2023
318312,Uauá,2932002,2023
305087,Ubaíra,2932101,2023
316059,Ubaitaba,2932200,2023
264213,Ubatã,2932309,2023
177265,Uibaí,2932408,2023
238955,Umburanas,2932457,2023
453711,Una,2932507,2023
232370,Urandi,2932606,2023
384146,Uruçuca,2932705,2023
297919,Utinga,2932804,2023
2194454,Valença,2932903,2023
350571,Valente,2933000,2023
152110,Várzea da Roça,2933059,2023
154661,Várzea do Poço,2933109,2023
573060,Várzea Nova,2933158,2023
172935,Varzedo,2933174,2023
709330,Vera Cruz,2933208,2023
116334,Vereda,2933257,2023
12666571,Vitória da Conquista,2933307,2023
115311,Wagner,2933406,2023
230492,Wanderley,2933455,2023
424520,Wenceslau Guimarães,2933505,2023
780080,Xique,2933604,2023
190397,Abadia dos Dourados,3100104,2023
641971,Abaeté,3100203,2023
331512,Abre Campo,3100302,2023
85066,Acaiaca,3100401,2023
172094,Açucena,3100500,2023
235422,Água Boa,3100609,2023
330940,Água Comprida,3100708,2023
111494,Aguanil,3100807,2023
362826,Águas Formosas,3100906,2023
278390,Águas Vermelhas,3101003,2023
793376,Aimorés,3101102,2023
154422,Aiuruoca,3101201,2023
63840,Alagoa,3101300,2023
90906,Albertina,3101409,2023
1045759,Além Paraíba,3101508,2023
3669899,Alfenas,3101607,2023
176964,Alfredo Vasconcelos,3101631,2023
813917,Almenara,3101706,2023
112973,Alpercata,3101805,2023
618618,Alpinópolis,3101904,2023
332256,Alterosa,3102001,2023
131678,Alto Caparaó,3102050,2023
222897,Alto Rio Doce,3102100,2023
64939,Alvarenga,3102209,2023
402513,Alvinópolis,3102308,2023
95009,Alvorada de Minas,3102407,2023
71597,Amparo do Serra,3102506,2023
1483245,Andradas,3102605,2023
146445,Cachoeira de Pajeú,3102704,2023
340782,Andrelândia,3102803,2023
193853,Angelândia,3102852,2023
412676,Antônio Carlos,3102902,2023
535451,Antônio Dias,3103009,2023
35792,Antônio Prado de Minas,3103108,2023
75709,Araçaí,3103207,2023
40166,Aracitaba,3103306,2023
1081893,Araçuaí,3103405,2023
6858534,Araguari,3103504,2023
77723,Arantina,3103603,2023
143377,Araponga,3103702,2023
1209045,Araporã,3103751,2023
249487,Arapuá,3103801,2023
464947,Araújos,3103900,2023
8847240,Araxá,3104007,2023
460319,Arceburgo,3104106,2023
3058033,Arcos,3104205,2023
380056,Areado,3104304,2023
51372,Argirita,3104403,2023
86410,Aricanduva,3104452,2023
544568,Arinos,3104502,2023
453516,Astolfo Dutra,3104601,2023
259696,Ataléia,3104700,2023
113862,Augusto de Lima,3104809,2023
451940,Baependi,3104908,2023
132125,Baldim,3105004,2023
861016,Bambuí,3105103,2023
66317,Bandeira,3105202,2023
113862,Bandeira do Sul,3105301,2023
1547170,Barão de Cocais,3105400,2023
73841,Barão do Monte Alto,3105509,2023
4108617,Barbacena,3105608,2023
101736,Barra Longa,3105707,2023
801810,Barroso,3105905,2023
407734,Bela Vista de Minas,3106002,2023
79258,Belmiro Braga,3106101,2023
130197671,Belo Horizonte,3106200,2023
2329754,Belo Oriente,3106309,2023
268616,Belo Vale,3106408,2023
139373,Berilo,3106507,2023
62780,Bertópolis,3106606,2023
70041,Berizal,3106655,2023
52614325,Betim,3106705,2023
51305,Bias Fortes,3106804,2023
357491,Bicas,3106903,2023
75634,Biquinhas,3107000,2023
1413664,Boa Esperança,3107109,2023
105938,Bocaina de Minas,3107208,2023
1435951,Bocaiúva,3107307,2023
2193212,Bom Despacho,3107406,2023
152445,Bom Jardim de Minas,3107505,2023
203053,Bom Jesus da Penha,3107604,2023
178433,Bom Jesus do Amparo,3107703,2023
221368,Bom Jesus do Galho,3107802,2023
209757,Bom Repouso,3107901,2023
468363,Bom Sucesso,3108008,2023
142868,Bonfim,3108107,2023
473316,Bonfinópolis de Minas,3108206,2023
127474,Bonito de Minas,3108255,2023
465206,Borda da Mata,3108305,2023
346227,Botelhos,3108404,2023
85707,Botumirim,3108503,2023
466969,Brasilândia de Minas,3108552,2023
510728,Brasília de Minas,3108602,2023
60376,Brás Pires,3108701,2023
224250,Braúnas,3108800,2023
277926,Brazópolis,3108909,2023
2845330,Brumadinho,3109006,2023
256721,Bueno Brandão,3109105,2023
191748,Buenópolis,3109204,2023
56472,Bugre,3109253,2023
1446139,Buritis,3109303,2023
852046,Buritizeiro,3109402,2023
529789,Cabeceira Grande,3109451,2023
320280,Cabo Verde,3109501,2023
68105,Cachoeira da Prata,3109600,2023
609745,Cachoeira de Minas,3109709,2023
156900,Cachoeira Dourada,3109808,2023
361894,Caetanópolis,3109907,2023
1004131,Caeté,3110004,2023
103764,Caiana,3110103,2023
128296,Cajuri,3110202,2023
372574,Caldas,3110301,2023
89251,Camacho,3110400,2023
1318310,Camanducaia,3110509,2023
2451443,Cambuí,3110608,2023
455159,Cambuquira,3110707,2023
61167,Campanário,3110806,2023
561947,Campanha,3110905,2023
564549,Campestre,3111002,2023
677668,Campina Verde,3111101,2023
52497,Campo Azul,3111150,2023
1458096,Campo Belo,3111200,2023
244375,Campo do Meio,3111309,2023
1054872,Campo Florido,3111408,2023
524859,Campos Altos,3111507,2023
841150,Campos Gerais,3111606,2023
102039,Canaã,3111705,2023
937761,Canápolis,3111804,2023
95423,Cana Verde,3111903,2023
442692,Candeias,3112000,2023
63289,Cantagalo,3112059,2023
129596,Caparaó,3112109,2023
70184,Capela Nova,3112208,2023
1111827,Capelinha,3112307,2023
233338,Capetinga,3112406,2023
179521,Capim Branco,3112505,2023
861974,Capinópolis,3112604,2023
71144,Capitão Andrade,3112653,2023
580398,Capitão Enéas,3112703,2023
443829,Capitólio,3112802,2023
196872,Caputira,3112901,2023
273823,Caraí,3113008,2023
49306,Caranaíba,3113107,2023
883369,Carandaí,3113206,2023
780303,Carangola,3113305,2023
2871549,Caratinga,3113404,2023
199922,Carbonita,3113503,2023
199576,Careaçu,3113602,2023
629832,Carlos Chagas,3113701,2023
45529,Carmésia,3113800,2023
367738,Carmo da Cachoeira,3113909,2023
315082,Carmo da Mata,3114006,2023
330268,Carmo de Minas,3114105,2023
779793,Carmo do Cajuru,3114204,2023
1195269,Carmo do Paranaíba,3114303,2023
843687,Carmo do Rio Claro,3114402,2023
541381,Carmópolis de Minas,3114501,2023
684512,Carneirinho,3114550,2023
174307,Carrancas,3114600,2023
86224,Carvalhópolis,3114709,2023
103816,Carvalhos,3114808,2023
81954,Casa Grande,3114907,2023
101297,Cascalho Rico,3115003,2023
519892,Cássia,3115102,2023
87501,Conceição da Barra de Minas,3115201,2023
2139616,Cataguases,3115300,2023
1779684,Catas Altas,3115359,2023
51640,Catas Altas da Noruega,3115409,2023
109880,Catuji,3115458,2023
70828,Catuti,3115474,2023
464911,Caxambu,3115508,2023
27975,Cedro do Abaeté,3115607,2023
100034,Central de Minas,3115706,2023
448883,Centralina,3115805,2023
62304,Chácara,3115904,2023
139736,Chalé,3116001,2023
121416,Chapada do Norte,3116100,2023
581137,Chapada Gaúcha,3116159,2023
47110,Chiador,3116209,2023
80891,Cipotânea,3116308,2023
261983,Claraval,3116407,2023
113053,Claro dos Poções,3116506,2023
1426310,Cláudio,3116605,2023
149609,Coimbra,3116704,2023
134748,Coluna,3116803,2023
225390,Comendador Gomes,3116902,2023
84176,Comercinho,3117009,2023
325806,Conceição da Aparecida,3117108,2023
78790,Conceição das Pedras,3117207,2023
1782238,Conceição das Alagoas,3117306,2023
91447,Conceição de Ipanema,3117405,2023
3194401,Conceição do Mato Dentro,3117504,2023
313543,Conceição do Pará,3117603,2023
352054,Conceição do Rio Verde,3117702,2023
308533,Conceição dos Ouros,3117801,2023
78705,Cônego Marinho,3117836,2023
1617017,Confins,3117876,2023
274057,Congonhal,3117900,2023
7693794,Congonhas,3118007,2023
63889,Congonhas do Norte,3118106,2023
671619,Conquista,3118205,2023
3482648,Conselheiro Lafaiete,3118304,2023
500871,Conselheiro Pena,3118403,2023
36259,Consolação,3118502,2023
45092393,Contagem,3118601,2023
279820,Coqueiral,3118700,2023
357956,Coração de Jesus,3118809,2023
164132,Cordisburgo,3118908,2023
131187,Cordislândia,3119005,2023
546844,Corinto,3119104,2023
160041,Coroaci,3119203,2023
2051785,Coromandel,3119302,2023
2387846,Coronel Fabriciano,3119401,2023
116044,Coronel Murta,3119500,2023
72440,Coronel Pacheco,3119609,2023
89841,Coronel Xavier Chaves,3119708,2023
181310,Córrego Danta,3119807,2023
65483,Córrego do Bom Jesus,3119906,2023
508108,Córrego Fundo,3119955,2023
63742,Córrego Novo,3120003,2023
76758,Couto de Magalhães de Minas,3120102,2023
92302,Crisólita,3120151,2023
343069,Cristais,3120201,2023
74447,Cristália,3120300,2023
168668,Cristiano Otoni,3120409,2023
316773,Cristina,3120508,2023
100692,Crucilândia,3120607,2023
183246,Cruzeiro da Fortaleza,3120706,2023
421201,Cruzília,3120805,2023
83623,Cuparaque,3120839,2023
94747,Curral de Dentro,3120870,2023
2706326,Curvelo,3120904,2023
88055,Datas,3121001,2023
141824,Delfim Moreira,3121100,2023
355640,Delfinópolis,3121209,2023
708459,Delta,3121258,2023
116298,Descoberto,3121308,2023
249745,Desterro de Entre Rios,3121407,2023
62041,Desterro do Melo,3121506,2023
1201221,Diamantina,3121605,2023
55355,Diogo de Vasconcelos,3121704,2023
104803,Dionísio,3121803,2023
87003,Divinésia,3121902,2023
442810,Divino,3122009,2023
70321,Divino das Laranjeiras,3122108,2023
91614,Divinolândia de Minas,3122207,2023
9339332,Divinópolis,3122306,2023
216686,Divisa Alegre,3122355,2023
157089,Divisa Nova,3122405,2023
118503,Divisópolis,3122454,2023
85437,Dom Bosco,3122470,2023
85391,Dom Cavati,3122504,2023
81864,Dom Joaquim,3122603,2023
128826,Dom Silvério,3122702,2023
50704,Dom Viçoso,3122801,2023
126627,Dona Euzébia,3122900,2023
485977,Dores de Campos,3123007,2023
190470,Dores de Guanhães,3123106,2023
398845,Dores do Indaiá,3123205,2023
76798,Dores do Turvo,3123304,2023
134727,Doresópolis,3123403,2023
88741,Douradoquara,3123502,2023
154213,Durandé,3123528,2023
948342,Elói Mendes,3123601,2023
188885,Engenheiro Caldas,3123700,2023
116459,Engenheiro Navarro,3123809,2023
82275,Entre Folhas,3123858,2023
417307,Entre Rios de Minas,3123908,2023
576909,Ervália,3124005,2023
1314691,Esmeraldas,3124104,2023
570799,Espera Feliz,3124203,2023
472197,Espinosa,3124302,2023
151056,Espírito Santo do Dourado,3124401,2023
572584,Estiva,3124500,2023
51736,Estrela Dalva,3124609,2023
163896,Estrela do Indaiá,3124708,2023
458303,Estrela do Sul,3124807,2023
243155,Eugenópolis,3124906,2023
71576,Ewbank da Câmara,3125002,2023
20204999,Extrema,3125101,2023
68126,Fama,3125200,2023
79466,Faria Lemos,3125309,2023
90314,Felício dos Santos,3125408,2023
59522,São Gonçalo do Rio Preto,3125507,2023
91368,Felisburgo,3125606,2023
315867,Felixlândia,3125705,2023
55720,Fernandes Tourinho,3125804,2023
163549,Ferros,3125903,2023
184762,Fervedouro,3125952,2023
182909,Florestal,3126000,2023
2969264,Formiga,3126109,2023
536208,Formoso,3126208,2023
98575,Fortaleza de Minas,3126307,2023
70961,Fortuna de Minas,3126406,2023
91212,Francisco Badaró,3126505,2023
106412,Francisco Dumont,3126604,2023
532918,Francisco Sá,3126703,2023
95098,Franciscópolis,3126752,2023
91083,Frei Gaspar,3126802,2023
173509,Frei Inocêncio,3126901,2023
50933,Frei Lagonegro,3126950,2023
1090434,Fronteira,3127008,2023
57796,Fronteira dos Vales,3127057,2023
57437,Fruta de Leite,3127073,2023
4026769,Frutal,3127107,2023
111148,Funilândia,3127206,2023
126802,Galiléia,3127305,2023
74869,Gameleiras,3127339,2023
55390,Glaucilândia,3127354,2023
57042,Goiabeira,3127370,2023
104454,Goianá,3127388,2023
124200,Gonçalves,3127404,2023
92850,Gonzaga,3127503,2023
205957,Gouveia,3127602,2023
8612266,Governador Valadares,3127701,2023
817459,Grão Mogol,3127800,2023
51558,Grupiara,3127909,2023
1284432,Guanhães,3128006,2023
499822,Guapé,3128105,2023
132454,Guaraciaba,3128204,2023
83745,Guaraciama,3128253,2023
811249,Guaranésia,3128303,2023
226180,Guarani,3128402,2023
72283,Guarará,3128501,2023
889875,Guarda,3128600,2023
2431560,Guaxupé,3128709,2023
134343,Guidoval,3128808,2023
359324,Guimarânia,3128907,2023
135880,Guiricema,3129004,2023
238368,Gurinhatã,3129103,2023
156943,Heliodora,3129202,2023
206569,Iapu,3129301,2023
120875,Ibertioga,3129400,2023
1701475,Ibiá,3129509,2023
123724,Ibiaí,3129608,2023
62188,Ibiracatu,3129657,2023
895829,Ibiraci,3129707,2023
3235632,Ibirité,3129806,2023
75924,Ibitiúra de Minas,3129905,2023
72846,Ibituruna,3130002,2023
126584,Icaraí de Minas,3130051,2023
1401824,Igarapé,3130101,2023
831527,Igaratinga,3130200,2023
569669,Iguatama,3130309,2023
601865,Ijaci,3130408,2023
314565,Ilicínea,3130507,2023
129945,Imbé de Minas,3130556,2023
175313,Inconfidentes,3130606,2023
96825,Indaiabira,3130655,2023
2150117,Indianópolis,3130705,2023
163203,Ingaí,3130804,2023
543260,Inhapim,3130903,2023
157760,Inhaúma,3131000,2023
109322,Inimutaba,3131109,2023
225485,Ipaba,3131158,2023
423411,Ipanema,3131208,2023
16870239,Ipatinga,3131307,2023
230521,Ipiaçu,3131406,2023
223413,Ipuiúna,3131505,2023
455214,Iraí de Minas,3131604,2023
7434200,Itabira,3131703,2023
182487,Itabirinha,3131802,2023
7160444,Itabirito,3131901,2023
72423,Itacambira,3132008,2023
292850,Itacarambi,3132107,2023
466010,Itaguara,3132206,2023
143639,Itaipé,3132305,2023
4497959,Itajubá,3132404,2023
669900,Itamarandiba,3132503,2023
73660,Itamarati de Minas,3132602,2023
415055,Itambacuri,3132701,2023
43138,Itambé do Mato Dentro,3132800,2023
348467,Itamogi,3132909,2023
1087903,Itamonte,3133006,2023
649276,Itanhandu,3133105,2023
178778,Itanhomi,3133204,2023
375952,Itaobim,3133303,2023
714872,Itapagipe,3133402,2023
665952,Itapecerica,3133501,2023
1698907,Itapeva,3133600,2023
2434575,Itatiaiuçu,3133709,2023
899163,Itaú de Minas,3133758,2023
4975969,Itaúna,3133808,2023
83986,Itaverava,3133907,2023
283613,Itinga,3134004,2023
163923,Itueta,3134103,2023
4975265,Ituiutaba,3134202,2023
110967,Itumirim,3134301,2023
2864935,Iturama,3134400,2023
221742,Itutinga,3134509,2023
373789,Jaboticatubas,3134608,2023
159690,Jacinto,3134707,2023
186299,Jacuí,3134806,2023
1708890,Jacutinga,3134905,2023
157329,Jaguaraçu,3135001,2023
969914,Jaíba,3135050,2023
84853,Jampruca,3135076,2023
1965161,Janaúba,3135100,2023
1040489,Januária,3135209,2023
126375,Japaraíba,3135308,2023
100136,Japonvar,3135357,2023
1689755,Jeceaba,3135407,2023
87874,Jenipapo de Minas,3135456,2023
245642,Jequeri,3135506,2023
157284,Jequitaí,3135605,2023
161753,Jequitibá,3135704,2023
383948,Jequitinhonha,3135803,2023
113093,Jesuânia,3135902,2023
211126,Joaíma,3136009,2023
120064,Joanésia,3136108,2023
4286349,João Monlevade,3136207,2023
2562732,João Pinheiro,3136306,2023
83620,Joaquim Felício,3136405,2023
129429,Jordânia,3136504,2023
62251,José Gonçalves de Minas,3136520,2023
113810,José Raydan,3136553,2023
59635,Josenópolis,3136579,2023
147089,Nova União,3136603,2023
2124349,Juatuba,3136652,2023
23271627,Juiz de Fora,3136702,2023
63719,Juramento,3136801,2023
303328,Juruaia,3136900,2023
89871,Juvenília,3136959,2023
168094,Ladainha,3137007,2023
265409,Lagamar,3137106,2023
2471545,Lagoa da Prata,3137205,2023
65868,Lagoa dos Patos,3137304,2023
376999,Lagoa Dourada,3137403,2023
713683,Lagoa Formosa,3137502,2023
312254,Lagoa Grande,3137536,2023
2825380,Lagoa Santa,3137601,2023
508139,Lajinha,3137700,2023
538928,Lambari,3137809,2023
66918,Lamim,3137908,2023
116195,Laranjal,3138005,2023
231342,Lassance,3138104,2023
3916682,Lavras,3138203,2023
67066,Leandro Ferreira,3138302,2023
73646,Leme do Prado,3138351,2023
1344583,Leopoldina,3138401,2023
117803,Liberdade,3138500,2023
432497,Lima Duarte,3138609,2023
775261,Limeira do Oeste,3138625,2023
110763,Lontra,3138658,2023
155370,Luisburgo,3138674,2023
82468,Luislândia,3138682,2023
166134,Luminárias,3138708,2023
863686,Luz,3138807,2023
136850,Machacalis,3138906,2023
1406358,Machado,3139003,2023
408511,Madre de Deus de Minas,3139102,2023
272762,Malacacheta,3139201,2023
79983,Mamonas,3139250,2023
315779,Manga,3139300,2023
3710638,Manhuaçu,3139409,2023
587887,Manhumirim,3139508,2023
610897,Mantena,3139607,2023
243502,Maravilhas,3139706,2023
288911,Mar de Espanha,3139805,2023
273430,Maria da Fé,3139904,2023
4656946,Mariana,3140001,2023
75214,Marilac,3140100,2023
240477,Mário Campos,3140159,2023
111015,Maripá de Minas,3140209,2023
67779,Marliéria,3140308,2023
61730,Marmelópolis,3140407,2023
584258,Martinho Campos,3140506,2023
298805,Martins Soares,3140530,2023
112644,Mata Verde,3140555,2023
76740,Materlândia,3140605,2023
1095994,Mateus Leme,3140704,2023
879159,Matias Barbosa,3140803,2023
200579,Matias Cardoso,3140852,2023
482096,Matipó,3140902,2023
229089,Mato Verde,3141009,2023
1895426,Matozinhos,3141108,2023
128623,Matutina,3141207,2023
273185,Medeiros,3141306,2023
330715,Medina,3141405,2023
98141,Mendes Pimentel,3141504,2023
189388,Mercês,3141603,2023
73562,Mesquita,3141702,2023
412128,Minas Novas,3141801,2023
199019,Minduri,3141900,2023
193762,Mirabela,3142007,2023
206069,Miradouro,3142106,2023
368817,Miraí,3142205,2023
57919,Miravânia,3142254,2023
104132,Moeda,3142304,2023
160124,Moema,3142403,2023
41815,Monjolos,3142502,2023
280175,Monsenhor Paulo,3142601,2023
206964,Montalvânia,3142700,2023
903721,Monte Alegre de Minas,3142809,2023
325958,Monte Azul,3142908,2023
486081,Monte Belo,3143005,2023
1957161,Monte Carmelo,3143104,2023
52678,Monte Formoso,3143153,2023
632535,Monte Santo de Minas,3143203,2023
13326239,Montes Claros,3143302,2023
723678,Monte Sião,3143401,2023
104692,Montezuma,3143450,2023
570683,Morada Nova de Minas,3143500,2023
62850,Morro da Garça,3143609,2023
56083,Morro do Pilar,3143708,2023
159929,Munhoz,3143807,2023
3211391,Muriaé,3143906,2023
662869,Mutum,3144003,2023
742833,Muzambinho,3144102,2023
40636,Nacip Raydan,3144201,2023
1074889,Nanuque,3144300,2023
108081,Naque,3144359,2023
92799,Natalândia,3144375,2023
133965,Natércia,3144409,2023
826959,Nazareno,3144508,2023
757417,Nepomuceno,3144607,2023
166816,Ninheira,3144656,2023
133538,Nova Belém,3144672,2023
480775,Nova Era,3144706,2023
12447551,Nova Lima,3144805,2023
71916,Nova Módica,3144904,2023
1581648,Nova Ponte,3145000,2023
158901,Nova Porteirinha,3145059,2023
492956,Nova Resende,3145109,2023
3936358,Nova Serrana,3145208,2023
416700,Novo Cruzeiro,3145307,2023
150989,Novo Oriente de Minas,3145356,2023
92594,Novorizonte,3145372,2023
44676,Olaria,3145406,2023
204857,Olhos,3145455,2023
55156,Olímpio Noronha,3145505,2023
1463237,Oliveira,3145604,2023
44412,Oliveira Fortes,3145703,2023
82367,Onça de Pitangui,3145802,2023
84109,Oratórios,3145851,2023
146988,Orizânia,3145877,2023
4310767,Ouro Branco,3145901,2023
1223791,Ouro Fino,3146008,2023
6765810,Ouro Preto,3146107,2023
87363,Ouro Verde de Minas,3146206,2023
68448,Padre Carvalho,3146255,2023
254681,Padre Paraíso,3146305,2023
98947,Paineiras,3146404,2023
676496,Pains,3146503,2023
73623,Pai Pedro,3146552,2023
33859,Paiva,3146602,2023
114459,Palma,3146701,2023
82988,Palmópolis,3146750,2023
378421,Papagaios,3146909,2023
6798922,Paracatu,3147006,2023
5161430,Pará de Minas,3147105,2023
801200,Paraguaçu,3147204,2023
769516,Paraisópolis,3147303,2023
1108133,Paraopeba,3147402,2023
30002,Passabém,3147501,2023
739447,Passa Quatro,3147600,2023
310555,Passa Tempo,3147709,2023
47565,Passa Vinte,3147808,2023
4080106,Passos,3147907,2023
61642,Patis,3147956,2023
8151369,Patos de Minas,3148004,2023
4895785,Patrocínio,3148103,2023
152118,Patrocínio do Muriaé,3148202,2023
143373,Paula Cândido,3148301,2023
80481,Paulistas,3148400,2023
111033,Pavão,3148509,2023
293485,Peçanha,3148608,2023
428870,Pedra Azul,3148707,2023
124988,Pedra Bonita,3148756,2023
65218,Pedra do Anta,3148806,2023
133810,Pedra do Indaiá,3148905,2023
65492,Pedra Dourada,3149002,2023
221497,Pedralva,3149101,2023
132256,Pedras de Maria da Cruz,3149150,2023
333527,Pedrinópolis,3149200,2023
2514377,Pedro Leopoldo,3149309,2023
37357,Pedro Teixeira,3149408,2023
78666,Pequeri,3149507,2023
103925,Pequi,3149606,2023
378766,Perdigão,3149705,2023
2577884,Perdizes,3149804,2023
811684,Perdões,3149903,2023
119988,Periquito,3149952,2023
57197,Pescador,3150000,2023
114475,Piau,3150109,2023
214395,Piedade de Caratinga,3150158,2023
76207,Piedade de Ponte Nova,3150208,2023
135158,Piedade do Rio Grande,3150307,2023
128442,Piedade dos Gerais,3150406,2023
314466,Pimenta,3150505,2023
70142,Pingo,3150539,2023
94230,Pintópolis,3150570,2023
248565,Piracema,3150604,2023
639003,Pirajuba,3150703,2023
253176,Piranga,3150802,2023
118615,Piranguçu,3150901,2023
171573,Piranguinho,3151008,2023
707928,Pirapetinga,3151107,2023
3361259,Pirapora,3151206,2023
246401,Piraúba,3151305,2023
702867,Pitangui,3151404,2023
1568574,Piumhi,3151503,2023
843201,Planura,3151602,2023
548879,Poço Fundo,3151701,2023
10732908,Poços de Caldas,3151800,2023
151974,Pocrane,3151909,2023
1229908,Pompéu,3152006,2023
2594059,Ponte Nova,3152105,2023
63931,Ponto Chique,3152131,2023
149416,Ponto dos Volantes,3152170,2023
625525,Porteirinha,3152204,2023
151759,Porto Firme,3152303,2023
213766,Poté,3152402,2023
14201206,Pouso Alegre,3152501,2023
542609,Pouso Alto,3152600,2023
257819,Prados,3152709,2023
1702675,Prata,3152808,2023
249604,Pratápolis,3152907,2023
230172,Pratinha,3153004,2023
80596,Presidente Bernardes,3153103,2023
62647,Presidente Juscelino,3153202,2023
45373,Presidente Kubitschek,3153301,2023
904883,Presidente Olegário,3153400,2023
160653,Alto Jequitibá,3153509,2023
333022,Prudente de Morais,3153608,2023
89894,Quartel Geral,3153707,2023
51169,Queluzito,3153806,2023
232669,Raposos,3153905,2023
497923,Raul Soares,3154002,2023
152511,Recreio,3154101,2023
131257,Reduto,3154150,2023
243888,Resende Costa,3154200,2023
376309,Resplendor,3154309,2023
507032,Ressaquinha,3154408,2023
187878,Riachinho,3154457,2023
301730,Riacho dos Machados,3154507,2023
6336695,Ribeirão das Neves,3154606,2023
132863,Ribeirão Vermelho,3154705,2023
260362,Rio Acima,3154804,2023
277814,Rio Casca,3154903,2023
107641,Rio Doce,3155009,2023
68107,Rio do Prado,3155108,2023
75489,Rio Espera,3155207,2023
138279,Rio Manso,3155306,2023
143556,Rio Novo,3155405,2023
1148101,Rio Paranaíba,3155504,2023
404312,Rio Pardo de Minas,3155603,2023
270261,Rio Piracicaba,3155702,2023
574081,Rio Pomba,3155801,2023
82690,Rio Preto,3155900,2023
177450,Rio Vermelho,3156007,2023
124811,Ritápolis,3156106,2023
187591,Rochedo de Minas,3156205,2023
704898,Rodeiro,3156304,2023
288148,Romaria,3156403,2023
90798,Rosário da Limeira,3156452,2023
85775,Rubelita,3156502,2023
139214,Rubim,3156601,2023
3837192,Sabará,3156700,2023
415038,Sabinópolis,3156809,2023
2387150,Sacramento,3156908,2023
903694,Salinas,3157005,2023
118710,Salto da Divisa,3157104,2023
1019088,Santa Bárbara,3157203,2023
153222,Santa Bárbara do Leste,3157252,2023
71438,Santa Bárbara do Monte Verde,3157278,2023
78007,Santa Bárbara do Tugúrio,3157302,2023
154995,Santa Cruz de Minas,3157336,2023
59169,Santa Cruz de Salinas,3157377,2023
90331,Santa Cruz do Escalvado,3157401,2023
58652,Santa Efigênia de Minas,3157500,2023
70867,Santa Fé de Minas,3157609,2023
69029,Santa Helena de Minas,3157658,2023
912073,Santa Juliana,3157708,2023
6608097,Santa Luzia,3157807,2023
497578,Santa Margarida,3157906,2023
327050,Santa Maria de Itabira,3158003,2023
60852,Santa Maria do Salto,3158102,2023
223266,Santa Maria do Suaçuí,3158201,2023
258303,Santana da Vargem,3158300,2023
61153,Santana de Cataguases,3158409,2023
135533,Santana de Pirapama,3158508,2023
84574,Santana do Deserto,3158607,2023
48322,Santana do Garambéu,3158706,2023
129242,Santana do Jacaré,3158805,2023
227887,Santana do Manhuaçu,3158904,2023
1250978,Santana do Paraíso,3158953,2023
139841,Santana do Riacho,3159001,2023
64537,Santana dos Montes,3159100,2023
249061,Santa Rita de Caldas,3159209,2023
87242,Santa Rita de Jacutinga,3159308,2023
208456,Santa Rita de Minas,3159357,2023
72264,Santa Rita de Ibitipoca,3159407,2023
233545,Santa Rita do Itueto,3159506,2023
2514298,Santa Rita do Sapucaí,3159605,2023
119336,Santa Rosa da Serra,3159704,2023
1006615,Santa Vitória,3159803,2023
477372,Santo Antônio do Amparo,3159902,2023
79245,Santo Antônio do Aventureiro,3160009,2023
102566,Santo Antônio do Grama,3160108,2023
59343,Santo Antônio do Itambé,3160207,2023
131044,Santo Antônio do Jacinto,3160306,2023
942155,Santo Antônio do Monte,3160405,2023
84684,Santo Antônio do Retiro,3160454,2023
38142,Santo Antônio do Rio Abaixo,3160504,2023
71685,Santo Hipólito,3160603,2023
1259406,Santos Dumont,3160702,2023
96683,São Bento Abade,3160801,2023
100032,São Brás do Suaçuí,3160900,2023
120618,São Domingos das Dores,3160959,2023
402896,São Domingos do Prata,3161007,2023
59108,São Félix de Minas,3161056,2023
859289,São Francisco,3161106,2023
231806,São Francisco de Paula,3161205,2023
249352,São Francisco de Sales,3161304,2023
89843,São Francisco do Glória,3161403,2023
351897,São Geraldo,3161502,2023
53463,São Geraldo da Piedade,3161601,2023
56811,São Geraldo do Baixio,3161650,2023
376329,São Gonçalo do Abaeté,3161700,2023
380221,São Gonçalo do Pará,3161809,2023
3766222,São Gonçalo do Rio Abaixo,3161908,2023
1189277,São Gonçalo do Sapucaí,3162005,2023
1555361,São Gotardo,3162104,2023
294819,São João Batista do Glória,3162203,2023
73610,São João da Lagoa,3162252,2023
65323,São João da Mata,3162302,2023
358301,São João da Ponte,3162401,2023
119038,São João das Missões,3162450,2023
3505346,São João del Rei,3162500,2023
245232,São João do Manhuaçu,3162559,2023
92757,São João do Manteninha,3162575,2023
129881,São João do Oriente,3162609,2023
52787,São João do Pacuí,3162658,2023
343637,São João do Paraíso,3162708,2023
292736,São João Evangelista,3162807,2023
672478,São João Nepomuceno,3162906,2023
1065144,São Joaquim de Bicas,3162922,2023
911245,São José da Barra,3162948,2023
1026319,São José da Lapa,3162955,2023
53062,São José da Safira,3163003,2023
136884,São José da Varginha,3163102,2023
78981,São José do Alegre,3163201,2023
60348,São José do Divino,3163300,2023
87323,São José do Goiabal,3163409,2023
157541,São José do Jacuri,3163508,2023
56992,São José do Mantimento,3163607,2023
1412020,São Lourenço,3163706,2023
129740,São Miguel do Anta,3163805,2023
157484,São Pedro da União,3163904,2023
160626,São Pedro dos Ferros,3164001,2023
117362,São Pedro do Suaçuí,3164100,2023
228105,São Romão,3164209,2023
424172,São Roque de Minas,3164308,2023
718487,São Sebastião da Bela Vista,3164407,2023
64187,São Sebastião da Vargem Alegre,3164431,2023
128460,São Sebastião do Anta,3164472,2023
126120,São Sebastião do Maranhão,3164506,2023
882568,São Sebastião do Oeste,3164605,2023
2834250,São Sebastião do Paraíso,3164704,2023
31555,São Sebastião do Rio Preto,3164803,2023
48145,São Sebastião do Rio Verde,3164902,2023
280531,São Tiago,3165008,2023
236784,São Tomás de Aquino,3165107,2023
159506,São Tomé das Letras,3165206,2023
248336,São Vicente de Minas,3165305,2023
174274,Sapucaí,3165404,2023
85294,Sardoá,3165503,2023
1642522,Sarzedo,3165537,2023
135060,Setubinha,3165552,2023
41763,Sem,3165560,2023
115730,Senador Amaral,3165578,2023
48570,Senador Cortes,3165602,2023
142956,Senador Firmino,3165701,2023
43395,Senador José Bento,3165800,2023
92679,Senador Modestino Gonçalves,3165909,2023
91128,Senhora de Oliveira,3166006,2023
56070,Senhora do Porto,3166105,2023
138814,Senhora dos Remédios,3166204,2023
156438,Sericita,3166303,2023
54766,Seritinga,3166402,2023
56049,Serra Azul de Minas,3166501,2023
25562,Serra da Saudade,3166600,2023
159079,Serra dos Aimorés,3166709,2023
898489,Serra do Salitre,3166808,2023
202565,Serrania,3166907,2023
61271,Serranópolis de Minas,3166956,2023
48320,Serranos,3167004,2023
386923,Serro,3167103,2023
14904465,Sete Lagoas,3167202,2023
45007,Silveirânia,3167301,2023
178703,Silvianópolis,3167400,2023
116089,Simão Pereira,3167509,2023
371230,Simonésia,3167608,2023
82141,Sobrália,3167707,2023
104147,Soledade de Minas,3167806,2023
86585,Tabuleiro,3167905,2023
705373,Taiobeiras,3168002,2023
59981,Taparuba,3168051,2023
631716,Tapira,3168101,2023
70281,Tapiraí,3168200,2023
84703,Taquaraçu de Minas,3168309,2023
236378,Tarumirim,3168408,2023
220040,Teixeiras,3168507,2023
3540248,Teófilo Otoni,3168606,2023
4648992,Timóteo,3168705,2023
297551,Tiradentes,3168804,2023
441044,Tiros,3168903,2023
450784,Tocantins,3169000,2023
82673,Tocos do Moji,3169059,2023
125618,Toledo,3169109,2023
168052,Tombos,3169208,2023
3568710,Três Corações,3169307,2023
2582531,Três Marias,3169356,2023
2288500,Três Pontas,3169406,2023
94510,Tumiritinga,3169505,2023
1400211,Tupaciguara,3169604,2023
486869,Turmalina,3169703,2023
158832,Turvolândia,3169802,2023
4462212,Ubá,3169901,2023
142057,Ubaí,3170008,2023
227184,Ubaporanga,3170057,2023
23689377,Uberaba,3170107,2023
51065684,Uberlândia,3170206,2023
54271,Umburatiba,3170305,2023
5221529,Unaí,3170404,2023
187679,União de Minas,3170438,2023
96142,Uruana de Minas,3170479,2023
356137,Urucânia,3170503,2023
230887,Urucuia,3170529,2023
86774,Vargem Alegre,3170578,2023
92402,Vargem Bonita,3170602,2023
77007,Vargem Grande do Rio Pardo,3170651,2023
10068568,Varginha,3170701,2023
361878,Varjão de Minas,3170750,2023
1351754,Várzea da Palma,3170800,2023
235098,Varzelândia,3170909,2023
1203159,Vazante,3171006,2023
136751,Verdelândia,3171030,2023
114943,Veredinha,3171071,2023
306968,Veríssimo,3171105,2023
87809,Vermelho Novo,3171154,2023
3619031,Vespasiano,3171204,2023
2234764,Viçosa,3171303,2023
69385,Vieiras,3171402,2023
58002,Mathias Lobato,3171501,2023
162588,Virgem da Lapa,3171600,2023
238863,Virgínia,3171709,2023
210992,Virginópolis,3171808,2023
67748,Virgolândia,3171907,2023
2052278,Visconde do Rio Branco,3172004,2023
146386,Volta Grande,3172103,2023
43767,Wenceslau Braz,3172202,2023
740220,Afonso Cláudio,3200102,2023
313558,Águia Branca,3200136,2023
234307,Água Doce do Norte,3200169,2023
702107,Alegre,3200201,2023
565385,Alfredo Chaves,3200300,2023
152485,Alto Rio Novo,3200359,2023
2317579,Anchieta,3200409,2023
146814,Apiacá,3200508,2023
7724839,Aracruz,3200607,2023
453839,Atílio Vivácqua,3200706,2023
910611,Baixo Guandu,3200805,2023
1326677,Barra de São Francisco,3200904,2023
372418,Boa Esperança,3201001,2023
269758,Bom Jesus do Norte,3201100,2023
342658,Brejetuba,3201159,2023
7593554,Cachoeiro de Itapemirim,3201209,2023
19710843,Cariacica,3201308,2023
1395638,Castelo,3201407,2023
5157945,Colatina,3201506,2023
676074,Conceição da Barra,3201605,2023
356679,Conceição do Castelo,3201704,2023
101958,Divino de São Lourenço,3201803,2023
1294974,Domingos Martins,3201902,2023
232278,Dores do Rio Preto,3202009,2023
481243,Ecoporanga,3202108,2023
595415,Fundão,3202207,2023
428413,Governador Lindenberg,3202256,2023
783590,Guaçuí,3202306,2023
3391095,Guarapari,3202405,2023
560947,Ibatiba,3202454,2023
359707,Ibiraçu,3202504,2023
206693,Ibitirama,3202553,2023
385081,Iconha,3202603,2023
280698,Irupi,3202652,2023
453183,Itaguaçu,3202702,2023
6134486,Itapemirim,3202801,2023
441241,Itarana,3202900,2023
722976,Iúna,3203007,2023
1252073,Jaguaré,3203056,2023
218904,Jerônimo Monteiro,3203106,2023
615682,João Neiva,3203130,2023
272934,Laranja da Terra,3203163,2023
10014356,Linhares,3203205,2023
250803,Mantenópolis,3203304,2023
7102418,Marataízes,3203320,2023
682791,Marechal Floriano,3203346,2023
404453,Marilândia,3203353,2023
702863,Mimoso do Sul,3203403,2023
564549,Montanha,3203502,2023
136015,Mucurici,3203601,2023
509938,Muniz Freire,3203700,2023
307885,Muqui,3203809,2023
1886121,Nova Venécia,3203908,2023
467082,Pancas,3204005,2023
545057,Pedro Canário,3204054,2023
1024676,Pinheiros,3204104,2023
1056103,Piúma,3204203,2023
141034,Ponto Belo,3204252,2023
7368211,Presidente Kennedy,3204302,2023
787898,Rio Bananal,3204351,2023
293579,Rio Novo do Sul,3204401,2023
439644,Santa Leopoldina,3204500,2023
2592685,Santa Maria de Jetibá,3204559,2023
820679,Santa Teresa,3204609,2023
391545,São Domingos do Norte,3204658,2023
988351,São Gabriel da Palha,3204708,2023
230812,São José do Calçado,3204807,2023
4355437,São Mateus,3204906,2023
301801,São Roque do Canaã,3204955,2023
37649155,Serra,3205002,2023
911932,Sooretama,3205010,2023
523374,Vargem Alta,3205036,2023
945412,Venda Nova do Imigrante,3205069,2023
5957536,Viana,3205101,2023
213352,Vila Pavão,3205150,2023
615692,Vila Valério,3205176,2023
19711328,Vila Velha,3205200,2023
28257606,Vitória,3205309,2023
11900498,Angra dos Reis,3300100,2023
301129,Aperibé,3300159,2023
13156181,Araruama,3300209,2023
597072,Areal,3300225,2023
5019621,Armação dos Búzios,3300233,2023
9335374,Arraial do Cabo,3300258,2023
3225723,Barra do Piraí,3300308,2023
6831115,Barra Mansa,3300407,2023
9686339,Belford Roxo,3300456,2023
1018920,Bom Jardim,3300506,2023
1207611,Bom Jesus do Itabapoana,3300605,2023
16964472,Cabo Frio,3300704,2023
1702402,Cachoeiras de Macacu,3300803,2023
479568,Cambuci,3300902,2023
1045633,Carapebus,3300936,2023
633562,Comendador Levy Gasparian,3300951,2023
42953469,Campos dos Goytacazes,3301009,2023
1075296,Cantagalo,3301108,2023
393125,Cardoso Moreira,3301157,2023
671866,Carmo,3301207,2023
3363239,Casimiro de Abreu,3301306,2023
504000,Conceição de Macabu,3301405,2023
530533,Cordeiro,3301504,2023
285448,Duas Barras,3301603,2023
70068007,Duque de Caxias,3301702,2023
320438,Engenheiro Paulo de Frontin,3301801,2023
1589983,Guapimirim,3301850,2023
814661,Iguaba Grande,3301876,2023
6278393,Itaboraí,3301900,2023
11383962,Itaguaí,3302007,2023
431493,Italva,3302056,2023
756489,Itaocara,3302106,2023
4067637,Itaperuna,3302205,2023
6988685,Itatiaia,3302254,2023
1874798,Japeri,3302270,2023
208603,Laje do Muriaé,3302304,2023
22394860,Macaé,3302403,2023
282626,Macuco,3302452,2023
5301411,Magé,3302502,2023
3443660,Mangaratiba,3302601,2023
134092034,Maricá,3302700,2023
444764,Mendes,3302809,2023
3029007,Mesquita,3302858,2023
847198,Miguel Pereira,3302908,2023
742077,Miracema,3303005,2023
408436,Natividade,3303104,2023
3339769,Nilópolis,3303203,2023
76268005,Niterói,3303302,2023
7367567,Nova Friburgo,3303401,2023
20518624,Nova Iguaçu,3303500,2023
1085489,Paracambi,3303609,2023
1399157,Paraíba do Sul,3303708,2023
6324392,Paraty,3303807,2023
862740,Paty do Alferes,3303856,2023
19907335,Petrópolis,3303906,2023
1187697,Pinheiral,3303955,2023
3388747,Piraí,3304003,2023
559253,Porciúncula,3304102,2023
3205582,Porto Real,3304110,2023
400781,Quatis,3304128,2023
4938812,Queimados,3304144,2023
5669644,Quissamã,3304151,2023
12267696,Resende,3304201,2023
2038466,Rio Bonito,3304300,2023
577431,Rio Claro,3304409,2023
338695,Rio das Flores,3304508,2023
10599898,Rio das Ostras,3304524,2023
418462360,Rio de Janeiro,3304557,2023
275098,Santa Maria Madalena,3304607,2023
1686337,Santo Antônio de Pádua,3304706,2023
1481367,São Francisco de Itabapoana,3304755,2023
985938,São Fidélis,3304805,2023
23063689,São Gonçalo,3304904,2023
13986152,São João da Barra,3305000,2023
11534047,São João de Meriti,3305109,2023
232730,São José de Ubá,3305133,2023
941645,São José do Vale do Rio Preto,3305158,2023
3359011,São Pedro da Aldeia,3305208,2023
272845,São Sebastião do Alto,3305307,2023
1227721,Sapucaia,3305406,2023
64701140,Saquarema,3305505,2023
3760076,Seropédica,3305554,2023
705912,Silva Jardim,3305604,2023
733841,Sumidouro,3305703,2023
858815,Tanguá,3305752,2023
7104546,Teresópolis,3305802,2023
290439,Trajano de Moraes,3305901,2023
6017636,Três Rios,3306008,2023
3104489,Valença,3306107,2023
407915,Varre,3306156,2023
1472880,Vassouras,3306206,2023
15307615,Volta Redonda,3306305,2023
1705895,Adamantina,3500105,2023
215283,Adolfo,3500204,2023
1773843,Aguaí,3500303,2023
272359,Águas da Prata,3500402,2023
801115,Águas de Lindóia,3500501,2023
375562,Águas de Santa Bárbara,3500550,2023
185390,Águas de São Pedro,3500600,2023
3415809,Agudos,3500709,2023
160252,Alambari,3500758,2023
158137,Alfredo Marcondes,3500808,2023
210529,Altair,3500907,2023
946538,Altinópolis,3501004,2023
172396,Alto Alegre,3501103,2023
3438994,Alumínio,3501152,2023
175598,Álvares Florence,3501202,2023
859771,Álvares Machado,3501301,2023
69377,Álvaro de Carvalho,3501400,2023
82613,Alvinlândia,3501509,2023
17600566,Americana,3501608,2023
1504962,Américo Brasiliense,3501707,2023
175848,Américo de Campos,3501806,2023
6698469,Amparo,3501905,2023
266292,Analândia,3502002,2023
4464940,Andradina,3502101,2023
1776475,Angatuba,3502200,2023
315144,Anhembi,3502309,2023
132376,Anhumas,3502408,2023
1369699,Aparecida,3502507,2023
225794,Aparecida d'Oeste,3502606,2023
1235626,Apiaí,3502705,2023
4832077,Araçariguama,3502754,2023
11457740,Araçatuba,3502804,2023
1523194,Araçoiaba da Serra,3502903,2023
219179,Aramina,3503000,2023
217238,Arandu,3503109,2023
53236,Arapeí,3503158,2023
14689500,Araraquara,3503208,2023
10022873,Araras,3503307,2023
136329,Arco,3503356,2023
301110,Arealva,3503406,2023
75042,Areias,3503505,2023
221707,Areiópolis,3503604,2023
1252002,Ariranha,3503703,2023
2162833,Artur Nogueira,3503802,2023
10426127,Arujá,3503901,2023
65851,Aspásia,3503950,2023
4682609,Assis,3504008,2023
9426584,Atibaia,3504107,2023
443572,Auriflama,3504206,2023
500953,Avaí,3504305,2023
295755,Avanhandava,3504404,2023
4408538,Avaré,3504503,2023
762195,Bady Bassitt,3504602,2023
82895,Balbinos,3504701,2023
367871,Bálsamo,3504800,2023
282444,Bananal,3504909,2023
80403,Barão de Antonina,3505005,2023
186923,Barbosa,3505104,2023
1863764,Bariri,3505203,2023
2077901,Barra Bonita,3505302,2023
202870,Barra do Chapéu,3505351,2023
145159,Barra do Turvo,3505401,2023
6715414,Barretos,3505500,2023
737580,Barrinha,3505609,2023
71646710,Barueri,3505708,2023
1596603,Bastos,3505807,2023
3328690,Batatais,3505906,2023
20654759,Bauru,3506003,2023
5343661,Bebedouro,3506102,2023
288020,Bento de Abreu,3506201,2023
605499,Bernardino de Campos,3506300,2023
2663550,Bertioga,3506359,2023
307745,Bilac,3506409,2023
4866490,Birigui,3506508,2023
1111541,Biritiba Mirim,3506607,2023
633216,Boa Esperança do Sul,3506706,2023
381376,Bocaina,3506805,2023
309773,Bofete,3506904,2023
4474130,Boituva,3507001,2023
1627411,Bom Jesus dos Perdões,3507100,2023
77487,Bom Sucesso de Itararé,3507159,2023
120962,Borá,3507209,2023
657535,Boracéia,3507308,2023
704921,Borborema,3507407,2023
118452,Borebi,3507456,2023
7992148,Botucatu,3507506,2023
10443288,Bragança Paulista,3507605,2023
157855,Braúna,3507704,2023
90697,Brejo Alegre,3507753,2023
1210305,Brodowski,3507803,2023
1555980,Brotas,3507902,2023
907833,Buri,3508009,2023
746204,Buritama,3508108,2023
305568,Buritizal,3508207,2023
177481,Cabrália Paulista,3508306,2023
7240981,Cabreúva,3508405,2023
6516271,Caçapava,3508504,2023
847786,Cachoeira Paulista,3508603,2023
554109,Caconde,3508702,2023
930635,Cafelândia,3508801,2023
88015,Caiabu,3508900,2023
5507619,Caieiras,3509007,2023
111895,Caiuá,3509106,2023
28984602,Cajamar,3509205,2023
1987670,Cajati,3509254,2023
275001,Cajobi,3509304,2023
1123799,Cajuru,3509403,2023
211436,Campina do Monte Alegre,3509452,2023
91968328,Campinas,3509502,2023
3233935,Campo Limpo Paulista,3509601,2023
1946799,Campos do Jordão,3509700,2023
342295,Campos Novos Paulista,3509809,2023
330538,Cananéia,3509908,2023
121017,Canas,3509957,2023
2482755,Cândido Mota,3510005,2023
157951,Cândido Rodrigues,3510104,2023
218328,Canitar,3510153,2023
1668882,Capão Bonito,3510203,2023
536048,Capela do Alto,3510302,2023
3824460,Capivari,3510401,2023
5822815,Caraguatatuba,3510500,2023
8436817,Carapicuíba,3510609,2023
440025,Cardoso,3510708,2023
1494279,Casa Branca,3510807,2023
306056,Cássia dos Coqueiros,3510906,2023
2275541,Castilho,3511003,2023
7029953,Catanduva,3511102,2023
196946,Catiguá,3511201,2023
808870,Cedral,3511300,2023
1400618,Cerqueira César,3511409,2023
2891328,Cerquilho,3511508,2023
1215884,Cesário Lange,3511607,2023
790607,Charqueada,3511706,2023
254107,Clementina,3511904,2023
2052576,Colina,3512001,2023
743433,Colômbia,3512100,2023
1093664,Conchal,3512209,2023
551103,Conchas,3512308,2023
4167915,Cordeirópolis,3512407,2023
335405,Coroados,3512506,2023
165849,Coronel Macedo,3512605,2023
354604,Corumbataí,3512704,2023
2313364,Cosmópolis,3512803,2023
878427,Cosmorama,3512902,2023
19060773,Cotia,3513009,2023
2357353,Cravinhos,3513108,2023
449171,Cristais Paulista,3513207,2023
218199,Cruzália,3513306,2023
4281962,Cruzeiro,3513405,2023
27813388,Cubatão,3513504,2023
432941,Cunha,3513603,2023
2584483,Descalvado,3513702,2023
21229085,Diadema,3513801,2023
99485,Dirce Reis,3513850,2023
528584,Divinolândia,3513900,2023
213755,Dobrada,3514007,2023
1187097,Dois Córregos,3514106,2023
84390,Dolcinópolis,3514205,2023
1178140,Dourado,3514304,2023
1855224,Dracena,3514403,2023
435780,Duartina,3514502,2023
414002,Dumont,3514601,2023
187403,Echaporã,3514700,2023
423995,Eldorado,3514809,2023
2159509,Elias Fausto,3514908,2023
121971,Elisiário,3514924,2023
93032,Embaúba,3514957,2023
17290650,Embu das Artes,3515004,2023
1742920,Embu,3515103,2023
97866,Emilianópolis,3515129,2023
814390,Engenheiro Coelho,3515152,2023
2715247,Espírito Santo do Pinhal,3515186,2023
181809,Espírito Santo do Turvo,3515194,2023
1317163,Estrela d'Oeste,3515202,2023
69692,Estrela do Norte,3515301,2023
162208,Euclides da Cunha Paulista,3515350,2023
566395,Fartura,3515400,2023
2790708,Fernandópolis,3515509,2023
281662,Fernando Prestes,3515608,2023
102634,Fernão,3515657,2023
5523981,Ferraz de Vasconcelos,3515707,2023
65665,Flora Rica,3515806,2023
131171,Floreal,3515905,2023
361684,Flórida Paulista,3516002,2023
216161,Florínea,3516101,2023
14375667,Franca,3516200,2023
2237469,Francisco Morato,3516309,2023
5438089,Franco da Rocha,3516408,2023
123956,Gabriel Monteiro,3516507,2023
220849,Gália,3516606,2023
1893766,Garça,3516705,2023
101942,Gastão Vidigal,3516804,2023
1735633,Gavião Peixoto,3516853,2023
348923,General Salgado,3516903,2023
272841,Getulina,3517000,2023
188392,Glicério,3517109,2023
310852,Guaiçara,3517208,2023
593772,Guaimbê,3517307,2023
3233958,Guaíra,3517406,2023
1134077,Guapiaçu,3517505,2023
585182,Guapiara,3517604,2023
854715,Guará,3517703,2023
374454,Guaraçaí,3517802,2023
660486,Guaraci,3517901,2023
48665,Guarani d'Oeste,3518008,2023
312045,Guarantã,3518107,2023
1718488,Guararapes,3518206,2023
2034663,Guararema,3518305,2023
8369821,Guaratinguetá,3518404,2023
386201,Guareí,3518503,2023
1517994,Guariba,3518602,2023
11536359,Guarujá,3518701,2023
97557674,Guarulhos,3518800,2023
353798,Guatapará,3518859,2023
120156,Guzolândia,3518909,2023
552689,Herculândia,3519006,2023
1806633,Holambra,3519055,2023
22163924,Hortolândia,3519071,2023
687530,Iacanga,3519105,2023
372134,Iacri,3519204,2023
326007,Iaras,3519253,2023
1516837,Ibaté,3519303,2023
418178,Ibirá,3519402,2023
331387,Ibirarema,3519501,2023
2528835,Ibitinga,3519600,2023
3023501,Ibiúna,3519709,2023
263932,Icém,3519808,2023
503732,Iepê,3519907,2023
477976,Igaraçu do Tietê,3520004,2023
1422122,Igarapava,3520103,2023
353163,Igaratá,3520202,2023
1896850,Iguape,3520301,2023
14830715,Ilhabela,3520400,2023
2802536,Ilha Comprida,3520426,2023
917732,Ilha Solteira,3520442,2023
28264863,Indaiatuba,3520509,2023
99886,Indiana,3520608,2023
167087,Indiaporã,3520707,2023
176723,Inúbia Paulista,3520806,2023
678118,Ipaussu,3520905,2023
1291003,Iperó,3521002,2023
1055776,Ipeúna,3521101,2023
173091,Ipiguá,3521150,2023
70829,Iporanga,3521200,2023
589810,Ipuã,3521309,2023
2403778,Iracemápolis,3521408,2023
282416,Irapuã,3521507,2023
142422,Irapuru,3521606,2023
1058159,Itaberá,3521705,2023
1082752,Itaí,3521804,2023
1278534,Itajobi,3521903,2023
308305,Itaju,3522000,2023
2956406,Itanhaém,3522109,2023
67982,Itaoca,3522158,2023
6215134,Itapecerica da Serra,3522208,2023
7962802,Itapetininga,3522307,2023
4558512,Itapeva,3522406,2023
15615097,Itapevi,3522505,2023
6365974,Itapira,3522604,2023
77308,Itapirapuã Paulista,3522653,2023
2524858,Itápolis,3522703,2023
408307,Itaporanga,3522802,2023
1311338,Itapuí,3522901,2023
209349,Itapura,3523008,2023
11979260,Itaquaquecetuba,3523107,2023
1406445,Itararé,3523206,2023
400627,Itariri,3523305,2023
10327467,Itatiba,3523404,2023
601161,Itatinga,3523503,2023
1570273,Itirapina,3523602,2023
190876,Itirapuã,3523701,2023
251138,Itobi,3523800,2023
14012530,Itu,3523909,2023
10529260,Itupeva,3524006,2023
2218625,Ituverava,3524105,2023
247095,Jaborandi,3524204,2023
4156253,Jaboticabal,3524303,2023
19692996,Jacareí,3524402,2023
880800,Jaci,3524501,2023
698901,Jacupiranga,3524600,2023
14680878,Jaguariúna,3524709,2023
2590208,Jales,3524808,2023
461642,Jambeiro,3524907,2023
5547107,Jandira,3525003,2023
2398612,Jardinópolis,3525102,2023
3546444,Jarinu,3525201,2023
6542933,Jaú,3525300,2023
308789,Jeriquara,3525409,2023
335737,Joanópolis,3525508,2023
187000,João Ramalho,3525607,2023
1940540,José Bonifácio,3525706,2023
82839,Júlio Mesquita,3525805,2023
287951,Jumirim,3525854,2023
65418378,Jundiaí,3525904,2023
940871,Junqueirópolis,3526001,2023
446418,Juquiá,3526100,2023
660665,Juquitiba,3526209,2023
101411,Lagoinha,3526308,2023
1688979,Laranjal Paulista,3526407,2023
262294,Lavínia,3526506,2023
169896,Lavrinhas,3526605,2023
4938512,Leme,3526704,2023
6564648,Lençóis Paulista,3526803,2023
20876940,Limeira,3526902,2023
405308,Lindóia,3527009,2023
8610363,Lins,3527108,2023
4501318,Lorena,3527207,2023
55440,Lourdes,3527256,2023
20154612,Louveira,3527306,2023
600068,Lucélia,3527405,2023
138654,Lucianópolis,3527504,2023
2385617,Luís Antônio,3527603,2023
117809,Luiziânia,3527702,2023
115244,Lupércio,3527801,2023
135645,Lutécia,3527900,2023
691847,Macatuba,3528007,2023
245038,Macaubal,3528106,2023
123750,Macedônia,3528205,2023
168949,Magda,3528304,2023
2923463,Mairinque,3528403,2023
2767181,Mairiporã,3528502,2023
361118,Manduri,3528601,2023
201668,Marabá Paulista,3528700,2023
1039676,Maracaí,3528809,2023
163562,Marapoama,3528858,2023
90255,Mariápolis,3528908,2023
12507571,Marília,3529005,2023
56365,Marinópolis,3529104,2023
949416,Martinópolis,3529203,2023
7646780,Matão,3529302,2023
25000732,Mauá,3529401,2023
593745,Mendonça,3529500,2023
437548,Meridiano,3529609,2023
108331,Mesópolis,3529658,2023
1113098,Miguelópolis,3529708,2023
309941,Mineiros do Tietê,3529807,2023
560827,Miracatu,3529906,2023
77240,Mira Estrela,3530003,2023
978818,Mirandópolis,3530102,2023
651108,Mirante do Paranapanema,3530201,2023
3345888,Mirassol,3530300,2023
378154,Mirassolândia,3530409,2023
4014553,Mococa,3530508,2023
26072522,Mogi das Cruzes,3530607,2023
9433838,Mogi Guaçu,3530706,2023
8092719,Mogi Mirim,3530805,2023
179189,Mombuca,3530904,2023
77881,Monções,3531001,2023
1535906,Mongaguá,3531100,2023
304555,Monte Alegre do Sul,3531209,2023
3062782,Monte Alto,3531308,2023
1038560,Monte Aprazível,3531407,2023
958014,Monte Azul Paulista,3531506,2023
161947,Monte Castelo,3531605,2023
113891,Monteiro Lobato,3531704,2023
6049398,Monte Mor,3531803,2023
1980195,Morro Agudo,3531902,2023
765641,Morungaba,3532009,2023
171027,Motuca,3532058,2023
113474,Murutinga do Sul,3532108,2023
189556,Nantes,3532157,2023
896057,Narandiba,3532207,2023
159425,Natividade da Serra,3532306,2023
595410,Nazaré Paulista,3532405,2023
384592,Neves Paulista,3532504,2023
507862,Nhandeara,3532603,2023
146719,Nipoã,3532702,2023
361490,Nova Aliança,3532801,2023
260753,Nova Campina,3532827,2023
57172,Nova Canaã Paulista,3532843,2023
91228,Nova Castilho,3532868,2023
556400,Nova Europa,3532900,2023
732341,Nova Granada,3533007,2023
47451,Nova Guataporanga,3533106,2023
285939,Nova Independência,3533205,2023
105507,Novais,3533254,2023
70080,Nova Luzitânia,3533304,2023
5613297,Nova Odessa,3533403,2023
2313783,Novo Horizonte,3533502,2023
1235537,Nuporanga,3533601,2023
163910,Ocauçu,3533700,2023
143212,Óleo,3533809,2023
3569676,Olímpia,3533908,2023
370589,Onda Verde,3534005,2023
194079,Oriente,3534104,2023
830370,Orindiúva,3534203,2023
3247648,Orlândia,3534302,2023
119404053,Osasco,3534401,2023
123399,Oscar Bressane,3534500,2023
1615248,Osvaldo Cruz,3534609,2023
4902762,Ourinhos,3534708,2023
670735,Ouroeste,3534757,2023
186891,Ouro Verde,3534807,2023
285244,Pacaembu,3534906,2023
603348,Palestina,3535002,2023
209646,Palmares Paulista,3535101,2023
308864,Palmeira d'Oeste,3535200,2023
1405807,Palmital,3535309,2023
397153,Panorama,3535408,2023
3133902,Paraguaçu Paulista,3535507,2023
408569,Paraibuna,3535606,2023
436076,Paraíso,3535705,2023
1222547,Paranapanema,3535804,2023
160653,Paranapuã,3535903,2023
1150356,Parapuã,3536000,2023
515971,Pardinho,3536109,2023
753097,Pariquera,3536208,2023
67931,Parisi,3536257,2023
1850012,Patrocínio Paulista,3536307,2023
322394,Paulicéia,3536406,2023
67067300,Paulínia,3536505,2023
74506,Paulistânia,3536570,2023
426146,Paulo de Faria,3536604,2023
3840421,Pederneiras,3536703,2023
147569,Pedra Bela,3536802,2023
116928,Pedranópolis,3536901,2023
1417488,Pedregulho,3537008,2023
1817292,Pedreira,3537107,2023
177967,Pedrinhas Paulista,3537156,2023
208399,Pedro de Toledo,3537206,2023
2743180,Penápolis,3537305,2023
1495859,Pereira Barreto,3537404,2023
410463,Pereiras,3537503,2023
2366996,Peruíbe,3537602,2023
160075,Piacatu,3537701,2023
1839652,Piedade,3537800,2023
1502794,Pilar do Sul,3537909,2023
13674680,Pindamonhangaba,3538006,2023
733296,Pindorama,3538105,2023
416405,Pinhalzinho,3538204,2023
100296,Piquerobi,3538303,2023
227361,Piquete,3538501,2023
799449,Piracaia,3538600,2023
44351588,Piracicaba,3538709,2023
1088629,Piraju,3538808,2023
737809,Pirajuí,3538907,2023
535545,Pirangi,3539004,2023
693314,Pirapora do Bom Jesus,3539103,2023
1410928,Pirapozinho,3539202,2023
4304413,Pirassununga,3539301,2023
389655,Piratininga,3539400,2023
1830160,Pitangueiras,3539509,2023
331487,Planalto,3539608,2023
160406,Platina,3539707,2023
4610760,Poá,3539806,2023
199994,Poloni,3539905,2023
2509065,Pompéia,3540002,2023
124380,Pongaí,3540101,2023
2153954,Pontal,3540200,2023
131997,Pontalinda,3540259,2023
152499,Pontes Gestal,3540309,2023
156037,Populina,3540408,2023
309200,Porangaba,3540507,2023
5067049,Porto Feliz,3540606,2023
3069355,Porto Ferreira,3540705,2023
355271,Potim,3540754,2023
1017223,Potirendaba,3540804,2023
44001,Pracinha,3540853,2023
1456796,Pradópolis,3540903,2023
11396646,Praia Grande,3541000,2023
252655,Pratânia,3541059,2023
112972,Presidente Alves,3541109,2023
351783,Presidente Bernardes,3541208,2023
1521762,Presidente Epitácio,3541307,2023
11617599,Presidente Prudente,3541406,2023
1096298,Presidente Venceslau,3541505,2023
3349681,Promissão,3541604,2023
209960,Quadra,3541653,2023
1087543,Quatá,3541703,2023
1095800,Queiroz,3541802,2023
481509,Queluz,3541901,2023
371696,Quintana,3542008,2023
594930,Rafard,3542107,2023
1999657,Rancharia,3542206,2023
122059,Redenção da Serra,3542305,2023
1293798,Regente Feijó,3542404,2023
270644,Reginópolis,3542503,2023
2931915,Registro,3542602,2023
311797,Restinga,3542701,2023
61922,Ribeira,3542800,2023
494054,Ribeirão Bonito,3542909,2023
640749,Ribeirão Branco,3543006,2023
282574,Ribeirão Corrente,3543105,2023
326855,Ribeirão do Sul,3543204,2023
56509,Ribeirão dos Índios,3543238,2023
127269,Ribeirão Grande,3543253,2023
4853229,Ribeirão Pires,3543303,2023
52306820,Ribeirão Preto,3543402,2023
119164,Riversul,3543501,2023
232911,Rifaina,3543600,2023
346937,Rincão,3543709,2023
495680,Rinópolis,3543808,2023
15427117,Rio Claro,3543907,2023
2037526,Rio das Pedras,3544004,2023
1166050,Rio Grande da Serra,3544103,2023
390635,Riolândia,3544202,2023
1542731,Rosana,3544251,2023
450314,Roseira,3544301,2023
88679,Rubiácea,3544400,2023
196382,Rubinéia,3544509,2023
183225,Sabino,3544608,2023
72625,Sagres,3544707,2023
266234,Sales,3544806,2023
529464,Sales Oliveira,3544905,2023
310985,Salesópolis,3545001,2023
114824,Salmourão,3545100,2023
471342,Saltinho,3545159,2023
11498959,Salto,3545209,2023
2856415,Salto de Pirapora,3545308,2023
394928,Salto Grande,3545407,2023
455962,Sandovalina,3545506,2023
560339,Santa Adélia,3545605,2023
333897,Santa Albertina,3545704,2023
10803992,Santa Bárbara d'Oeste,3545803,2023
357556,Santa Branca,3546009,2023
130553,Santa Clara d'Oeste,3546108,2023
200490,Santa Cruz da Conceição,3546207,2023
101459,Santa Cruz da Esperança,3546256,2023
788978,Santa Cruz das Palmeiras,3546306,2023
4319822,Santa Cruz do Rio Pardo,3546405,2023
152155,Santa Ernestina,3546504,2023
1988880,Santa Fé do Sul,3546603,2023
3568257,Santa Gertrudes,3546702,2023
2298061,Santa Isabel,3546801,2023
185362,Santa Lúcia,3546900,2023
197769,Santa Maria da Serra,3547007,2023
97262,Santa Mercedes,3547106,2023
56776,Santana da Ponte Pensa,3547205,2023
14328397,Santana de Parnaíba,3547304,2023
105525,Santa Rita d'Oeste,3547403,2023
992180,Santa Rita do Passa Quatro,3547502,2023
1131989,Santa Rosa de Viterbo,3547601,2023
66140,Santa Salete,3547650,2023
630473,Santo Anastácio,3547700,2023
36931351,Santo André,3547809,2023
282937,Santo Antônio da Alegria,3547908,2023
2146890,Santo Antônio de Posse,3548005,2023
380219,Santo Antônio do Aracanguá,3548054,2023
253743,Santo Antônio do Jardim,3548104,2023
191747,Santo Antônio do Pinhal,3548203,2023
60256,Santo Expedito,3548302,2023
97802,Santópolis do Aguapeí,3548401,2023
30961718,Santos,3548500,2023
354768,São Bento do Sapucaí,3548609,2023
71965791,São Bernardo do Campo,3548708,2023
22553448,São Caetano do Sul,3548807,2023
18386920,São Carlos,3548906,2023
59556,São Francisco,3549003,2023
5011181,São João da Boa Vista,3549102,2023
72713,São João das Duas Pontes,3549201,2023
69614,São João de Iracema,3549250,2023
83376,São João do Pau d'Alho,3549300,2023
2733786,São Joaquim da Barra,3549409,2023
336022,São José da Bela Vista,3549508,2023
80553,São José do Barreiro,3549607,2023
2876973,São José do Rio Pardo,3549706,2023
26390121,São José do Rio Preto,3549805,2023
61394524,São José dos Campos,3549904,2023
346115,São Lourenço da Serra,3549953,2023
252579,São Luiz do Paraitinga,3550001,2023
1889877,São Manuel,3550100,2023
1157726,São Miguel Arcanjo,3550209,2023
1066825105,São Paulo,3550308,2023
1243177,São Pedro,3550407,2023
393936,São Pedro do Turvo,3550506,2023
4532567,São Roque,3550605,2023
17400619,São Sebastião,3550704,2023
481876,São Sebastião da Grama,3550803,2023
648092,São Simão,3550902,2023
7414656,São Vicente,3551009,2023
270123,Sarapuí,3551108,2023
115635,Sarutaiá,3551207,2023
454542,Sebastianópolis do Sul,3551306,2023
269297,Serra Azul,3551405,2023
1454535,Serrana,3551504,2023
1025007,Serra Negra,3551603,2023
9075018,Sertãozinho,3551702,2023
461849,Sete Barras,3551801,2023
340597,Severínia,3551900,2023
116266,Silveiras,3552007,2023
1449301,Socorro,3552106,2023
58816286,Sorocaba,3552205,2023
302801,Sud Mennucci,3552304,2023
19026093,Sumaré,3552403,2023
18618698,Suzano,3552502,2023
511504,Suzanápolis,3552551,2023
397691,Tabapuã,3552601,2023
512361,Tabatinga,3552700,2023
12084179,Taboão da Serra,3552809,2023
242091,Taciba,3552908,2023
409335,Taguaí,3553005,2023
155640,Taiaçu,3553104,2023
188353,Taiúva,3553203,2023
966714,Tambaú,3553302,2023
1592467,Tanabi,3553401,2023
223954,Tapiraí,3553500,2023
358653,Tapiratiba,3553609,2023
92383,Taquaral,3553658,2023
2307145,Taquaritinga,3553708,2023
1279103,Taquarituba,3553807,2023
433014,Taquarivaí,3553856,2023
187171,Tarabai,3553906,2023
1153083,Tarumã,3553955,2023
6784535,Tatuí,3554003,2023
22607800,Taubaté,3554102,2023
341127,Tejupá,3554201,2023
822760,Teodoro Sampaio,3554300,2023
237426,Terra Roxa,3554409,2023
2954948,Tietê,3554508,2023
80268,Timburi,3554607,2023
44087,Torre de Pedra,3554656,2023
380075,Torrinha,3554706,2023
66641,Trabiju,3554755,2023
1091771,Tremembé,3554805,2023
155505,Três Fronteiras,3554904,2023
239682,Tuiuti,3554953,2023
3128302,Tupã,3555000,2023
446938,Tupi Paulista,3555109,2023
88091,Turiúba,3555208,2023
100226,Turmalina,3555307,2023
298746,Ubarana,3555356,2023
3506919,Ubatuba,3555406,2023
201026,Ubirajara,3555505,2023
521824,Uchoa,3555604,2023
72244,União Paulista,3555703,2023
366620,Urânia,3555802,2023
66750,Uru,3555901,2023
647135,Urupês,3556008,2023
565653,Valentim Gentil,3556107,2023
10200701,Valinhos,3556206,2023
1426927,Valparaíso,3556305,2023
222012,Vargem,3556354,2023
1431642,Vargem Grande do Sul,3556404,2023
3524293,Vargem Grande Paulista,3556453,2023
4736062,Várzea Paulista,3556503,2023
302805,Vera Cruz,3556602,2023
14699664,Vinhedo,3556701,2023
563836,Viradouro,3556800,2023
705941,Vista Alegre do Alto,3556909,2023
64481,Vitória Brasil,3556958,2023
5209654,Votorantim,3557006,2023
4582203,Votuporanga,3557105,2023
177562,Zacarias,3557154,2023
477220,Chavantes,3557204,2023
532212,Estiva Gerbi,3557303,2023
297166,Abatiá,4100103,2023
467129,Adrianópolis,4100202,2023
279388,Agudos do Sul,4100301,2023
2242620,Almirante Tamandaré,4100400,2023
115509,Altamira do Paraná,4100459,2023
546401,Altônia,4100509,2023
562667,Alto Paraná,4100608,2023
488594,Alto Piquiri,4100707,2023
436443,Alvorada do Sul,4100806,2023
163899,Amaporã,4100905,2023
1001174,Ampére,4101002,2023
124323,Anahy,4101051,2023
861173,Andirá,4101101,2023
179778,Ângulo,4101150,2023
1001675,Antonina,4101200,2023
282611,Antônio Olinto,4101309,2023
4834013,Apucarana,4101408,2023
5715471,Arapongas,4101507,2023
1632919,Arapoti,4101606,2023
154285,Arapuã,4101655,2023
630796,Araruna,4101705,2023
34075052,Araucária,4101804,2023
144973,Ariranha do Ivaí,4101853,2023
637194,Assaí,4101903,2023
2033731,Assis Chateaubriand,4102000,2023
1164816,Astorga,4102109,2023
254752,Atalaia,4102208,2023
1302016,Balsa Nova,4102307,2023
1362233,Bandeirantes,4102406,2023
342155,Barbosa Ferraz,4102505,2023
323297,Barracão,4102604,2023
187138,Barra do Jacaré,4102703,2023
126095,Bela Vista da Caroba,4102752,2023
564054,Bela Vista do Paraíso,4102802,2023
656377,Bituruna,4102901,2023
342930,Boa Esperança,4103008,2023
165031,Boa Esperança do Iguaçu,4103024,2023
449414,Boa Ventura de São Roque,4103040,2023
222437,Boa Vista da Aparecida,4103057,2023
305498,Bocaiúva do Sul,4103107,2023
142418,Bom Jesus do Sul,4103156,2023
221658,Bom Sucesso,4103206,2023
331505,Bom Sucesso do Sul,4103222,2023
296465,Borrazópolis,4103305,2023
261007,Braganey,4103354,2023
298634,Brasilândia do Sul,4103370,2023
121532,Cafeara,4103404,2023
2697734,Cafelândia,4103453,2023
199026,Cafezal do Sul,4103479,2023
250999,Califórnia,4103503,2023
985512,Cambará,4103602,2023
6771173,Cambé,4103701,2023
349367,Cambira,4103800,2023
674422,Campina da Lagoa,4103909,2023
195120,Campina do Simão,4103958,2023
2871767,Campina Grande do Sul,4104006,2023
237197,Campo Bonito,4104055,2023
306673,Campo do Tenente,4104105,2023
7070393,Campo Largo,4104204,2023
700583,Campo Magro,4104253,2023
5991908,Campo Mourão,4104303,2023
475235,Cândido de Abreu,4104402,2023
901449,Candói,4104428,2023
386335,Cantagalo,4104451,2023
1592681,Capanema,4104501,2023
1300220,Capitão Leônidas Marques,4104600,2023
1989896,Carambeí,4104659,2023
575814,Carlópolis,4104709,2023
19204178,Cascavel,4104808,2023
4517501,Castro,4104907,2023
413685,Catanduvas,4105003,2023
376525,Centenário do Sul,4105102,2023
374010,Cerro Azul,4105201,2023
1070583,Céu Azul,4105300,2023
1196360,Chopinzinho,4105409,2023
3986697,Cianorte,4105508,2023
620524,Cidade Gaúcha,4105607,2023
915575,Clevelândia,4105706,2023
7628975,Colombo,4105805,2023
1171688,Colorado,4105904,2023
309517,Congonhinhas,4106001,2023
168785,Conselheiro Mairinck,4106100,2023
627818,Contenda,4106209,2023
993480,Corbélia,4106308,2023
2382241,Cornélio Procópio,4106407,2023
328942,Coronel Domingos Soares,4106456,2023
1109441,Coronel Vivida,4106506,2023
104935,Corumbataí do Sul,4106555,2023
206651,Cruzeiro do Iguaçu,4106571,2023
1089269,Cruzeiro do Oeste,4106605,2023
281275,Cruzeiro do Sul,4106704,2023
507964,Cruz Machado,4106803,2023
189224,Cruzmaltina,4106852,2023
120065276,Curitiba,4106902,2023
332954,Curiúva,4107009,2023
413933,Diamante do Norte,4107108,2023
85754,Diamante do Sul,4107124,2023
134493,Diamante D'Oeste,4107157,2023
2609173,Dois Vizinhos,4107207,2023
859150,Douradina,4107256,2023
242635,Doutor Camargo,4107306,2023
389460,Enéas Marques,4107405,2023
698650,Engenheiro Beltrão,4107504,2023
75224,Esperança Nova,4107520,2023
420778,Entre Rios do Oeste,4107538,2023
201752,Espigão Alto do Iguaçu,4107546,2023
255636,Farol,4107553,2023
625079,Faxinal,4107603,2023
4139461,Fazenda Rio Grande,4107652,2023
243624,Fênix,4107702,2023
323922,Fernandes Pinheiro,4107736,2023
191682,Figueira,4107751,2023
310640,Floraí,4107801,2023
206357,Flor da Serra do Sul,4107850,2023
364240,Floresta,4107900,2023
623832,Florestópolis,4108007,2023
101261,Flórida,4108106,2023
405549,Formosa do Oeste,4108205,2023
16973251,Foz do Iguaçu,4108304,2023
254090,Francisco Alves,4108320,2023
4525403,Francisco Beltrão,4108403,2023
187782,Foz do Jordão,4108452,2023
437294,General Carneiro,4108502,2023
96133,Godoy Moreira,4108551,2023
1335666,Goioerê,4108601,2023
308612,Goioxim,4108650,2023
177555,Grandes Rios,4108700,2023
1438846,Guaíra,4108809,2023
404827,Guairaçá,4108908,2023
357064,Guamiranga,4108957,2023
228919,Guapirama,4109005,2023
106183,Guaporema,4109104,2023
192291,Guaraci,4109203,2023
604224,Guaraniaçu,4109302,2023
9864113,Guarapuava,4109401,2023
146081,Guaraqueçaba,4109500,2023
1220949,Guaratuba,4109609,2023
386521,Honório Serpa,4109658,2023
1236457,Ibaiti,4109708,2023
208091,Ibema,4109757,2023
4037855,Ibiporã,4109807,2023
329106,Icaraíma,4109906,2023
267158,Iguaraçu,4110003,2023
94791,Iguatu,4110052,2023
320471,Imbaú,4110078,2023
1503418,Imbituva,4110102,2023
249949,Inácio Martins,4110201,2023
76239,Inajá,4110300,2023
772540,Indianópolis,4110409,2023
776104,Ipiranga,4110508,2023
850007,Iporã,4110607,2023
126065,Iracema do Oeste,4110656,2023
2816144,Irati,4110706,2023
409528,Iretama,4110805,2023
164295,Itaguajé,4110904,2023
566776,Itaipulândia,4110953,2023
279453,Itambaracá,4111001,2023
276022,Itambé,4111100,2023
970545,Itapejara d'Oeste,4111209,2023
799718,Itaperuçu,4111258,2023
151825,Itaúna do Sul,4111308,2023
711073,Ivaí,4111407,2023
1142266,Ivaiporã,4111506,2023
280430,Ivaté,4111555,2023
167215,Ivatuba,4111605,2023
156576,Jaboti,4111704,2023
1956993,Jacarezinho,4111803,2023
1452483,Jaguapitã,4111902,2023
2062535,Jaguariaíva,4112009,2023
962904,Jandaia do Sul,4112108,2023
336925,Janiópolis,4112207,2023
169940,Japira,4112306,2023
441907,Japurá,4112405,2023
424449,Jardim Alegre,4112504,2023
78979,Jardim Olinda,4112603,2023
301470,Jataizinho,4112702,2023
556586,Jesuítas,4112751,2023
872246,Joaquim Távora,4112801,2023
157361,Jundiaí do Sul,4112900,2023
497087,Juranda,4112959,2023
370465,Jussara,4113007,2023
201236,Kaloré,4113106,2023
2647566,Lapa,4113205,2023
125483,Laranjal,4113254,2023
1230924,Laranjeiras do Sul,4113304,2023
226118,Leópolis,4113403,2023
146837,Lidianópolis,4113429,2023
249057,Lindoeste,4113452,2023
909384,Loanda,4113502,2023
333368,Lobato,4113601,2023
27999537,Londrina,4113700,2023
599341,Luiziana,4113734,2023
147290,Lunardelli,4113759,2023
164846,Lupionópolis,4113809,2023
973316,Mallet,4113908,2023
859221,Mamborê,4114005,2023
995410,Mandaguaçu,4114104,2023
2916500,Mandaguari,4114203,2023
801433,Mandirituba,4114302,2023
104399,Manfrinópolis,4114351,2023
1869715,Mangueirinha,4114401,2023
656196,Manoel Ribas,4114500,2023
3919007,Marechal Cândido Rondon,4114609,2023
176407,Maria Helena,4114708,2023
2964620,Marialva,4114807,2023
510268,Marilândia do Sul,4114906,2023
237237,Marilena,4115002,2023
403957,Mariluz,4115101,2023
27817346,Maringá,4115200,2023
554034,Mariópolis,4115309,2023
535683,Maripá,4115358,2023
738403,Marmeleiro,4115408,2023
134982,Marquinho,4115457,2023
134313,Marumbi,4115507,2023
1440815,Matelândia,4115606,2023
1148205,Matinhos,4115705,2023
157348,Mato Rico,4115739,2023
527212,Mauá da Serra,4115754,2023
3007596,Medianeira,4115804,2023
311869,Mercedes,4115853,2023
178999,Mirador,4115903,2023
69394,Miraselva,4116000,2023
496708,Missal,4116059,2023
382098,Moreira Sales,4116109,2023
534712,Morretes,4116208,2023
176663,Munhoz de Melo,4116307,2023
126913,Nossa Senhora das Graças,4116406,2023
71238,Nova Aliança do Ivaí,4116505,2023
108097,Nova América da Colina,4116604,2023
1040813,Nova Aurora,4116703,2023
341725,Nova Cantu,4116802,2023
1253498,Nova Esperança,4116901,2023
198770,Nova Esperança do Sudoeste,4116950,2023
327433,Nova Fátima,4117008,2023
378372,Nova Laranjeiras,4117057,2023
718418,Nova Londrina,4117107,2023
132741,Nova Olímpia,4117206,2023
131609,Nova Santa Bárbara,4117214,2023
484275,Nova Santa Rosa,4117222,2023
560124,Nova Prata do Iguaçu,4117255,2023
237202,Nova Tebas,4117271,2023
124923,Novo Itacolomi,4117297,2023
3592270,Ortigueira,4117305,2023
186573,Ourizona,4117404,2023
297137,Ouro Verde do Oeste,4117453,2023
1342362,Paiçandu,4117503,2023
1728162,Palmas,4117602,2023
2220003,Palmeira,4117701,2023
406781,Palmital,4117800,2023
3698095,Palotina,4117909,2023
533427,Paraíso do Norte,4118006,2023
517609,Paranacity,4118105,2023
15291703,Paranaguá,4118204,2023
88781,Paranapoema,4118303,2023
4189765,Paranavaí,4118402,2023
269744,Pato Bragado,4118451,2023
5817896,Pato Branco,4118501,2023
488532,Paula Freitas,4118600,2023
473855,Paulo Frontin,4118709,2023
530693,Peabiru,4118808,2023
354948,Perobal,4118857,2023
364026,Pérola,4118907,2023
270487,Pérola d'Oeste,4119004,2023
853225,Piên,4119103,2023
9852601,Pinhais,4119152,2023
251911,Pinhalão,4119202,2023
82104,Pinhal de São Bento,4119251,2023
1851108,Pinhão,4119301,2023
1441276,Piraí do Sul,4119400,2023
1901529,Piraquara,4119509,2023
1448744,Pitanga,4119608,2023
160573,Pitangueiras,4119657,2023
149540,Planaltina do Paraná,4119707,2023
526048,Planalto,4119806,2023
25583325,Ponta Grossa,4119905,2023
809708,Pontal do Paraná,4119954,2023
732948,Porecatu,4120002,2023
391662,Porto Amazonas,4120101,2023
169168,Porto Barreiro,4120150,2023
152980,Porto Rico,4120200,2023
98341,Porto Vitória,4120309,2023
207955,Prado Ferreira,4120333,2023
378687,Pranchita,4120358,2023
197136,Presidente Castelo Branco,4120408,2023
462476,Primeiro de Maio,4120507,2023
1905943,Prudentópolis,4120606,2023
409019,Quarto Centenário,4120655,2023
244507,Quatiguá,4120705,2023
2336181,Quatro Barras,4120804,2023
307122,Quatro Pontes,4120853,2023
1927945,Quedas do Iguaçu,4120903,2023
342244,Querência do Norte,4121000,2023
314953,Quinta do Sol,4121109,2023
594459,Quitandinha,4121208,2023
126585,Ramilândia,4121257,2023
197170,Rancho Alegre,4121307,2023
235642,Rancho Alegre D'Oeste,4121356,2023
958987,Realeza,4121406,2023
635752,Rebouças,4121505,2023
460072,Renascença,4121604,2023
764371,Reserva,4121703,2023
257839,Reserva do Iguaçu,4121752,2023
609741,Ribeirão Claro,4121802,2023
487933,Ribeirão do Pinhal,4121901,2023
996992,Rio Azul,4122008,2023
118815,Rio Bom,4122107,2023
514285,Rio Bonito do Iguaçu,4122156,2023
174700,Rio Branco do Ivaí,4122172,2023
1850826,Rio Branco do Sul,4122206,2023
1456165,Rio Negro,4122305,2023
4602704,Rolândia,4122404,2023
639474,Roncador,4122503,2023
538736,Rondon,4122602,2023
166638,Rosário do Ivaí,4122651,2023
741345,Sabáudia,4122701,2023
144581,Salgado Filho,4122800,2023
124160,Salto do Itararé,4122909,2023
628454,Salto do Lontra,4123006,2023
141542,Santa Amélia,4123105,2023
179166,Santa Cecília do Pavão,4123204,2023
387175,Santa Cruz de Monte Castelo,4123303,2023
449906,Santa Fé,4123402,2023
1641044,Santa Helena,4123501,2023
85155,Santa Inês,4123600,2023
293692,Santa Isabel do Ivaí,4123709,2023
514079,Santa Izabel do Oeste,4123808,2023
158188,Santa Lúcia,4123824,2023
353046,Santa Maria do Oeste,4123857,2023
497961,Santa Mariana,4123907,2023
115471,Santa Mônica,4123956,2023
184042,Santana do Itararé,4124004,2023
713315,Santa Tereza do Oeste,4124020,2023
765144,Santa Terezinha de Itaipu,4124053,2023
1837884,Santo Antônio da Platina,4124103,2023
70027,Santo Antônio do Caiuá,4124202,2023
114799,Santo Antônio do Paraíso,4124301,2023
804866,Santo Antônio do Sudoeste,4124400,2023
836727,Santo Inácio,4124509,2023
567836,São Carlos do Ivaí,4124608,2023
349306,São Jerônimo da Serra,4124707,2023
1220178,São João,4124806,2023
191656,São João do Caiuá,4124905,2023
410617,São João do Ivaí,4125001,2023
875907,São João do Triunfo,4125100,2023
531521,São Jorge d'Oeste,4125209,2023
417316,São Jorge do Ivaí,4125308,2023
183232,São Jorge do Patrocínio,4125357,2023
232641,São José da Boa Vista,4125407,2023
109674,São José das Palmeiras,4125456,2023
33957964,São José dos Pinhais,4125506,2023
83030,São Manoel do Paraná,4125555,2023
1934142,São Mateus do Sul,4125605,2023
1484412,São Miguel do Iguaçu,4125704,2023
267877,São Pedro do Iguaçu,4125753,2023
453058,São Pedro do Ivaí,4125803,2023
111291,São Pedro do Paraná,4125902,2023
277569,São Sebastião da Amoreira,4126009,2023
221194,São Tomé,4126108,2023
183023,Sapopema,4126207,2023
2398690,Sarandi,4126256,2023
1143427,Saudade do Iguaçu,4126272,2023
690924,Sengés,4126306,2023
272573,Serranópolis do Iguaçu,4126355,2023
465712,Sertaneja,4126405,2023
863931,Sertanópolis,4126504,2023
851121,Siqueira Campos,4126603,2023
190979,Sulina,4126652,2023
474596,Tamarana,4126678,2023
184145,Tamboara,4126702,2023
731143,Tapejara,4126801,2023
187714,Tapira,4126900,2023
633083,Teixeira Soares,4127007,2023
6409425,Telêmaco Borba,4127106,2023
709922,Terra Boa,4127205,2023
539546,Terra Rica,4127304,2023
921400,Terra Roxa,4127403,2023
1448624,Tibagi,4127502,2023
554175,Tijucas do Sul,4127601,2023
9508572,Toledo,4127700,2023
350465,Tomazina,4127809,2023
453550,Três Barras do Paraná,4127858,2023
142467,Tunas do Paraná,4127882,2023
297521,Tuneiras do Oeste,4127908,2023
520417,Tupãssi,4127957,2023
697870,Turvo,4127965,2023
2129922,Ubiratã,4128005,2023
5096996,Umuarama,4128104,2023
2223373,União da Vitória,4128203,2023
131665,Uniflor,4128302,2023
395053,Uraí,4128401,2023
767256,Wenceslau Braz,4128500,2023
378784,Ventania,4128534,2023
335607,Vera Cruz do Oeste,4128559,2023
606828,Verê,4128609,2023
147760,Alto Paraíso,4128625,2023
116147,Doutor Ulysses,4128633,2023
241579,Virmond,4128658,2023
631025,Vitorino,4128708,2023
138498,Xambrê,4128807,2023
115985,Abdon Batista,4200051,2023
1085858,Abelardo Luz,4200101,2023
496110,Agrolândia,4200200,2023
279406,Agronômica,4200309,2023
747812,Água Doce,4200408,2023
240633,Águas de Chapecó,4200507,2023
183332,Águas Frias,4200556,2023
281792,Águas Mornas,4200606,2023
414787,Alfredo Wagner,4200705,2023
94012,Alto Bela Vista,4200754,2023
261385,Anchieta,4200804,2023
192262,Angelina,4200903,2023
251491,Anita Garibaldi,4201000,2023
117403,Anitápolis,4201109,2023
1163092,Antônio Carlos,4201208,2023
510610,Apiúna,4201257,2023
400561,Arabutã,4201273,2023
9900040,Araquari,4201307,2023
3023100,Araranguá,4201406,2023
343668,Armazém,4201505,2023
154297,Arroio Trinta,4201604,2023
194588,Arvoredo,4201653,2023
315202,Ascurra,4201703,2023
146755,Atalanta,4201802,2023
468008,Aurora,4201901,2023
302101,Balneário Arroio do Silva,4201950,2023
9004373,Balneário Camboriú,4202008,2023
321609,Balneário Barra do Sul,4202057,2023
308869,Balneário Gaivota,4202073,2023
130220,Bandeirante,4202081,2023
66206,Barra Bonita,4202099,2023
2468505,Barra Velha,4202107,2023
277735,Bela Vista do Toldo,4202131,2023
86050,Belmonte,4202156,2023
496824,Benedito Novo,4202206,2023
3523318,Biguaçu,4202305,2023
24871920,Blumenau,4202404,2023
145084,Bocaina do Sul,4202438,2023
1178868,Bombinhas,4202453,2023
338788,Bom Jardim da Serra,4202503,2023
187852,Bom Jesus,4202537,2023
103572,Bom Jesus do Oeste,4202578,2023
454470,Bom Retiro,4202602,2023
554189,Botuverá,4202701,2023
2195935,Braço do Norte,4202800,2023
273816,Braço do Trombudo,4202859,2023
143766,Brunópolis,4202875,2023
11071535,Brusque,4202909,2023
5375161,Caçador,4203006,2023
382027,Caibi,4203105,2023
135173,Calmon,4203154,2023
2703378,Camboriú,4203204,2023
281798,Capão Alto,4203253,2023
872665,Campo Alegre,4203303,2023
401476,Campo Belo do Sul,4203402,2023
532119,Campo Erê,4203501,2023
3456854,Campos Novos,4203600,2023
412708,Canelinha,4203709,2023
2759648,Canoinhas,4203808,2023
1482554,Capinzal,4203907,2023
689019,Capivari de Baixo,4203956,2023
676611,Catanduvas,4204004,2023
248344,Caxambu do Sul,4204103,2023
96487,Celso Ramos,4204152,2023
152293,Cerro Negro,4204178,2023
147115,Chapadão do Lageado,4204194,2023
17619284,Chapecó,4204202,2023
1084930,Cocal do Sul,4204251,2023
5510392,Concórdia,4204301,2023
529198,Cordilheira Alta,4204350,2023
484593,Coronel Freitas,4204400,2023
74761,Coronel Martins,4204459,2023
1055553,Corupá,4204509,2023
763282,Correia Pinto,4204558,2023
12339548,Criciúma,4204608,2023
1090031,Cunha Porã,4204707,2023
106831,Cunhataí,4204756,2023
2003888,Curitibanos,4204806,2023
382121,Descanso,4204905,2023
674813,Dionísio Cerqueira,4205001,2023
184448,Dona Emma,4205100,2023
184032,Doutor Pedrinho,4205159,2023
75981,Entre Rios,4205175,2023
241247,Ermo,4205191,2023
253179,Erval Velho,4205209,2023
845387,Faxinal dos Guedes,4205308,2023
95653,Flor do Sertão,4205357,2023
31190132,Florianópolis,4205407,2023
104803,Formosa do Sul,4205431,2023
1525924,Forquilhinha,4205456,2023
1596213,Fraiburgo,4205506,2023
114310,Frei Rogério,4205555,2023
159894,Galvão,4205605,2023
1005308,Garopaba,4205704,2023
1982039,Garuva,4205803,2023
5058949,Gaspar,4205902,2023
661697,Governador Celso Ramos,4206009,2023
406387,Grão,4206108,2023
456981,Gravatal,4206207,2023
1492565,Guabiruba,4206306,2023
615278,Guaraciaba,4206405,2023
3136750,Guaramirim,4206504,2023
262918,Guarujá do Sul,4206603,2023
617585,Guatambú,4206652,2023
723522,Herval d'Oeste,4206702,2023
90693,Ibiam,4206751,2023
174344,Ibicaré,4206801,2023
774395,Ibirama,4206900,2023
4878274,Içara,4207007,2023
1190605,Ilhota,4207106,2023
320780,Imaruí,4207205,2023
3250688,Imbituba,4207304,2023
319441,Imbuia,4207403,2023
4484718,Indaial,4207502,2023
381384,Iomerê,4207577,2023
134995,Ipira,4207601,2023
486274,Iporã do Oeste,4207650,2023
435900,Ipuaçu,4207684,2023
564808,Ipumirim,4207700,2023
258923,Iraceminha,4207759,2023
339803,Irani,4207809,2023
78560,Irati,4207858,2023
636426,Irineópolis,4207908,2023
550222,Itá,4208005,2023
1404662,Itaiópolis,4208104,2023
48195909,Itajaí,4208203,2023
3799730,Itapema,4208302,2023
1369949,Itapiranga,4208401,2023
1990651,Itapoá,4208450,2023
1565743,Ituporanga,4208500,2023
236970,Jaborá,4208609,2023
733562,Jacinto Machado,4208708,2023
887386,Jaguaruna,4208807,2023
15509263,Jaraguá do Sul,4208906,2023
82849,Jardinópolis,4208955,2023
2754514,Joaçaba,4209003,2023
49815877,Joinville,4209102,2023
171772,José Boiteux,4209151,2023
109999,Jupiá,4209177,2023
186584,Lacerdópolis,4209201,2023
8341650,Lages,4209300,2023
1404150,Laguna,4209409,2023
108719,Lajeado Grande,4209458,2023
536261,Laurentino,4209508,2023
481730,Lauro Müller,4209607,2023
466724,Lebon Régis,4209706,2023
169622,Leoberto Leal,4209805,2023
201026,Lindóia do Sul,4209854,2023
579987,Lontras,4209904,2023
1138042,Luiz Alves,4210001,2023
346309,Luzerna,4210035,2023
70008,Macieira,4210050,2023
3296812,Mafra,4210100,2023
86474,Major Gercino,4210209,2023
417209,Major Vieira,4210308,2023
355365,Maracajá,4210407,2023
2499223,Maravilha,4210506,2023
111255,Marema,4210555,2023
1050211,Massaranduba,4210605,2023
77764,Matos Costa,4210704,2023
469316,Meleiro,4210803,2023
106937,Mirim Doce,4210852,2023
203356,Modelo,4210902,2023
1249317,Mondaí,4211009,2023
325033,Monte Carlo,4211058,2023
285959,Monte Castelo,4211108,2023
1019641,Morro da Fumaça,4211207,2023
194418,Morro Grande,4211256,2023
7939674,Navegantes,4211306,2023
266502,Nova Erechim,4211405,2023
191952,Nova Itaberaba,4211454,2023
972888,Nova Trento,4211504,2023
1333549,Nova Veneza,4211603,2023
160908,Novo Horizonte,4211652,2023
1408944,Orleans,4211702,2023
1267788,Otacílio Costa,4211751,2023
307202,Ouro,4211801,2023
170820,Ouro Verde,4211850,2023
73788,Paial,4211876,2023
111006,Painel,4211892,2023
10294550,Palhoça,4211900,2023
361215,Palma Sola,4212007,2023
205053,Palmeira,4212056,2023
1211264,Palmitos,4212106,2023
1183058,Papanduva,4212205,2023
194244,Paraíso,4212239,2023
301934,Passo de Torres,4212254,2023
218824,Passos Maia,4212270,2023
417795,Paulo Lopes,4212304,2023
305366,Pedras Grandes,4212403,2023
1340663,Penha,4212502,2023
166701,Peritiba,4212601,2023
164483,Pescaria Brava,4212650,2023
265682,Petrolândia,4212700,2023
2097521,Balneário Piçarras,4212809,2023
1941701,Pinhalzinho,4212908,2023
323209,Pinheiro Preto,4213005,2023
953671,Piratuba,4213104,2023
144007,Planalto Alegre,4213153,2023
3184672,Pomerode,4213203,2023
205504,Ponte Alta,4213302,2023
158355,Ponte Alta do Norte,4213351,2023
390492,Ponte Serrada,4213401,2023
2090678,Porto Belo,4213500,2023
1314938,Porto União,4213609,2023
912670,Pouso Redondo,4213708,2023
312294,Praia Grande,4213807,2023
88879,Presidente Castello Branco,4213906,2023
1091871,Presidente Getúlio,4214003,2023
81283,Presidente Nereu,4214102,2023
134567,Princesa,4214151,2023
670409,Quilombo,4214201,2023
227902,Rancho Queimado,4214300,2023
328940,Rio das Antas,4214409,2023
265323,Rio do Campo,4214508,2023
348708,Rio do Oeste,4214607,2023
565977,Rio dos Cedros,4214706,2023
4621903,Rio do Sul,4214805,2023
373208,Rio Fortuna,4214904,2023
1731868,Rio Negrinho,4215000,2023
96784,Rio Rufino,4215059,2023
198674,Riqueza,4215075,2023
456660,Rodeio,4215109,2023
132525,Romelândia,4215208,2023
383453,Salete,4215307,2023
115351,Saltinho,4215356,2023
347636,Salto Veloso,4215406,2023
701076,Sangão,4215455,2023
672250,Santa Cecília,4215505,2023
128409,Santa Helena,4215554,2023
108834,Santa Rosa de Lima,4215604,2023
277594,Santa Rosa do Sul,4215653,2023
342769,Santa Terezinha,4215679,2023
89006,Santa Terezinha do Progresso,4215687,2023
62417,Santiago do Sul,4215695,2023
1749916,Santo Amaro da Imperatriz,4215703,2023
110781,São Bernardino,4215752,2023
5038223,São Bento do Sul,4215802,2023
265330,São Bonifácio,4215901,2023
794990,São Carlos,4216008,2023
197299,São Cristóvão do Sul,4216057,2023
536174,São Domingos,4216107,2023
7396332,São Francisco do Sul,4216206,2023
463168,São João do Oeste,4216255,2023
1303724,São João Batista,4216305,2023
455830,São João do Itaperiú,4216354,2023
434705,São João do Sul,4216404,2023
1484851,São Joaquim,4216503,2023
15575672,São José,4216602,2023
681891,São José do Cedro,4216701,2023
355894,São José do Cerrito,4216800,2023
1843473,São Lourenço do Oeste,4216909,2023
1241478,São Ludgero,4217006,2023
148541,São Martinho,4217105,2023
73871,São Miguel da Boa Vista,4217154,2023
3105098,São Miguel do Oeste,4217204,2023
148311,São Pedro de Alcântara,4217253,2023
718463,Saudades,4217303,2023
906591,Schroeder,4217402,2023
1506648,Seara,4217501,2023
147398,Serra Alta,4217550,2023
804482,Siderópolis,4217600,2023
1304359,Sombrio,4217709,2023
123620,Sul Brasil,4217758,2023
1038273,Taió,4217808,2023
760285,Tangará,4217907,2023
88349,Tigrinhos,4217956,2023
3687049,Tijucas,4218004,2023
197892,Timbé do Sul,4218103,2023
2737817,Timbó,4218202,2023
304453,Timbó Grande,4218251,2023
2060110,Três Barras,4218301,2023
198900,Treviso,4218350,2023
255516,Treze de Maio,4218400,2023
1194854,Treze Tílias,4218509,2023
433330,Trombudo Central,4218608,2023
6007108,Tubarão,4218707,2023
229506,Tunápolis,4218756,2023
992639,Turvo,4218806,2023
116753,União do Oeste,4218855,2023
471776,Urubici,4218905,2023
131850,Urupema,4218954,2023
1222447,Urussanga,4219002,2023
301834,Vargeão,4219101,2023
100064,Vargem,4219150,2023
661591,Vargem Bonita,4219176,2023
401953,Vidal Ramos,4219200,2023
4129523,Videira,4219309,2023
193745,Vitor Meireles,4219358,2023
197839,Witmarsum,4219408,2023
3145565,Xanxerê,4219507,2023
249450,Xavantina,4219606,2023
1737477,Xaxim,4219705,2023
135060,Zortéa,4219853,2023
420208,Balneário Rincão,4220000,2023
382340,Aceguá,4300034,2023
418738,Água Santa,4300059,2023
780152,Agudo,4300109,2023
383525,Ajuricaba,4300208,2023
153719,Alecrim,4300307,2023
3102028,Alegrete,4300406,2023
136099,Alegria,4300455,2023
223167,Almirante Tamandaré do Sul,4300471,2023
302869,Alpestre,4300505,2023
72442,Alto Alegre,4300554,2023
203171,Alto Feliz,4300570,2023
4129934,Alvorada,4300604,2023
174054,Amaral Ferrador,4300638,2023
203478,Ametista do Sul,4300646,2023
112013,André da Rocha,4300661,2023
333257,Anta Gorda,4300703,2023
926443,Antônio Prado,4300802,2023
233582,Arambaré,4300851,2023
322955,Araricá,4300877,2023
1185217,Aratiba,4300901,2023
1943138,Arroio do Meio,4301008,2023
353687,Arroio do Sal,4301057,2023
96551,Arroio do Padre,4301073,2023
404985,Arroio dos Ratos,4301107,2023
472739,Arroio do Tigre,4301206,2023
965508,Arroio Grande,4301305,2023
404652,Arvorezinha,4301404,2023
350687,Augusto Pestana,4301503,2023
177756,Áurea,4301552,2023
4414768,Bagé,4301602,2023
333149,Balneário Pinhal,4301636,2023
462911,Barão,4301651,2023
324769,Barão de Cotegipe,4301701,2023
142447,Barão do Triunfo,4301750,2023
300015,Barracão,4301800,2023
63072,Barra do Guarita,4301859,2023
332590,Barra do Quaraí,4301875,2023
581054,Barra do Ribeiro,4301909,2023
78571,Barra do Rio Azul,4301925,2023
167382,Barra Funda,4301958,2023
274474,Barros Cassal,4302006,2023
49986,Benjamin Constant do Sul,4302055,2023
9062598,Bento Gonçalves,4302105,2023
173200,Boa Vista das Missões,4302154,2023
354602,Boa Vista do Buricá,4302204,2023
269991,Boa Vista do Cadeado,4302220,2023
196998,Boa Vista do Incra,4302238,2023
134912,Boa Vista do Sul,4302253,2023
593403,Bom Jesus,4302303,2023
951019,Bom Princípio,4302352,2023
73593,Bom Progresso,4302378,2023
509725,Bom Retiro do Sul,4302402,2023
199040,Boqueirão do Leão,4302451,2023
250550,Bossoroca,4302501,2023
119425,Bozano,4302584,2023
109439,Braga,4302600,2023
132265,Brochier,4302659,2023
567081,Butiá,4302709,2023
1175802,Caçapava do Sul,4302808,2023
566823,Cacequi,4302907,2023
3371237,Cachoeira do Sul,4303004,2023
7781824,Cachoeirinha,4303103,2023
154022,Cacique Doble,4303202,2023
180412,Caibaté,4303301,2023
159894,Caiçara,4303400,2023
3154677,Camaquã,4303509,2023
612435,Camargo,4303558,2023
275332,Cambará do Sul,4303608,2023
236802,Campestre da Serra,4303673,2023
203771,Campina das Missões,4303707,2023
294875,Campinas do Sul,4303806,2023
4528757,Campo Bom,4303905,2023
287302,Campo Novo,4304002,2023
105020,Campos Borges,4304101,2023
1234677,Candelária,4304200,2023
375022,Cândido Godói,4304309,2023
1699384,Candiota,4304358,2023
1959719,Canela,4304408,2023
1825528,Canguçu,4304507,2023
29166697,Canoas,4304606,2023
66953,Canudos do Vale,4304614,2023
223071,Capão Bonito do Sul,4304622,2023
2588161,Capão da Canoa,4304630,2023
220126,Capão do Cipó,4304655,2023
854022,Capão do Leão,4304663,2023
399405,Capivari do Sul,4304671,2023
315947,Capela de Santana,4304689,2023
88569,Capitão,4304697,2023
3744967,Carazinho,4304705,2023
158174,Caraá,4304713,2023
3815080,Carlos Barbosa,4304804,2023
61763,Carlos Gomes,4304853,2023
875949,Casca,4304903,2023
177158,Caseiros,4304952,2023
425026,Catuípe,4305009,2023
37860602,Caxias do Sul,4305108,2023
123347,Centenário,4305116,2023
131166,Cerrito,4305124,2023
104220,Cerro Branco,4305132,2023
61938,Cerro Grande,4305157,2023
251120,Cerro Grande do Sul,4305173,2023
807007,Cerro Largo,4305207,2023
603053,Chapada,4305306,2023
1857420,Charqueadas,4305355,2023
125647,Charrua,4305371,2023
265708,Chiapetta,4305405,2023
522360,Chuí,4305439,2023
163415,Chuvisca,4305447,2023
406916,Cidreira,4305454,2023
233410,Ciríaco,4305504,2023
90398,Colinas,4305587,2023
198977,Colorado,4305603,2023
470592,Condor,4305702,2023
471925,Constantina,4305801,2023
56011,Coqueiro Baixo,4305835,2023
139283,Coqueiros do Sul,4305850,2023
143058,Coronel Barros,4305871,2023
397095,Coronel Bicaco,4305900,2023
58153,Coronel Pilar,4305934,2023
205102,Cotiporã,4305959,2023
349364,Coxilha,4305975,2023
500660,Crissiumal,4306007,2023
300530,Cristal,4306056,2023
98787,Cristal do Sul,4306072,2023
4399886,Cruz Alta,4306106,2023
104945,Cruzaltense,4306130,2023
685746,Cruzeiro do Sul,4306205,2023
206880,David Canabarro,4306304,2023
117581,Derrubadas,4306320,2023
51412,Dezesseis de Novembro,4306353,2023
202939,Dilermando de Aguiar,4306379,2023
2639523,Dois Irmãos,4306403,2023
125757,Dois Irmãos das Missões,4306429,2023
166002,Dois Lajeados,4306452,2023
418179,Dom Feliciano,4306502,2023
83656,Dom Pedro de Alcântara,4306551,2023
2288172,Dom Pedrito,4306601,2023
112216,Dona Francisca,4306700,2023
228266,Doutor Maurício Cardoso,4306734,2023
89704,Doutor Ricardo,4306759,2023
2623491,Eldorado do Sul,4306767,2023
1411422,Encantado,4306809,2023
1189528,Encruzilhada do Sul,4306908,2023
50748,Engenho Velho,4306924,2023
478944,Entre,4306932,2023
209711,Entre Rios do Sul,4306957,2023
152046,Erebango,4306973,2023
8497106,Erechim,4307005,2023
163434,Ernestina,4307054,2023
199383,Herval,4307104,2023
161672,Erval Grande,4307203,2023
299811,Erval Seco,4307302,2023
363781,Esmeralda,4307401,2023
101346,Esperança do Sul,4307450,2023
861538,Espumoso,4307500,2023
397872,Estação,4307559,2023
2309196,Estância Velha,4307609,2023
3998587,Esteio,4307708,2023
2376913,Estrela,4307807,2023
145289,Estrela Velha,4307815,2023
224862,Eugênio de Castro,4307831,2023
189848,Fagundes Varela,4307864,2023
4960621,Farroupilha,4307906,2023
298533,Faxinal do Soturno,4308003,2023
113640,Faxinalzinho,4308052,2023
145766,Fazenda Vilanova,4308078,2023
676581,Feliz,4308102,2023
3336288,Flores da Cunha,4308201,2023
77406,Floriano Peixoto,4308250,2023
260495,Fontoura Xavier,4308300,2023
263216,Formigueiro,4308409,2023
64513,Forquetinha,4308433,2023
330898,Fortaleza dos Valos,4308458,2023
1792336,Frederico Westphalen,4308508,2023
3565442,Garibaldi,4308607,2023
134739,Garruchos,4308656,2023
349016,Gaurama,4308706,2023
234058,General Câmara,4308805,2023
152256,Gentil,4308854,2023
879960,Getúlio Vargas,4308904,2023
1017468,Giruá,4309001,2023
595369,Glorinha,4309050,2023
3565830,Gramado,4309100,2023
87589,Gramado dos Loureiros,4309126,2023
124280,Gramado Xavier,4309159,2023
15545558,Gravataí,4309209,2023
107684,Guabiju,4309258,2023
9001785,Guaíba,4309308,2023
1264537,Guaporé,4309407,2023
295743,Guarani das Missões,4309506,2023
306941,Harmonia,4309555,2023
88439,Herveiras,4309571,2023
1828050,Horizontina,4309605,2023
228860,Hulha Negra,4309654,2023
218021,Humaitá,4309704,2023
105469,Ibarama,4309753,2023
298761,Ibiaçá,4309803,2023
380199,Ibiraiaras,4309902,2023
188102,Ibirapuitã,4309951,2023
1708042,Ibirubá,4310009,2023
2656127,Igrejinha,4310108,2023
6105244,Ijuí,4310207,2023
164900,Ilópolis,4310306,2023
762866,Imbé,4310330,2023
590476,Imigrante,4310363,2023
443606,Independência,4310405,2023
76396,Inhacorá,4310413,2023
392922,Ipê,4310439,2023
122376,Ipiranga do Sul,4310462,2023
255785,Iraí,4310504,2023
304167,Itaara,4310538,2023
114342,Itacurubi,4310553,2023
93881,Itapuca,4310579,2023
2068939,Itaqui,4310603,2023
103483,Itati,4310652,2023
85113,Itatiba do Sul,4310702,2023
53952,Ivorá,4310751,2023
1538878,Ivoti,4310801,2023
106763,Jaboticaba,4310850,2023
125146,Jacuizinho,4310876,2023
188689,Jacutinga,4310900,2023
1034802,Jaguarão,4311007,2023
328937,Jaguari,4311106,2023
101810,Jaquirana,4311122,2023
211635,Jari,4311130,2023
345894,Jóia,4311155,2023
1306882,Júlio de Castilhos,4311205,2023
84224,Lagoa Bonita do Sul,4311239,2023
149771,Lagoão,4311254,2023
81864,Lagoa dos Três Cantos,4311270,2023
1608163,Lagoa Vermelha,4311304,2023
6705227,Lajeado,4311403,2023
65433,Lajeado do Bugre,4311429,2023
369845,Lavras do Sul,4311502,2023
152571,Liberato Salzano,4311601,2023
353109,Lindolfo Collor,4311627,2023
76154,Linha Nova,4311643,2023
260895,Machadinho,4311700,2023
367963,Maçambará,4311718,2023
101220,Mampituba,4311734,2023
303342,Manoel Viana,4311759,2023
228748,Maquiné,4311775,2023
104147,Maratá,4311791,2023
3738295,Marau,4311809,2023
192535,Marcelino Ramos,4311908,2023
117787,Mariana Pimentel,4311981,2023
71583,Mariano Moro,4312005,2023
137495,Marques de Souza,4312054,2023
174006,Mata,4312104,2023
128502,Mato Castelhano,4312138,2023
295044,Mato Leitão,4312153,2023
61648,Mato Queimado,4312179,2023
159588,Maximiliano de Almeida,4312203,2023
291061,Minas do Leão,4312252,2023
200597,Miraguaí,4312302,2023
73733,Montauri,4312351,2023
117051,Monte Alegre dos Campos,4312377,2023
126816,Monte Belo do Sul,4312385,2023
5259437,Montenegro,4312401,2023
102289,Mormaço,4312427,2023
103248,Morrinhos do Sul,4312443,2023
153226,Morro Redondo,4312450,2023
304040,Morro Reuter,4312476,2023
494341,Mostardas,4312500,2023
273363,Muçum,4312609,2023
950302,Muitos Capões,4312617,2023
71170,Muliterno,4312625,2023
2951960,Não,4312658,2023
101823,Nicolau Vergueiro,4312674,2023
539374,Nonoai,4312708,2023
201942,Nova Alvorada,4312757,2023
474775,Nova Araçá,4312807,2023
765058,Nova Bassano,4312906,2023
137786,Nova Boa Vista,4312955,2023
153973,Nova Bréscia,4313003,2023
225892,Nova Candelária,4313011,2023
197238,Nova Esperança do Sul,4313037,2023
1054362,Nova Hartz,4313060,2023
115884,Nova Pádua,4313086,2023
306852,Nova Palma,4313102,2023
1103618,Nova Petrópolis,4313201,2023
1559276,Nova Prata,4313300,2023
204997,Nova Ramada,4313334,2023
206674,Nova Roma do Sul,4313359,2023
3229383,Nova Santa Rita,4313375,2023
131684,Novo Cabrais,4313391,2023
11936582,Novo Hamburgo,4313409,2023
140899,Novo Machado,4313425,2023
73353,Novo Tiradentes,4313441,2023
67741,Novo Xingu,4313466,2023
120313,Novo Barreiro,4313490,2023
2141950,Osório,4313508,2023
162821,Paim Filho,4313607,2023
739855,Palmares do Sul,4313656,2023
1708324,Palmeira das Missões,4313706,2023
265325,Palmitinho,4313805,2023
4011216,Panambi,4313904,2023
576614,Pantano Grande,4313953,2023
488256,Paraí,4314001,2023
230034,Paraíso do Sul,4314027,2023
159254,Pareci Novo,4314035,2023
1725746,Parobé,4314050,2023
144618,Passa Sete,4314068,2023
281871,Passo do Sobrado,4314076,2023
14069540,Passo Fundo,4314100,2023
238558,Paulo Bento,4314134,2023
301262,Paverama,4314159,2023
172852,Pedras Altas,4314175,2023
242415,Pedro Osório,4314209,2023
293084,Pejuçara,4314308,2023
12480919,Pelotas,4314407,2023
393452,Picada Café,4314423,2023
154127,Pinhal,4314456,2023
249016,Pinhal da Serra,4314464,2023
500998,Pinhal Grande,4314472,2023
140566,Pinheirinho do Vale,4314498,2023
357896,Pinheiro Machado,4314506,2023
93134,Pinto Bandeira,4314548,2023
72016,Pirapó,4314555,2023
744361,Piratini,4314605,2023
325778,Planalto,4314704,2023
100774,Poço das Antas,4314753,2023
271978,Pontão,4314779,2023
78317,Ponte Preta,4314787,2023
1816677,Portão,4314803,2023
104743272,Porto Alegre,4314902,2023
128972,Porto Lucena,4315008,2023
79557,Porto Mauá,4315057,2023
48373,Porto Vera Cruz,4315073,2023
230082,Porto Xavier,4315107,2023
57904,Pouso Novo,4315131,2023
371734,Presidente Lucena,4315149,2023
181523,Progresso,4315156,2023
93358,Protásio Alves,4315172,2023
153758,Putinga,4315206,2023
720057,Quaraí,4315305,2023
136523,Quatro Irmãos,4315313,2023
156253,Quevedos,4315321,2023
172891,Quinze de Novembro,4315354,2023
207604,Redentora,4315404,2023
75597,Relvado,4315453,2023
643230,Restinga Sêca,4315503,2023
116660,Rio dos Índios,4315552,2023
14106680,Rio Grande,4315602,2023
1248019,Rio Pardo,4315701,2023
165772,Riozinho,4315750,2023
626611,Roca Sales,4315800,2023
301150,Rodeio Bonito,4315909,2023
91405,Rolador,4315958,2023
951008,Rolante,4316006,2023
402816,Ronda Alta,4316105,2023
227716,Rondinha,4316204,2023
396753,Roque Gonzales,4316303,2023
1498313,Rosário do Sul,4316402,2023
67102,Sagrada Família,4316428,2023
170089,Saldanha Marinho,4316436,2023
594921,Salto do Jacuí,4316451,2023
162260,Salvador das Missões,4316477,2023
395636,Salvador do Sul,4316501,2023
877957,Sananduva,4316600,2023
875561,Santa Bárbara do Sul,4316709,2023
91361,Santa Cecília do Sul,4316733,2023
427744,Santa Clara do Sul,4316758,2023
13396618,Santa Cruz do Sul,4316808,2023
10932024,Santa Maria,4316907,2023
271501,Santa Maria do Herval,4316956,2023
278310,Santa Margarida do Sul,4316972,2023
237629,Santana da Boa Vista,4317004,2023
3143614,Sant'Ana do Livramento,4317103,2023
4530356,Santa Rosa,4317202,2023
53742,Santa Tereza,4317251,2023
1990739,Santa Vitória do Palmar,4317301,2023
1861691,Santiago,4317400,2023
3379818,Santo Ângelo,4317509,2023
112425,Santo Antônio do Palma,4317558,2023
2178831,Santo Antônio da Patrulha,4317608,2023
433323,Santo Antônio das Missões,4317707,2023
166647,Santo Antônio do Planalto,4317756,2023
728450,Santo Augusto,4317806,2023
766616,Santo Cristo,4317905,2023
105537,Santo Expedito do Sul,4317954,2023
2550388,São Borja,4318002,2023
130564,São Domingos do Sul,4318051,2023
592569,São Francisco de Assis,4318101,2023
1202082,São Francisco de Paula,4318200,2023
2682926,São Gabriel,4318309,2023
712278,São Jerônimo,4318408,2023
198261,São João da Urtiga,4318424,2023
117973,São João do Polêsine,4318432,2023
113154,São Jorge,4318440,2023
76281,São José das Missões,4318457,2023
55694,São José do Herval,4318465,2023
149146,São José do Hortêncio,4318481,2023
214097,São José do Inhacorá,4318499,2023
1273464,São José do Norte,4318507,2023
426238,São José do Ouro,4318606,2023
111514,São José do Sul,4318614,2023
177177,São José dos Ausentes,4318622,2023
11740913,São Leopoldo,4318705,2023
1719596,São Lourenço do Sul,4318804,2023
1712990,São Luiz Gonzaga,4318903,2023
1488757,São Marcos,4319000,2023
304939,São Martinho,4319109,2023
211210,São Martinho da Serra,4319125,2023
517182,São Miguel das Missões,4319158,2023
178749,São Nicolau,4319208,2023
214703,São Paulo das Missões,4319307,2023
122651,São Pedro da Serra,4319356,2023
72911,São Pedro das Missões,4319364,2023
139485,São Pedro do Butiá,4319372,2023
505803,São Pedro do Sul,4319406,2023
1123568,São Sebastião do Caí,4319505,2023
1059509,São Sepé,4319604,2023
124878,São Valentim,4319703,2023
84857,São Valentim do Sul,4319711,2023
67841,São Valério do Sul,4319737,2023
105311,São Vendelino,4319752,2023
469886,São Vicente do Sul,4319802,2023
4674054,Sapiranga,4319901,2023
4729408,Sapucaia do Sul,4320008,2023
1427661,Sarandi,4320107,2023
827496,Seberi,4320206,2023
122595,Sede Nova,4320230,2023
181686,Segredo,4320263,2023
286810,Selbach,4320305,2023
93393,Senador Salgado Filho,4320321,2023
179897,Sentinela do Sul,4320354,2023
988516,Serafina Corrêa,4320404,2023
70329,Sério,4320453,2023
389514,Sertão,4320503,2023
344571,Sertão Santana,4320552,2023
77186,Sete de Setembro,4320578,2023
142412,Severiano de Almeida,4320602,2023
72204,Silveira Martins,4320651,2023
248267,Sinimbu,4320677,2023
523240,Sobradinho,4320701,2023
1312842,Soledade,4320800,2023
176254,Tabaí,4320859,2023
1870497,Tapejara,4320909,2023
584149,Tapera,4321006,2023
634090,Tapes,4321105,2023
1815775,Taquara,4321204,2023
1123745,Taquari,4321303,2023
188337,Taquaruçu do Sul,4321329,2023
135924,Tavares,4321352,2023
614914,Tenente Portela,4321402,2023
342570,Terra de Areia,4321436,2023
2003351,Teutônia,4321451,2023
173559,Tio Hugo,4321469,2023
162975,Tiradentes do Sul,4321477,2023
82304,Toropi,4321493,2023
1835529,Torres,4321501,2023
1579725,Tramandaí,4321600,2023
86078,Travesseiro,4321626,2023
134291,Três Arroios,4321634,2023
372783,Três Cachoeiras,4321667,2023
1046073,Três Coroas,4321709,2023
1525082,Três de Maio,4321808,2023
79197,Três Forquilhas,4321832,2023
165901,Três Palmeiras,4321857,2023
1228032,Três Passos,4321907,2023
403531,Trindade do Sul,4321956,2023
7571335,Triunfo,4322004,2023
231162,Tucunduva,4322103,2023
94250,Tunas,4322152,2023
79798,Tupanci do Sul,4322186,2023
1275254,Tupanciretã,4322202,2023
604244,Tupandi,4322251,2023
375006,Tuparendi,4322301,2023
161326,Turuçu,4322327,2023
73526,Ubiretama,4322343,2023
64313,União da Serra,4322350,2023
71038,Unistalda,4322376,2023
3915554,Uruguaiana,4322400,2023
3701333,Vacaria,4322509,2023
156860,Vale Verde,4322525,2023
380489,Vale do Sol,4322533,2023
298091,Vale Real,4322541,2023
81724,Vanini,4322558,2023
4683134,Venâncio Aires,4322608,2023
1126736,Vera Cruz,4322707,2023
2395417,Veranópolis,4322806,2023
104348,Vespasiano Corrêa,4322855,2023
191223,Viadutos,4322905,2023
5545184,Viamão,4323002,2023
147864,Vicente Dutra,4323101,2023
235754,Victor Graeff,4323200,2023
376709,Vila Flores,4323309,2023
155271,Vila Lângaro,4323358,2023
393600,Vila Maria,4323408,2023
217498,Vila Nova do Sul,4323457,2023
137185,Vista Alegre,4323507,2023
76367,Vista Alegre do Prata,4323606,2023
94256,Vista Gaúcha,4323705,2023
89071,Vitória das Missões,4323754,2023
234678,Westfália,4323770,2023
914704,Xangri,4323804,2023
1544633,Água Clara,5000203,2023
384368,Alcinópolis,5000252,2023
2426261,Amambai,5000609,2023
783841,Anastácio,5000708,2023
623710,Anaurilândia,5000807,2023
1243471,Angélica,5000856,2023
851781,Antônio João,5000906,2023
2189222,Aparecida do Taboado,5001003,2023
1437451,Aquidauana,5001102,2023
1348752,Aral Moreira,5001243,2023
1001346,Bandeirantes,5001508,2023
1841917,Bataguassu,5001904,2023
784829,Batayporã,5002001,2023
1176300,Bela Vista,5002100,2023
386420,Bodoquena,5002159,2023
1586577,Bonito,5002209,2023
1159417,Brasilândia,5002308,2023
2553085,Caarapó,5002407,2023
872276,Camapuã,5002605,2023
42269768,Campo Grande,5002704,2023
251148,Caracol,5002803,2023
1059973,Cassilândia,5002902,2023
3329527,Chapadão do Sul,5002951,2023
172551,Corguinho,5003108,2023
388241,Coronel Sapucaia,5003157,2023
4187429,Corumbá,5003207,2023
3341491,Costa Rica,5003256,2023
1400833,Coxim,5003306,2023
712633,Deodápolis,5003454,2023
456777,Dois Irmãos do Buriti,5003488,2023
259999,Douradina,5003504,2023
20257953,Dourados,5003702,2023
704592,Eldorado,5003751,2023
769333,Fátima do Sul,5003801,2023
186835,Figueirão,5003900,2023
449930,Glória de Dourados,5004007,2023
477600,Guia Lopes da Laguna,5004106,2023
962593,Iguatemi,5004304,2023
946307,Inocência,5004403,2023
1525654,Itaporã,5004502,2023
1546553,Itaquiraí,5004601,2023
2005469,Ivinhema,5004700,2023
242175,Japorã,5004809,2023
717701,Jaraguari,5004908,2023
1130237,Jardim,5005004,2023
729978,Jateí,5005103,2023
517930,Juti,5005152,2023
420685,Ladário,5005202,2023
1257650,Laguna Carapã,5005251,2023
5921262,Maracaju,5005400,2023
782435,Miranda,5005608,2023
1018195,Mundo Novo,5005681,2023
3670207,Naviraí,5005707,2023
618784,Nioaque,5005806,2023
2592615,Nova Alvorada do Sul,5006002,2023
3568745,Nova Andradina,5006200,2023
450886,Novo Horizonte do Sul,5006259,2023
1389706,Paraíso das Águas,5006275,2023
2012106,Paranaíba,5006309,2023
371183,Paranhos,5006358,2023
460934,Pedro Gomes,5006408,2023
6069790,Ponta Porã,5006606,2023
571511,Porto Murtinho,5006903,2023
3353286,Ribas do Rio Pardo,5007109,2023
3833911,Rio Brilhante,5007208,2023
170386,Rio Negro,5007307,2023
926597,Rio Verde de Mato Grosso,5007406,2023
352337,Rochedo,5007505,2023
642967,Santa Rita do Pardo,5007554,2023
2883850,São Gabriel do Oeste,5007695,2023
493949,Sete Quedas,5007703,2023
2691218,Selvíria,5007802,2023
4102346,Sidrolândia,5007901,2023
1489093,Sonora,5007935,2023
378151,Tacuru,5007950,2023
215369,Taquarussu,5007976,2023
1348544,Terenos,5008008,2023
14761816,Três Lagoas,5008305,2023
384734,Vicentina,5008404,2023
169373,Acorizal,5100102,2023
2479715,Água Boa,5100201,2023
3034593,Alta Floresta,5100250,2023
2036609,Alto Araguaia,5100300,2023
307732,Alto Boa Vista,5100359,2023
1233308,Alto Garças,5100409,2023
171251,Alto Paraguai,5100508,2023
1194826,Alto Taquari,5100607,2023
291453,Apiacás,5100805,2023
169005,Araguaiana,5101001,2023
31097,Araguainha,5101209,2023
864362,Araputanga,5101258,2023
325467,Arenápolis,5101308,2023
1451936,Aripuanã,5101407,2023
143657,Barão de Melgaço,5101605,2023
1774198,Barra do Bugres,5101704,2023
3537696,Barra do Garças,5101803,2023
1001994,Bom Jesus do Araguaia,5101852,2023
2668091,Brasnorte,5101902,2023
2795729,Cáceres,5102504,2023
614856,Campinápolis,5102603,2023
7917233,Campo Novo do Parecis,5102637,2023
5099105,Campo Verde,5102678,2023
2905079,Campos de Júlio,5102686,2023
299035,Canabrava do Norte,5102694,2023
3000654,Canarana,5102702,2023
423098,Carlinda,5102793,2023
261557,Castanheira,5102850,2023
1817596,Chapada dos Guimarães,5103007,2023
1192573,Cláudia,5103056,2023
363690,Cocalinho,5103106,2023
1958222,Colíder,5103205,2023
852175,Colniza,5103254,2023
1088026,Comodoro,5103304,2023
1967776,Confresa,5103353,2023
179152,Conquista D'Oeste,5103361,2023
327751,Cotriguaçu,5103379,2023
39050753,Cuiabá,5103403,2023
135779,Curvelândia,5103437,2023
777254,Denise,5103452,2023
5741878,Diamantino,5103502,2023
724834,Dom Aquino,5103601,2023
1151311,Feliz Natal,5103700,2023
112557,Figueirópolis D'Oeste,5103809,2023
1385921,Gaúcha do Norte,5103858,2023
506493,General Carneiro,5103908,2023
115168,Glória D'Oeste,5103957,2023
1286329,Guarantã do Norte,5104104,2023
706016,Guiratinga,5104203,2023
109660,Indiavaí,5104500,2023
2175037,Ipiranga do Norte,5104526,2023
856166,Itanhangá,5104542,2023
666707,Itaúba,5104559,2023
2049319,Itiquira,5104609,2023
1711568,Jaciara,5104807,2023
210301,Jangada,5104906,2023
371424,Jauru,5105002,2023
1859025,Juara,5105101,2023
1845536,Juína,5105150,2023
386051,Juruena,5105176,2023
555049,Juscimeira,5105200,2023
284219,Lambari D'Oeste,5105234,2023
8238966,Lucas do Rio Verde,5105259,2023
95374,Luciara,5105309,2023
946663,Vila Bela da Santíssima Trindade,5105507,2023
1029292,Marcelândia,5105580,2023
1790694,Matupá,5105606,2023
1163379,Mirassol d'Oeste,5105622,2023
1492553,Nobres,5105903,2023
399399,Nortelândia,5106000,2023
433626,Nossa Senhora do Livramento,5106109,2023
506046,Nova Bandeirantes,5106158,2023
183702,Nova Nazaré,5106174,2023
486837,Nova Lacerda,5106182,2023
483791,Nova Santa Helena,5106190,2023
216720,Nova Brasilândia,5106208,2023
1057942,Nova Canaã do Norte,5106216,2023
7647129,Nova Mutum,5106224,2023
771964,Nova Olímpia,5106232,2023
3184847,Nova Ubiratã,5106240,2023
1185192,Nova Xavantina,5106257,2023
626984,Novo Mundo,5106265,2023
132646,Novo Horizonte do Norte,5106273,2023
930872,Novo São Joaquim,5106281,2023
833109,Paranaíta,5106299,2023
2920746,Paranatinga,5106307,2023
71503,Novo Santo Antônio,5106315,2023
1490775,Pedra Preta,5106372,2023
1146389,Peixoto de Azevedo,5106422,2023
296060,Planalto da Serra,5106455,2023
861874,Poconé,5106505,2023
244682,Pontal do Araguaia,5106653,2023
49856,Ponte Branca,5106703,2023
2856805,Pontes e Lacerda,5106752,2023
558330,Porto Alegre do Norte,5106778,2023
1444695,Porto dos Gaúchos,5106802,2023
323734,Porto Esperidião,5106828,2023
99847,Porto Estrela,5106851,2023
1242007,Poxoréu,5107008,2023
8571209,Primavera do Leste,5107040,2023
3771292,Querência,5107065,2023
550358,São José dos Quatro Marcos,5107107,2023
54024,Reserva do Cabaçal,5107156,2023
814506,Ribeirão Cascalheira,5107180,2023
192864,Ribeirãozinho,5107198,2023
129895,Rio Branco,5107206,2023
1133113,Santa Carmem,5107248,2023
193731,Santo Afonso,5107263,2023
70176,São José do Povo,5107297,2023
1683036,São José do Rio Claro,5107305,2023
843182,São José do Xingu,5107354,2023
81085,São Pedro da Cipa,5107404,2023
135694,Rondolândia,5107578,2023
16568250,Rondonópolis,5107602,2023
650377,Rosário Oeste,5107701,2023
601239,Santa Cruz do Xingu,5107743,2023
120131,Salto do Céu,5107750,2023
1341337,Santa Rita do Trivelato,5107768,2023
306137,Santa Terezinha,5107776,2023
1313632,Santo Antônio do Leste,5107792,2023
743717,Santo Antônio de Leverger,5107800,2023
2351792,São Félix do Araguaia,5107859,2023
6410247,Sapezal,5107875,2023
160052,Serra Nova Dourada,5107883,2023
11736047,Sinop,5107909,2023
13748757,Sorriso,5107925,2023
1540339,Tabaporã,5107941,2023
5602200,Tangará da Serra,5107958,2023
2467467,Tapurah,5108006,2023
571448,Terra Nova do Norte,5108055,2023
326968,Tesouro,5108105,2023
241589,Torixoréu,5108204,2023
601637,União do Sul,5108303,2023
81318,Vale de São Domingos,5108352,2023
13984218,Várzea Grande,5108402,2023
1504304,Vera,5108501,2023
920621,Vila Rica,5108600,2023
236922,Nova Guarita,5108808,2023
551799,Nova Marilândia,5108857,2023
1490869,Nova Maringá,5108907,2023
441951,Nova Monte Verde,5108956,2023
477983,Abadia de Goiás,5200050,2023
633025,Abadiânia,5200100,2023
1188179,Acreúna,5200134,2023
59486,Adelândia,5200159,2023
476288,Água Fria de Goiás,5200175,2023
74935,Água Limpa,5200209,2023
3062185,Águas Lindas de Goiás,5200258,2023
1832281,Alexânia,5200308,2023
66408,Aloândia,5200506,2023
623006,Alto Horizonte,5200555,2023
408322,Alto Paraíso de Goiás,5200605,2023
223109,Alvorada do Norte,5200803,2023
124601,Amaralina,5200829,2023
106099,Americano do Brasil,5200852,2023
130845,Amorinópolis,5200902,2023
20432109,Anápolis,5201108,2023
26738,Anhanguera,5201207,2023
730524,Anicuns,5201306,2023
20888937,Aparecida de Goiânia,5201405,2023
151337,Aparecida do Rio Doce,5201454,2023
518582,Aporé,5201504,2023
87232,Araçu,5201603,2023
360573,Aragarças,5201702,2023
237889,Aragoiânia,5201801,2023
252818,Araguapaz,5202155,2023
268947,Arenópolis,5202353,2023
379921,Aruanã,5202502,2023
111363,Aurilândia,5202601,2023
83608,Avelinópolis,5202809,2023
175462,Baliza,5203104,2023
1686187,Barro Alto,5203203,2023
1983166,Bela Vista de Goiás,5203302,2023
418166,Bom Jardim de Goiás,5203401,2023
1512295,Bom Jesus de Goiás,5203500,2023
158520,Bonfinópolis,5203559,2023
282294,Bonópolis,5203575,2023
106412,Brazabrantes,5203609,2023
305497,Britânia,5203807,2023
561621,Buriti Alegre,5203906,2023
78971,Buriti de Goiás,5203939,2023
68010,Buritinópolis,5203962,2023
484328,Cabeceiras,5204003,2023
365150,Cachoeira Alta,5204102,2023
45522,Cachoeira de Goiás,5204201,2023
890576,Cachoeira Dourada,5204250,2023
1219984,Caçu,5204300,2023
1456338,Caiapônia,5204409,2023
3782024,Caldas Novas,5204508,2023
103502,Caldazinha,5204557,2023
78260,Campestre de Goiás,5204607,2023
135965,Campinaçu,5204656,2023
422671,Campinorte,5204706,2023
964885,Campo Alegre de Goiás,5204805,2023
237751,Campo Limpo de Goiás,5204854,2023
404844,Campos Belos,5204904,2023
80964,Campos Verdes,5204953,2023
543627,Carmo do Rio Verde,5205000,2023
140321,Castelândia,5205059,2023
10345993,Catalão,5205109,2023
126676,Caturaí,5205208,2023
373219,Cavalcante,5205307,2023
986057,Ceres,5205406,2023
533170,Cezarina,5205455,2023
2486006,Chapadão do Céu,5205471,2023
1351013,Cidade Ocidental,5205497,2023
530183,Cocalzinho de Goiás,5205513,2023
87397,Colinas do Sul,5205521,2023
87370,Córrego do Ouro,5205703,2023
340461,Corumbá de Goiás,5205802,2023
1081678,Corumbaíba,5205901,2023
5707718,Cristalina,5206206,2023
134732,Cristianópolis,5206305,2023
611859,Crixás,5206404,2023
140959,Cromínia,5206503,2023
115381,Cumari,5206602,2023
59529,Damianópolis,5206701,2023
60604,Damolândia,5206800,2023
496504,Davinópolis,5206909,2023
121731,Diorama,5207105,2023
682108,Doverlândia,5207253,2023
516263,Edealina,5207352,2023
1196283,Edéia,5207402,2023
113691,Estrela do Norte,5207501,2023
211347,Faina,5207535,2023
248809,Fazenda Nova,5207600,2023
351013,Firminópolis,5207808,2023
287569,Flores de Goiás,5207907,2023
3918239,Formosa,5208004,2023
133520,Formoso,5208103,2023
244382,Gameleira de Goiás,5208152,2023
113665,Divinópolis de Goiás,5208301,2023
396359,Goianápolis,5208400,2023
210732,Goiandira,5208509,2023
2691742,Goianésia,5208608,2023
75780846,Goiânia,5208707,2023
1604687,Goianira,5208806,2023
793947,Goiás,5208905,2023
2725200,Goiatuba,5209101,2023
338160,Gouvelândia,5209150,2023
497334,Guapó,5209200,2023
60565,Guaraíta,5209291,2023
100115,Guarani de Goiás,5209408,2023
73547,Guarinos,5209457,2023
96557,Heitoraí,5209606,2023
1528149,Hidrolândia,5209705,2023
110997,Hidrolina,5209804,2023
265592,Iaciara,5209903,2023
373361,Inaciolândia,5209937,2023
754047,Indiara,5209952,2023
1880643,Inhumas,5210000,2023
2797965,Ipameri,5210109,2023
95822,Ipiranga de Goiás,5210158,2023
1227631,Iporá,5210208,2023
90980,Israelândia,5210307,2023
2305609,Itaberaí,5210406,2023
126630,Itaguari,5210562,2023
119889,Itaguaru,5210604,2023
188306,Itajá,5210802,2023
599908,Itapaci,5210901,2023
300251,Itapirapuã,5211008,2023
734913,Itapuranga,5211206,2023
412359,Itarumã,5211305,2023
359651,Itauçu,5211404,2023
6555376,Itumbiara,5211503,2023
145722,Ivolândia,5211602,2023
446723,Jandaia,5211701,2023
1205296,Jaraguá,5211800,2023
10026117,Jataí,5211909,2023
112607,Jaupaci,5212006,2023
51232,Jesúpolis,5212055,2023
423165,Joviânia,5212105,2023
884366,Jussara,5212204,2023
67251,Lagoa Santa,5212253,2023
452342,Leopoldo de Bulhões,5212303,2023
6264671,Luziânia,5212501,2023
101348,Mairipotaba,5212600,2023
139650,Mambaí,5212709,2023
411528,Mara Rosa,5212808,2023
76281,Marzagão,5212907,2023
225035,Matrinchã,5212956,2023
327508,Maurilândia,5213004,2023
179168,Mimoso de Goiás,5213053,2023
1286497,Minaçu,5213087,2023
4536325,Mineiros,5213103,2023
73136,Moiporá,5213400,2023
141790,Monte Alegre de Goiás,5213509,2023
818049,Montes Claros de Goiás,5213707,2023
1619839,Montividiu,5213756,2023
124015,Montividiu do Norte,5213772,2023
2524023,Morrinhos,5213806,2023
68988,Morro Agudo de Goiás,5213855,2023
170963,Mossâmedes,5213905,2023
1366986,Mozarlândia,5214002,2023
319880,Mundo Novo,5214051,2023
105711,Mutunópolis,5214101,2023
313258,Nazário,5214408,2023
1548492,Nerópolis,5214507,2023
1516123,Niquelândia,5214606,2023
60721,Nova América,5214705,2023
71369,Nova Aurora,5214804,2023
932185,Nova Crixás,5214838,2023
196168,Nova Glória,5214861,2023
72975,Nova Iguaçu de Goiás,5214879,2023
80910,Nova Roma,5214903,2023
261701,Nova Veneza,5215009,2023
105687,Novo Brasil,5215207,2023
1349983,Novo Gama,5215231,2023
190862,Novo Planalto,5215256,2023
1147584,Orizona,5215306,2023
217326,Ouro Verde de Goiás,5215405,2023
486717,Ouvidor,5215504,2023
1036141,Padre Bernardo,5215603,2023
259528,Palestina de Goiás,5215652,2023
2083486,Palmeiras de Goiás,5215702,2023
58941,Palmelo,5215801,2023
233772,Palminópolis,5215900,2023
207977,Panamá,5216007,2023
317830,Paranaiguara,5216304,2023
1824836,Paraúna,5216403,2023
790811,Perolândia,5216452,2023
244843,Petrolina de Goiás,5216809,2023
121147,Pilar de Goiás,5216908,2023
1311747,Piracanjuba,5217104,2023
953112,Piranhas,5217203,2023
830089,Pirenópolis,5217302,2023
1928362,Pires do Rio,5217401,2023
1939904,Planaltina,5217609,2023
840052,Pontalina,5217708,2023
2072827,Porangatu,5218003,2023
388339,Porteirão,5218052,2023
305584,Portelândia,5218102,2023
938125,Posse,5218300,2023
86823,Professor Jamil,5218391,2023
3123504,Quirinópolis,5218508,2023
410814,Rialma,5218607,2023
125402,Rianápolis,5218706,2023
579154,Rio Quente,5218789,2023
22310032,Rio Verde,5218805,2023
767419,Rubiataba,5218904,2023
279278,Sanclerlândia,5219001,2023
183431,Santa Bárbara de Goiás,5219100,2023
293229,Santa Cruz de Goiás,5219209,2023
350881,Santa Fé de Goiás,5219258,2023
1995752,Santa Helena de Goiás,5219308,2023
147694,Santa Isabel,5219357,2023
216189,Santa Rita do Araguaia,5219407,2023
179620,Santa Rita do Novo Destino,5219456,2023
100777,Santa Rosa de Goiás,5219506,2023
105474,Santa Tereza de Goiás,5219605,2023
259907,Santa Terezinha de Goiás,5219704,2023
329277,Santo Antônio da Barra,5219712,2023
200106,Santo Antônio de Goiás,5219738,2023
972899,Santo Antônio do Descoberto,5219753,2023
276813,São Domingos,5219803,2023
173869,São Francisco de Goiás,5219902,2023
597270,São João d'Aliança,5220009,2023
148707,São João da Paraúna,5220058,2023
2008425,São Luís de Montes Belos,5220108,2023
221723,São Luiz do Norte,5220157,2023
880802,São Miguel do Araguaia,5220207,2023
337469,São Miguel do Passa Quatro,5220264,2023
66124,São Patrício,5220280,2023
2537275,São Simão,5220405,2023
5495055,Senador Canedo,5220454,2023
819680,Serranópolis,5220504,2023
1594191,Silvânia,5220603,2023
233339,Simolândia,5220686,2023
104248,Sítio d'Abadia,5220702,2023
97090,Taquaral de Goiás,5221007,2023
47499,Teresina de Goiás,5221080,2023
258448,Terezópolis de Goiás,5221197,2023
96756,Três Ranchos,5221304,2023
3631624,Trindade,5221403,2023
82138,Trombas,5221452,2023
359274,Turvânia,5221502,2023
757326,Turvelândia,5221551,2023
86672,Uirapuru,5221577,2023
1637352,Uruaçu,5221601,2023
405664,Uruana,5221700,2023
152304,Urutaí,5221809,2023
3621840,Valparaíso de Goiás,5221858,2023
122376,Varjão,5221908,2023
914943,Vianópolis,5222005,2023
677600,Vicentinópolis,5222054,2023
201846,Vila Boa,5222203,2023
444209,Vila Propício,5222302,2023
365669108,Brasília,5300108,2023
