NC,NN,MC,MN,V,D1C,D1N,D2C,D2N,D3C,D3N
6,Município,40,Mil Reais,1046343,1100015,Alta Floresta D'Oeste - RO,2023,2023,37,Produto Interno Bruto a preços correntes
6,Município,40,Mil Reais,4383815,1100023,Ariquemes - RO,2023,2023,37,Produto Interno Bruto a preços correntes
6,Município,40,Mil Reais,300832,1100031,Cabixi - RO,2023,2023,37,Produto Interno Bruto a preços correntes
6,Município,40,Mil Reais,3848468,1100049,Cacoal - RO,2023,2023,37,Produto Interno Bruto a preços correntes
6,Município,40,Mil Reais,1006389,1100056,Cerejeiras - RO,2023,2023,37,Produto Interno Bruto a preços correntes
6,Município,40,Mil Reais,580899,1100064,Colorado do Oeste - RO,2023,2023,37,Produto Interno Bruto a preços correntes
6,Município,40,Mil Reais,509566,1100072,Corumbiara - RO,2023,2023,37,Produto Interno Bruto a preços correntes
6,Município,40,Mil Reais,413943,1100080,Costa Marques - RO,2023,2023,37,Produto Interno Bruto a preços correntes
6,Município,40,Mil Reais,1023973,1100098,Espigão D'Oeste - RO,2023,2023,37,Produto Interno Bruto a preços correntes
6,Município,40,Mil Reais,1145034,1100106,Guajará-Mirim - RO,2023,2023,37,Produto Interno Bruto a preços correntes
6,Município,40,Mil Reais,2515558,1100114,Jaru - RO,2023,2023,37,Produto Interno Bruto a preços correntes
6,Município,40,Mil Reais,5824472,1100122,Ji-Paraná - RO,2023,2023,37,Produto Interno Bruto a preços correntes
6,Município,40,Mil Reais,1055806,1100130,Machadinho D'Oeste - RO,2023,2023,37,Produto Interno Bruto a preços correntes
6,Município,40,Mil Reais,731952,1100148,Nova Brasilândia D'Oeste - RO,2023,2023,37,Produto Interno Bruto a preços correntes
6,Município,40,Mil Reais,1275479,1100155,Ouro Preto do Oeste - RO,2023,2023,37,Produto Interno Bruto a preços correntes
6,Município,40,Mil Reais,2124340,1100189,Pimenta Bueno - RO,2023,2023,37,Produto Interno Bruto a preços correntes
6,Município,40,Mil Reais,25402193,1100205,Porto Velho - RO,2023,2023,37,Produto Interno Bruto a preços correntes
6,Município,40,Mil Reais,776281,1100254,Presidente Médici - RO,2023,2023,37,Produto Interno Bruto a preços correntes
6,Município,40,Mil Reais,265160,1100262,Rio Crespo - RO,2023,2023,37,Produto Interno Bruto a preços correntes
6,Município,40,Mil Reais,2287631,1100288,Rolim de Moura - RO,2023,2023,37,Produto Interno Bruto a preços correntes
6,Município,40,Mil Reais,291887,1100296,Santa Luzia D'Oeste - RO,2023,2023,37,Produto Interno Bruto a preços correntes
6,Município,40,Mil Reais,5115785,1100304,Vilhena - RO,2023,2023,37,Produto Interno Bruto a preços correntes
6,Município,40,Mil Reais,1549192,1100320,São Miguel do Guaporé - RO,2023,2023,37,Produto Interno Bruto a preços correntes
6,Município,40,Mil Reais,1060566,1100338,Nova Mamoré - RO,2023,2023,37,Produto Interno Bruto a preços correntes
6,Município,40,Mil Reais,486626,1100346,Alvorada D'Oeste - RO,2023,2023,37,Produto Interno Bruto a preços correntes
6,Município,40,Mil Reais,575129,1100379,Alto Alegre dos Parecis - RO,2023,2023,37,Produto Interno Bruto a preços correntes
6,Município,40,Mil Reais,667923,1100403,Alto Paraíso - RO,2023,2023,37,Produto Interno Bruto a preços correntes
6,Município,40,Mil Reais,1221008,1100452,Buritis - RO,2023,2023,37,Produto Interno Bruto a preços correntes
6,Município,40,Mil Reais,331958,1100502,Novo Horizonte do Oeste - RO,2023,2023,37,Produto Interno Bruto a preços correntes
6,Município,40,Mil Reais,238989,1100601,Cacaulândia - RO,2023,2023,37,Produto Interno Bruto a preços correntes
6,Município,40,Mil Reais,455251,1100700,Campo Novo de Rondônia - RO,2023,2023,37,Produto Interno Bruto a preços correntes
6,Município,40,Mil Reais,1001610,1100809,Candeias do Jamari - RO,2023,2023,37,Produto Interno Bruto a preços correntes
6,Município,40,Mil Reais,138594,1100908,Castanheiras - RO,2023,2023,37,Produto Interno Bruto a preços correntes
6,Município,40,Mil Reais,673990,1100924,Chupinguaia - RO,2023,2023,37,Produto Interno Bruto a preços correntes
6,Município,40,Mil Reais,582148,1100940,Cujubim - RO,2023,2023,37,Produto Interno Bruto a preços correntes
6,Município,40,Mil Reais,320123,1101005,Governador Jorge Teixeira - RO,2023,2023,37,Produto Interno Bruto a preços correntes
6,Município,40,Mil Reais,340162,1101104,Itapuã do Oeste - RO,2023,2023,37,Produto Interno Bruto a preços correntes
6,Município,40,Mil Reais,440282,1101203,Ministro Andreazza - RO,2023,2023,37,Produto Interno Bruto a preços correntes
6,Município,40,Mil Reais,380179,1101302,Mirante da Serra - RO,2023,2023,37,Produto Interno Bruto a preços correntes
6,Município,40,Mil Reais,526990,1101401,Monte Negro - RO,2023,2023,37,Produto Interno Bruto a preços correntes
6,Município,40,Mil Reais,193557,1101435,Nova União - RO,2023,2023,37,Produto Interno Bruto a preços correntes
6,Município,40,Mil Reais,201510,1101450,Parecis - RO,2023,2023,37,Produto Interno Bruto a preços correntes
6,Município,40,Mil Reais,355185,1101468,Pimenteiras do Oeste - RO,2023,2023,37,Produto Interno Bruto a preços correntes
6,Município,40,Mil Reais,131193,1101476,Primavera de Rondônia - RO,2023,2023,37,Produto Interno Bruto a preços correntes
6,Município,40,Mil Reais,177906,1101484,São Felipe D'Oeste - RO,2023,2023,37,Produto Interno Bruto a preços correntes
6,Município,40,Mil Reais,716411,1101492,São Francisco do Guaporé - RO,2023,2023,37,Produto Interno Bruto a preços correntes
6,Município,40,Mil Reais,446997,1101500,Seringueiras - RO,2023,2023,37,Produto Interno Bruto a preços correntes
6,Município,40,Mil Reais,156426,1101559,Teixeirópolis - RO,2023,2023,37,Produto Interno Bruto a preços correntes
6,Município,40,Mil Reais,307754,1101609,Theobroma - RO,2023,2023,37,Produto Interno Bruto a preços correntes
6,Município,40,Mil Reais,370214,1101708,Urupá - RO,2023,2023,37,Produto Interno Bruto a preços correntes
6,Município,40,Mil Reais,257311,1101757,Vale do Anari - RO,2023,2023,37,Produto Interno Bruto a preços correntes
6,Município,40,Mil Reais,225187,1101807,Vale do Paraíso - RO,2023,2023,37,Produto Interno Bruto a preços correntes
6,Município,40,Mil Reais,502663,1200013,Acrelândia - AC,2023,2023,37,Produto Interno Bruto a preços correntes
6,Município,40,Mil Reais,187366,1200054,Assis Brasil - AC,2023,2023,37,Produto Interno Bruto a preços correntes
6,Município,40,Mil Reais,929800,1200104,Brasiléia - AC,2023,2023,37,Produto Interno Bruto a preços correntes
6,Município,40,Mil Reais,365419,1200138,Bujari - AC,2023,2023,37,Produto Interno Bruto a preços correntes
6,Município,40,Mil Reais,530657,1200179,Capixaba - AC,2023,2023,37,Produto Interno Bruto a preços correntes
6,Município,40,Mil Reais,2680143,1200203,Cruzeiro do Sul - AC,2023,2023,37,Produto Interno Bruto a preços correntes
6,Município,40,Mil Reais,793427,1200252,Epitaciolândia - AC,2023,2023,37,Produto Interno Bruto a preços correntes
6,Município,40,Mil Reais,741344,1200302,Feijó - AC,2023,2023,37,Produto Interno Bruto a preços correntes
6,Município,40,Mil Reais,150648,1200328,Jordão - AC,2023,2023,37,Produto Interno Bruto a preços correntes
6,Município,40,Mil Reais,339224,1200336,Mâncio Lima - AC,2023,2023,37,Produto Interno Bruto a preços correntes
6,Município,40,Mil Reais,262614,1200344,Manoel Urbano - AC,2023,2023,37,Produto Interno Bruto a preços correntes
6,Município,40,Mil Reais,288045,1200351,Marechal Thaumaturgo - AC,2023,2023,37,Produto Interno Bruto a preços correntes
6,Município,40,Mil Reais,764818,1200385,Plácido de Castro - AC,2023,2023,37,Produto Interno Bruto a preços correntes
6,Município,40,Mil Reais,200512,1200393,Porto Walter - AC,2023,2023,37,Produto Interno Bruto a preços correntes
6,Município,40,Mil Reais,12960966,1200401,Rio Branco - AC,2023,2023,37,Produto Interno Bruto a preços correntes
6,Município,40,Mil Reais,293645,1200427,Rodrigues Alves - AC,2023,2023,37,Produto Interno Bruto a preços correntes
6,Município,40,Mil Reais,124070,1200435,Santa Rosa do Purus - AC,2023,2023,37,Produto Interno Bruto a preços correntes
6,Município,40,Mil Reais,1111821,1200450,Senador Guiomard - AC,2023,2023,37,Produto Interno Bruto a preços correntes
6,Município,40,Mil Reais,972648,1200500,Sena Madureira - AC,2023,2023,37,Produto Interno Bruto a preços correntes
6,Município,40,Mil Reais,932080,1200609,Tarauacá - AC,2023,2023,37,Produto Interno Bruto a preços correntes
6,Município,40,Mil Reais,626026,1200708,Xapuri - AC,2023,2023,37,Produto Interno Bruto a preços correntes
6,Município,40,Mil Reais,533386,1200807,Porto Acre - AC,2023,2023,37,Produto Interno Bruto a preços correntes
6,Município,40,Mil Reais,242584,1300029,Alvarães - AM,2023,2023,37,Produto Interno Bruto a preços correntes
6,Município,40,Mil Reais,134732,1300060,Amaturá - AM,2023,2023,37,Produto Interno Bruto a preços correntes
6,Município,40,Mil Reais,154694,1300086,Anamã - AM,2023,2023,37,Produto Interno Bruto a preços correntes
6,Município,40,Mil Reais,297171,1300102,Anori - AM,2023,2023,37,Produto Interno Bruto a preços correntes
6,Município,40,Mil Reais,386133,1300144,Apuí - AM,2023,2023,37,Produto Interno Bruto a preços correntes
6,Município,40,Mil Reais,206769,1300201,Atalaia do Norte - AM,2023,2023,37,Produto Interno Bruto a preços correntes
6,Município,40,Mil Reais,584990,1300300,Autazes - AM,2023,2023,37,Produto Interno Bruto a preços correntes
6,Município,40,Mil Reais,242100,1300409,Barcelos - AM,2023,2023,37,Produto Interno Bruto a preços correntes
6,Município,40,Mil Reais,398068,1300508,Barreirinha - AM,2023,2023,37,Produto Interno Bruto a preços correntes
6,Município,40,Mil Reais,469445,1300607,Benjamin Constant - AM,2023,2023,37,Produto Interno Bruto a preços correntes
6,Município,40,Mil Reais,262121,1300631,Beruri - AM,2023,2023,37,Produto Interno Bruto a preços correntes
6,Município,40,Mil Reais,243779,1300680,Boa Vista do Ramos - AM,2023,2023,37,Produto Interno Bruto a preços correntes
6,Município,40,Mil Reais,661735,1300706,Boca do Acre - AM,2023,2023,37,Produto Interno Bruto a preços correntes
6,Município,40,Mil Reais,435684,1300805,Borba - AM,2023,2023,37,Produto Interno Bruto a preços correntes
6,Município,40,Mil Reais,219112,1300839,Caapiranga - AM,2023,2023,37,Produto Interno Bruto a preços correntes
6,Município,40,Mil Reais,208247,1300904,Canutama - AM,2023,2023,37,Produto Interno Bruto a preços correntes
6,Município,40,Mil Reais,433322,1301001,Carauari - AM,2023,2023,37,Produto Interno Bruto a preços correntes
6,Município,40,Mil Reais,436682,1301100,Careiro - AM,2023,2023,37,Produto Interno Bruto a preços correntes
6,Município,40,Mil Reais,418938,1301159,Careiro da Várzea - AM,2023,2023,37,Produto Interno Bruto a preços correntes
6,Município,40,Mil Reais,3893679,1301209,Coari - AM,2023,2023,37,Produto Interno Bruto a preços correntes
6,Município,40,Mil Reais,637713,1301308,Codajás - AM,2023,2023,37,Produto Interno Bruto a preços correntes
6,Município,40,Mil Reais,683640,1301407,Eirunepé - AM,2023,2023,37,Produto Interno Bruto a preços correntes
6,Município,40,Mil Reais,236124,1301506,Envira - AM,2023,2023,37,Produto Interno Bruto a preços correntes
6,Município,40,Mil Reais,324329,1301605,Fonte Boa - AM,2023,2023,37,Produto Interno Bruto a preços correntes
6,Município,40,Mil Reais,184646,1301654,Guajará - AM,2023,2023,37,Produto Interno Bruto a preços correntes
6,Município,40,Mil Reais,926065,1301704,Humaitá - AM,2023,2023,37,Produto Interno Bruto a preços correntes
6,Município,40,Mil Reais,247844,1301803,Ipixuna - AM,2023,2023,37,Produto Interno Bruto a preços correntes
6,Município,40,Mil Reais,1263496,1301852,Iranduba - AM,2023,2023,37,Produto Interno Bruto a preços correntes
6,Município,40,Mil Reais,3321936,1301902,Itacoatiara - AM,2023,2023,37,Produto Interno Bruto a preços correntes
6,Município,40,Mil Reais,161777,1301951,Itamarati - AM,2023,2023,37,Produto Interno Bruto a preços correntes
6,Município,40,Mil Reais,196557,1302009,Itapiranga - AM,2023,2023,37,Produto Interno Bruto a preços correntes
6,Município,40,Mil Reais,145337,1302108,Japurá - AM,2023,2023,37,Produto Interno Bruto a preços correntes
6,Município,40,Mil Reais,147950,1302207,Juruá - AM,2023,2023,37,Produto Interno Bruto a preços correntes
6,Município,40,Mil Reais,394550,1302306,Jutaí - AM,2023,2023,37,Produto Interno Bruto a preços correntes
6,Município,40,Mil Reais,742982,1302405,Lábrea - AM,2023,2023,37,Produto Interno Bruto a preços correntes
6,Município,40,Mil Reais,1917413,1302504,Manacapuru - AM,2023,2023,37,Produto Interno Bruto a preços correntes
6,Município,40,Mil Reais,303947,1302553,Manaquiri - AM,2023,2023,37,Produto Interno Bruto a preços correntes
6,Município,40,Mil Reais,127649795,1302603,Manaus - AM,2023,2023,37,Produto Interno Bruto a preços correntes
6,Município,40,Mil Reais,926410,1302702,Manicoré - AM,2023,2023,37,Produto Interno Bruto a preços correntes
6,Município,40,Mil Reais,202680,1302801,Maraã - AM,2023,2023,37,Produto Interno Bruto a preços correntes
6,Município,40,Mil Reais,695907,1302900,Maués - AM,2023,2023,37,Produto Interno Bruto a preços correntes
6,Município,40,Mil Reais,239731,1303007,Nhamundá - AM,2023,2023,37,Produto Interno Bruto a preços correntes
6,Município,40,Mil Reais,354693,1303106,Nova Olinda do Norte - AM,2023,2023,37,Produto Interno Bruto a preços correntes
6,Município,40,Mil Reais,243316,1303205,Novo Airão - AM,2023,2023,37,Produto Interno Bruto a preços correntes
6,Município,40,Mil Reais,311737,1303304,Novo Aripuanã - AM,2023,2023,37,Produto Interno Bruto a preços correntes
6,Município,40,Mil Reais,1656949,1303403,Parintins - AM,2023,2023,37,Produto Interno Bruto a preços correntes
6,Município,40,Mil Reais,237839,1303502,Pauini - AM,2023,2023,37,Produto Interno Bruto a preços correntes
6,Município,40,Mil Reais,730303,1303536,Presidente Figueiredo - AM,2023,2023,37,Produto Interno Bruto a preços correntes
6,Município,40,Mil Reais,495858,1303569,Rio Preto da Eva - AM,2023,2023,37,Produto Interno Bruto a preços correntes
6,Município,40,Mil Reais,197857,1303601,Santa Isabel do Rio Negro - AM,2023,2023,37,Produto Interno Bruto a preços correntes
6,Município,40,Mil Reais,354277,1303700,Santo Antônio do Içá - AM,2023,2023,37,Produto Interno Bruto a preços correntes
6,Município,40,Mil Reais,584409,1303809,São Gabriel da Cachoeira - AM,2023,2023,37,Produto Interno Bruto a preços correntes
6,Município,40,Mil Reais,358400,1303908,São Paulo de Olivença - AM,2023,2023,37,Produto Interno Bruto a preços correntes
6,Município,40,Mil Reais,145515,1303957,São Sebastião do Uatumã - AM,2023,2023,37,Produto Interno Bruto a preços correntes
6,Município,40,Mil Reais,434235,1304005,Silves - AM,2023,2023,37,Produto Interno Bruto a preços correntes
6,Município,40,Mil Reais,849681,1304062,Tabatinga - AM,2023,2023,37,Produto Interno Bruto a preços correntes
6,Município,40,Mil Reais,318010,1304104,Tapauá - AM,2023,2023,37,Produto Interno Bruto a preços correntes
6,Município,40,Mil Reais,1619517,1304203,Tefé - AM,2023,2023,37,Produto Interno Bruto a preços correntes
6,Município,40,Mil Reais,214602,1304237,Tonantins - AM,2023,2023,37,Produto Interno Bruto a preços correntes
6,Município,40,Mil Reais,265246,1304260,Uarini - AM,2023,2023,37,Produto Interno Bruto a preços correntes
6,Município,40,Mil Reais,244547,1304302,Urucará - AM,2023,2023,37,Produto Interno Bruto a preços correntes
6,Município,40,Mil Reais,297173,1304401,Urucurituba - AM,2023,2023,37,Produto Interno Bruto a preços correntes
6,Município,40,Mil Reais,329100,1400027,Amajari - RR,2023,2023,37,Produto Interno Bruto a preços correntes
6,Município,40,Mil Reais,802540,1400050,Alto Alegre - RR,2023,2023,37,Produto Interno Bruto a preços correntes
6,Município,40,Mil Reais,18234169,1400100,Boa Vista - RR,2023,2023,37,Produto Interno Bruto a preços correntes
6,Município,40,Mil Reais,772903,1400159,Bonfim - RR,2023,2023,37,Produto Interno Bruto a preços correntes
6,Município,40,Mil Reais,498394,1400175,Cantá - RR,2023,2023,37,Produto Interno Bruto a preços correntes
6,Município,40,Mil Reais,637454,1400209,Caracaraí - RR,2023,2023,37,Produto Interno Bruto a preços correntes
6,Município,40,Mil Reais,317377,1400233,Caroebe - RR,2023,2023,37,Produto Interno Bruto a preços correntes
6,Município,40,Mil Reais,279559,1400282,Iracema - RR,2023,2023,37,Produto Interno Bruto a preços correntes
6,Município,40,Mil Reais,552044,1400308,Mucajaí - RR,2023,2023,37,Produto Interno Bruto a preços correntes
6,Município,40,Mil Reais,370956,1400407,Normandia - RR,2023,2023,37,Produto Interno Bruto a preços correntes
6,Município,40,Mil Reais,447421,1400456,Pacaraima - RR,2023,2023,37,Produto Interno Bruto a preços correntes
6,Município,40,Mil Reais,981040,1400472,Rorainópolis - RR,2023,2023,37,Produto Interno Bruto a preços correntes
6,Município,40,Mil Reais,425809,1400506,São João da Baliza - RR,2023,2023,37,Produto Interno Bruto a preços correntes
6,Município,40,Mil Reais,221585,1400605,São Luiz - RR,2023,2023,37,Produto Interno Bruto a preços correntes
6,Município,40,Mil Reais,254453,1400704,Uiramutã - RR,2023,2023,37,Produto Interno Bruto a preços correntes
6,Município,40,Mil Reais,2441092,1500107,Abaetetuba - PA,2023,2023,37,Produto Interno Bruto a preços correntes
6,Município,40,Mil Reais,131077,1500131,Abel Figueiredo - PA,2023,2023,37,Produto Interno Bruto a preços correntes
6,Município,40,Mil Reais,2111467,1500206,Acará - PA,2023,2023,37,Produto Interno Bruto a preços correntes
6,Município,40,Mil Reais,665557,1500305,Afuá - PA,2023,2023,37,Produto Interno Bruto a preços correntes
6,Município,40,Mil Reais,1047226,1500347,Água Azul do Norte - PA,2023,2023,37,Produto Interno Bruto a preços correntes
6,Município,40,Mil Reais,1578584,1500404,Alenquer - PA,2023,2023,37,Produto Interno Bruto a preços correntes
6,Município,40,Mil Reais,593847,1500503,Almeirim - PA,2023,2023,37,Produto Interno Bruto a preços correntes
6,Município,40,Mil Reais,3887894,1500602,Altamira - PA,2023,2023,37,Produto Interno Bruto a preços correntes
6,Município,40,Mil Reais,370838,1500701,Anajás - PA,2023,2023,37,Produto Interno Bruto a preços correntes
6,Município,40,Mil Reais,11473897,1500800,Ananindeua - PA,2023,2023,37,Produto Interno Bruto a preços correntes
6,Município,40,Mil Reais,715999,1500859,Anapu - PA,2023,2023,37,Produto Interno Bruto a preços correntes
6,Município,40,Mil Reais,490157,1500909,Augusto Corrêa - PA,2023,2023,37,Produto Interno Bruto a preços correntes
6,Município,40,Mil Reais,390415,1500958,Aurora do Pará - PA,2023,2023,37,Produto Interno Bruto a preços correntes
6,Município,40,Mil Reais,228317,1501006,Aveiro - PA,2023,2023,37,Produto Interno Bruto a preços correntes
6,Município,40,Mil Reais,329848,1501105,Bagre - PA,2023,2023,37,Produto Interno Bruto a preços correntes
6,Município,40,Mil Reais,799363,1501204,Baião - PA,2023,2023,37,Produto Interno Bruto a preços correntes
6,Município,40,Mil Reais,153995,1501253,Bannach - PA,2023,2023,37,Produto Interno Bruto a preços correntes
6,Município,40,Mil Reais,9190033,1501303,Barcarena - PA,2023,2023,37,Produto Interno Bruto a preços correntes
6,Município,40,Mil Reais,40536062,1501402,Belém - PA,2023,2023,37,Produto Interno Bruto a preços correntes
6,Município,40,Mil Reais,352844,1501451,Belterra - PA,2023,2023,37,Produto Interno Bruto a preços correntes
6,Município,40,Mil Reais,3338145,1501501,Benevides - PA,2023,2023,37,Produto Interno Bruto a preços correntes
6,Município,40,Mil Reais,336974,1501576,Bom Jesus do Tocantins - PA,2023,2023,37,Produto Interno Bruto a preços correntes
6,Município,40,Mil Reais,147258,1501600,Bonito - PA,2023,2023,37,Produto Interno Bruto a preços correntes
6,Município,40,Mil Reais,1977330,1501709,Bragança - PA,2023,2023,37,Produto Interno Bruto a preços correntes
6,Município,40,Mil Reais,517482,1501725,Brasil Novo - PA,2023,2023,37,Produto Interno Bruto a preços correntes
6,Município,40,Mil Reais,143221,1501758,Brejo Grande do Araguaia - PA,2023,2023,37,Produto Interno Bruto a preços correntes
6,Município,40,Mil Reais,802221,1501782,Breu Branco - PA,2023,2023,37,Produto Interno Bruto a preços correntes
6,Município,40,Mil Reais,1515250,1501808,Breves - PA,2023,2023,37,Produto Interno Bruto a preços correntes
6,Município,40,Mil Reais,688320,1501907,Bujaru - PA,2023,2023,37,Produto Interno Bruto a preços correntes
6,Município,40,Mil Reais,237908,1501956,Cachoeira do Piriá - PA,2023,2023,37,Produto Interno Bruto a preços correntes
6,Município,40,Mil Reais,354702,1502004,Cachoeira do Arari - PA,2023,2023,37,Produto Interno Bruto a preços correntes
6,Município,40,Mil Reais,1901553,1502103,Cametá - PA,2023,2023,37,Produto Interno Bruto a preços correntes
6,Município,40,Mil Reais,16621560,1502152,Canaã dos Carajás - PA,2023,2023,37,Produto Interno Bruto a preços correntes
6,Município,40,Mil Reais,1883282,1502202,Capanema - PA,2023,2023,37,Produto Interno Bruto a preços correntes
6,Município,40,Mil Reais,900134,1502301,Capitão Poço - PA,2023,2023,37,Produto Interno Bruto a preços correntes
6,Município,40,Mil Reais,6318091,1502400,Castanhal - PA,2023,2023,37,Produto Interno Bruto a preços correntes
6,Município,40,Mil Reais,331190,1502509,Chaves - PA,2023,2023,37,Produto Interno Bruto a preços correntes
6,Município,40,Mil Reais,136194,1502608,Colares - PA,2023,2023,37,Produto Interno Bruto a preços correntes
6,Município,40,Mil Reais,985296,1502707,Conceição do Araguaia - PA,2023,2023,37,Produto Interno Bruto a preços correntes
6,Município,40,Mil Reais,520832,1502756,Concórdia do Pará - PA,2023,2023,37,Produto Interno Bruto a preços correntes
6,Município,40,Mil Reais,479032,1502764,Cumaru do Norte - PA,2023,2023,37,Produto Interno Bruto a preços correntes
6,Município,40,Mil Reais,737806,1502772,Curionópolis - PA,2023,2023,37,Produto Interno Bruto a preços correntes
6,Município,40,Mil Reais,396832,1502806,Curralinho - PA,2023,2023,37,Produto Interno Bruto a preços correntes
6,Município,40,Mil Reais,192168,1502855,Curuá - PA,2023,2023,37,Produto Interno Bruto a preços correntes
6,Município,40,Mil Reais,485458,1502905,Curuçá - PA,2023,2023,37,Produto Interno Bruto a preços correntes
6,Município,40,Mil Reais,1332437,1502939,Dom Eliseu - PA,2023,2023,37,Produto Interno Bruto a preços correntes
6,Município,40,Mil Reais,736064,1502954,Eldorado do Carajás - PA,2023,2023,37,Produto Interno Bruto a preços correntes
6,Município,40,Mil Reais,102052,1503002,Faro - PA,2023,2023,37,Produto Interno Bruto a preços correntes
6,Município,40,Mil Reais,657025,1503044,Floresta do Araguaia - PA,2023,2023,37,Produto Interno Bruto a preços correntes
6,Município,40,Mil Reais,426847,1503077,Garrafão do Norte - PA,2023,2023,37,Produto Interno Bruto a preços correntes
6,Município,40,Mil Reais,595811,1503093,Goianésia do Pará - PA,2023,2023,37,Produto Interno Bruto a preços correntes
6,Município,40,Mil Reais,489497,1503101,Gurupá - PA,2023,2023,37,Produto Interno Bruto a preços correntes
6,Município,40,Mil Reais,599286,1503200,Igarapé-Açu - PA,2023,2023,37,Produto Interno Bruto a preços correntes
6,Município,40,Mil Reais,1021946,1503309,Igarapé-Miri - PA,2023,2023,37,Produto Interno Bruto a preços correntes
6,Município,40,Mil Reais,230530,1503408,Inhangapi - PA,2023,2023,37,Produto Interno Bruto a preços correntes
6,Município,40,Mil Reais,612707,1503457,Ipixuna do Pará - PA,2023,2023,37,Produto Interno Bruto a preços correntes
6,Município,40,Mil Reais,377735,1503507,Irituia - PA,2023,2023,37,Produto Interno Bruto a preços correntes
6,Município,40,Mil Reais,3806020,1503606,Itaituba - PA,2023,2023,37,Produto Interno Bruto a preços correntes
6,Município,40,Mil Reais,979792,1503705,Itupiranga - PA,2023,2023,37,Produto Interno Bruto a preços correntes
6,Município,40,Mil Reais,732418,1503754,Jacareacanga - PA,2023,2023,37,Produto Interno Bruto a preços correntes
6,Município,40,Mil Reais,800237,1503804,Jacundá - PA,2023,2023,37,Produto Interno Bruto a preços correntes
6,Município,40,Mil Reais,1184842,1503903,Juruti - PA,2023,2023,37,Produto Interno Bruto a preços correntes
6,Município,40,Mil Reais,601991,1504000,Limoeiro do Ajuru - PA,2023,2023,37,Produto Interno Bruto a preços correntes
6,Município,40,Mil Reais,488400,1504059,Mãe do Rio - PA,2023,2023,37,Produto Interno Bruto a preços correntes
6,Município,40,Mil Reais,121851,1504109,Magalhães Barata - PA,2023,2023,37,Produto Interno Bruto a preços correntes
6,Município,40,Mil Reais,9748965,1504208,Marabá - PA,2023,2023,37,Produto Interno Bruto a preços correntes
6,Município,40,Mil Reais,361786,1504307,Maracanã - PA,2023,2023,37,Produto Interno Bruto a preços correntes
6,Município,40,Mil Reais,333941,1504406,Marapanim - PA,2023,2023,37,Produto Interno Bruto a preços correntes
6,Município,40,Mil Reais,2780522,1504422,Marituba - PA,2023,2023,37,Produto Interno Bruto a preços correntes
6,Município,40,Mil Reais,1140469,1504455,Medicilândia - PA,2023,2023,37,Produto Interno Bruto a preços correntes
6,Município,40,Mil Reais,347499,1504505,Melgaço - PA,2023,2023,37,Produto Interno Bruto a preços correntes
6,Município,40,Mil Reais,480360,1504604,Mocajuba - PA,2023,2023,37,Produto Interno Bruto a preços correntes
6,Município,40,Mil Reais,2156273,1504703,Moju - PA,2023,2023,37,Produto Interno Bruto a preços correntes
6,Município,40,Mil Reais,457251,1504752,Mojuí dos Campos - PA,2023,2023,37,Produto Interno Bruto a preços correntes
6,Município,40,Mil Reais,1227319,1504802,Monte Alegre - PA,2023,2023,37,Produto Interno Bruto a preços correntes
6,Município,40,Mil Reais,464374,1504901,Muaná - PA,2023,2023,37,Produto Interno Bruto a preços correntes
6,Município,40,Mil Reais,334512,1504950,Nova Esperança do Piriá - PA,2023,2023,37,Produto Interno Bruto a preços correntes
6,Município,40,Mil Reais,231145,1504976,Nova Ipixuna - PA,2023,2023,37,Produto Interno Bruto a preços correntes
6,Município,40,Mil Reais,185077,1505007,Nova Timboteua - PA,2023,2023,37,Produto Interno Bruto a preços correntes
6,Município,40,Mil Reais,1541048,1505031,Novo Progresso - PA,2023,2023,37,Produto Interno Bruto a preços correntes
6,Município,40,Mil Reais,1406400,1505064,Novo Repartimento - PA,2023,2023,37,Produto Interno Bruto a preços correntes
6,Município,40,Mil Reais,921982,1505106,Óbidos - PA,2023,2023,37,Produto Interno Bruto a preços correntes
6,Município,40,Mil Reais,535992,1505205,Oeiras do Pará - PA,2023,2023,37,Produto Interno Bruto a preços correntes
6,Município,40,Mil Reais,1739412,1505304,Oriximiná - PA,2023,2023,37,Produto Interno Bruto a preços correntes
6,Município,40,Mil Reais,279081,1505403,Ourém - PA,2023,2023,37,Produto Interno Bruto a preços correntes
6,Município,40,Mil Reais,1053014,1505437,Ourilândia do Norte - PA,2023,2023,37,Produto Interno Bruto a preços correntes
6,Município,40,Mil Reais,1114328,1505486,Pacajá - PA,2023,2023,37,Produto Interno Bruto a preços correntes
6,Município,40,Mil Reais,127592,1505494,Palestina do Pará - PA,2023,2023,37,Produto Interno Bruto a preços correntes
6,Município,40,Mil Reais,5308605,1505502,Paragominas - PA,2023,2023,37,Produto Interno Bruto a preços correntes
6,Município,40,Mil Reais,26421067,1505536,Parauapebas - PA,2023,2023,37,Produto Interno Bruto a preços correntes
6,Município,40,Mil Reais,153521,1505551,Pau D'Arco - PA,2023,2023,37,Produto Interno Bruto a preços correntes
6,Município,40,Mil Reais,100657,1505601,Peixe-Boi - PA,2023,2023,37,Produto Interno Bruto a preços correntes
6,Município,40,Mil Reais,361690,1505635,Piçarra - PA,2023,2023,37,Produto Interno Bruto a preços correntes
6,Município,40,Mil Reais,491402,1505650,Placas - PA,2023,2023,37,Produto Interno Bruto a preços correntes
6,Município,40,Mil Reais,313392,1505700,Ponta de Pedras - PA,2023,2023,37,Produto Interno Bruto a preços correntes
6,Município,40,Mil Reais,1153540,1505809,Portel - PA,2023,2023,37,Produto Interno Bruto a preços correntes
6,Município,40,Mil Reais,507177,1505908,Porto de Moz - PA,2023,2023,37,Produto Interno Bruto a preços correntes
6,Município,40,Mil Reais,548886,1506005,Prainha - PA,2023,2023,37,Produto Interno Bruto a preços correntes
6,Município,40,Mil Reais,564056,1506104,Primavera - PA,2023,2023,37,Produto Interno Bruto a preços correntes
6,Município,40,Mil Reais,147129,1506112,Quatipuru - PA,2023,2023,37,Produto Interno Bruto a preços correntes
6,Município,40,Mil Reais,3681706,1506138,Redenção - PA,2023,2023,37,Produto Interno Bruto a preços correntes
6,Município,40,Mil Reais,1007363,1506161,Rio Maria - PA,2023,2023,37,Produto Interno Bruto a preços correntes
6,Município,40,Mil Reais,1083239,1506187,Rondon do Pará - PA,2023,2023,37,Produto Interno Bruto a preços correntes
6,Município,40,Mil Reais,605554,1506195,Rurópolis - PA,2023,2023,37,Produto Interno Bruto a preços correntes
6,Município,40,Mil Reais,802287,1506203,Salinópolis - PA,2023,2023,37,Produto Interno Bruto a preços correntes
6,Município,40,Mil Reais,270698,1506302,Salvaterra - PA,2023,2023,37,Produto Interno Bruto a preços correntes
6,Município,40,Mil Reais,300184,1506351,Santa Bárbara do Pará - PA,2023,2023,37,Produto Interno Bruto a preços correntes
6,Município,40,Mil Reais,115245,1506401,Santa Cruz do Arari - PA,2023,2023,37,Produto Interno Bruto a preços correntes
6,Município,40,Mil Reais,1828145,1506500,Santa Izabel do Pará - PA,2023,2023,37,Produto Interno Bruto a preços correntes
6,Município,40,Mil Reais,258360,1506559,Santa Luzia do Pará - PA,2023,2023,37,Produto Interno Bruto a preços correntes
6,Município,40,Mil Reais,943386,1506583,Santa Maria das Barreiras - PA,2023,2023,37,Produto Interno Bruto a preços correntes
6,Município,40,Mil Reais,570081,1506609,Santa Maria do Pará - PA,2023,2023,37,Produto Interno Bruto a preços correntes
6,Município,40,Mil Reais,1978254,1506708,Santana do Araguaia - PA,2023,2023,37,Produto Interno Bruto a preços correntes
6,Município,40,Mil Reais,8681869,1506807,Santarém - PA,2023,2023,37,Produto Interno Bruto a preços correntes
6,Município,40,Mil Reais,81217,1506906,Santarém Novo - PA,2023,2023,37,Produto Interno Bruto a preços correntes
6,Município,40,Mil Reais,687291,1507003,Santo Antônio do Tauá - PA,2023,2023,37,Produto Interno Bruto a preços correntes
6,Município,40,Mil Reais,241829,1507102,São Caetano de Odivelas - PA,2023,2023,37,Produto Interno Bruto a preços correntes
6,Município,40,Mil Reais,490029,1507151,São Domingos do Araguaia - PA,2023,2023,37,Produto Interno Bruto a preços correntes
6,Município,40,Mil Reais,654079,1507201,São Domingos do Capim - PA,2023,2023,37,Produto Interno Bruto a preços correntes
6,Município,40,Mil Reais,2352014,1507300,São Félix do Xingu - PA,2023,2023,37,Produto Interno Bruto a preços correntes
6,Município,40,Mil Reais,359790,1507409,São Francisco do Pará - PA,2023,2023,37,Produto Interno Bruto a preços correntes
6,Município,40,Mil Reais,1028625,1507458,São Geraldo do Araguaia - PA,2023,2023,37,Produto Interno Bruto a preços correntes
6,Município,40,Mil Reais,79287,1507466,São João da Ponta - PA,2023,2023,37,Produto Interno Bruto a preços correntes
6,Município,40,Mil Reais,232878,1507474,São João de Pirabas - PA,2023,2023,37,Produto Interno Bruto a preços correntes
6,Município,40,Mil Reais,235495,1507508,São João do Araguaia - PA,2023,2023,37,Produto Interno Bruto a preços correntes
6,Município,40,Mil Reais,1132578,1507607,São Miguel do Guamá - PA,2023,2023,37,Produto Interno Bruto a preços correntes
6,Município,40,Mil Reais,309743,1507706,São Sebastião da Boa Vista - PA,2023,2023,37,Produto Interno Bruto a preços correntes
6,Município,40,Mil Reais,172700,1507755,Sapucaia - PA,2023,2023,37,Produto Interno Bruto a preços correntes
6,Município,40,Mil Reais,341244,1507805,Senador José Porfírio - PA,2023,2023,37,Produto Interno Bruto a preços correntes
6,Município,40,Mil Reais,338748,1507904,Soure - PA,2023,2023,37,Produto Interno Bruto a preços correntes
6,Município,40,Mil Reais,2023568,1507953,Tailândia - PA,2023,2023,37,Produto Interno Bruto a preços correntes
6,Município,40,Mil Reais,114731,1507961,Terra Alta - PA,2023,2023,37,Produto Interno Bruto a preços correntes
6,Município,40,Mil Reais,590339,1507979,Terra Santa - PA,2023,2023,37,Produto Interno Bruto a preços correntes
6,Município,40,Mil Reais,1746483,1508001,Tomé-Açu - PA,2023,2023,37,Produto Interno Bruto a preços correntes
6,Município,40,Mil Reais,391638,1508035,Tracuateua - PA,2023,2023,37,Produto Interno Bruto a preços correntes
6,Município,40,Mil Reais,454558,1508050,Trairão - PA,2023,2023,37,Produto Interno Bruto a preços correntes
6,Município,40,Mil Reais,1347919,1508084,Tucumã - PA,2023,2023,37,Produto Interno Bruto a preços correntes
6,Município,40,Mil Reais,5457108,1508100,Tucuruí - PA,2023,2023,37,Produto Interno Bruto a preços correntes
6,Município,40,Mil Reais,2344285,1508126,Ulianópolis - PA,2023,2023,37,Produto Interno Bruto a preços correntes
6,Município,40,Mil Reais,1057794,1508159,Uruará - PA,2023,2023,37,Produto Interno Bruto a preços correntes
6,Município,40,Mil Reais,602141,1508209,Vigia - PA,2023,2023,37,Produto Interno Bruto a preços correntes
6,Município,40,Mil Reais,869709,1508308,Viseu - PA,2023,2023,37,Produto Interno Bruto a preços correntes
6,Município,40,Mil Reais,3987037,1508357,Vitória do Xingu - PA,2023,2023,37,Produto Interno Bruto a preços correntes
6,Município,40,Mil Reais,2321585,1508407,Xinguara - PA,2023,2023,37,Produto Interno Bruto a preços correntes
6,Município,40,Mil Reais,126544,1600055,Serra do Navio - AP,2023,2023,37,Produto Interno Bruto a preços correntes
6,Município,40,Mil Reais,219045,1600105,Amapá - AP,2023,2023,37,Produto Interno Bruto a preços correntes
6,Município,40,Mil Reais,375827,1600154,Pedra Branca do Amapari - AP,2023,2023,37,Produto Interno Bruto a preços correntes
6,Município,40,Mil Reais,295401,1600204,Calçoene - AP,2023,2023,37,Produto Interno Bruto a preços correntes
6,Município,40,Mil Reais,115359,1600212,Cutias - AP,2023,2023,37,Produto Interno Bruto a preços correntes
6,Município,40,Mil Reais,557990,1600238,Ferreira Gomes - AP,2023,2023,37,Produto Interno Bruto a preços correntes
6,Município,40,Mil Reais,132723,1600253,Itaubal - AP,2023,2023,37,Produto Interno Bruto a preços correntes
6,Município,40,Mil Reais,1335225,1600279,Laranjal do Jari - AP,2023,2023,37,Produto Interno Bruto a preços correntes
6,Município,40,Mil Reais,18470858,1600303,Macapá - AP,2023,2023,37,Produto Interno Bruto a preços correntes
6,Município,40,Mil Reais,583553,1600402,Mazagão - AP,2023,2023,37,Produto Interno Bruto a preços correntes
6,Município,40,Mil Reais,820364,1600501,Oiapoque - AP,2023,2023,37,Produto Interno Bruto a preços correntes
6,Município,40,Mil Reais,527655,1600535,Porto Grande - AP,2023,2023,37,Produto Interno Bruto a preços correntes
6,Município,40,Mil Reais,101033,1600550,Pracuúba - AP,2023,2023,37,Produto Interno Bruto a preços correntes
6,Município,40,Mil Reais,3725688,1600600,Santana - AP,2023,2023,37,Produto Interno Bruto a preços correntes
6,Município,40,Mil Reais,329305,1600709,Tartarugalzinho - AP,2023,2023,37,Produto Interno Bruto a preços correntes
6,Município,40,Mil Reais,303549,1600808,Vitória do Jari - AP,2023,2023,37,Produto Interno Bruto a preços correntes
6,Município,40,Mil Reais,141930,1700251,Abreulândia - TO,2023,2023,37,Produto Interno Bruto a preços correntes
6,Município,40,Mil Reais,226238,1700301,Aguiarnópolis - TO,2023,2023,37,Produto Interno Bruto a preços correntes
6,Município,40,Mil Reais,423070,1700350,Aliança do Tocantins - TO,2023,2023,37,Produto Interno Bruto a preços correntes
6,Município,40,Mil Reais,336120,1700400,Almas - TO,2023,2023,37,Produto Interno Bruto a preços correntes
6,Município,40,Mil Reais,886077,1700707,Alvorada - TO,2023,2023,37,Produto Interno Bruto a preços correntes
6,Município,40,Mil Reais,199526,1701002,Ananás - TO,2023,2023,37,Produto Interno Bruto a preços correntes
6,Município,40,Mil Reais,54433,1701051,Angico - TO,2023,2023,37,Produto Interno Bruto a preços correntes
6,Município,40,Mil Reais,283247,1701101,Aparecida do Rio Negro - TO,2023,2023,37,Produto Interno Bruto a preços correntes
6,Município,40,Mil Reais,113908,1701309,Aragominas - TO,2023,2023,37,Produto Interno Bruto a preços correntes
6,Município,40,Mil Reais,411911,1701903,Araguacema - TO,2023,2023,37,Produto Interno Bruto a preços correntes
6,Município,40,Mil Reais,474483,1702000,Araguaçu - TO,2023,2023,37,Produto Interno Bruto a preços correntes
6,Município,40,Mil Reais,7357638,1702109,Araguaína - TO,2023,2023,37,Produto Interno Bruto a preços correntes
6,Município,40,Mil Reais,107609,1702158,Araguanã - TO,2023,2023,37,Produto Interno Bruto a preços correntes
6,Município,40,Mil Reais,641440,1702208,Araguatins - TO,2023,2023,37,Produto Interno Bruto a preços correntes
6,Município,40,Mil Reais,158572,1702307,Arapoema - TO,2023,2023,37,Produto Interno Bruto a preços correntes
6,Município,40,Mil Reais,239090,1702406,Arraias - TO,2023,2023,37,Produto Interno Bruto a preços correntes
6,Município,40,Mil Reais,396227,1702554,Augustinópolis - TO,2023,2023,37,Produto Interno Bruto a preços correntes
6,Município,40,Mil Reais,69896,1702703,Aurora do Tocantins - TO,2023,2023,37,Produto Interno Bruto a preços correntes
6,Município,40,Mil Reais,173373,1702901,Axixá do Tocantins - TO,2023,2023,37,Produto Interno Bruto a preços correntes
6,Município,40,Mil Reais,169441,1703008,Babaçulândia - TO,2023,2023,37,Produto Interno Bruto a preços correntes
6,Município,40,Mil Reais,249696,1703057,Bandeirantes do Tocantins - TO,2023,2023,37,Produto Interno Bruto a preços correntes
6,Município,40,Mil Reais,100382,1703073,Barra do Ouro - TO,2023,2023,37,Produto Interno Bruto a preços correntes
6,Município,40,Mil Reais,140103,1703107,Barrolândia - TO,2023,2023,37,Produto Interno Bruto a preços correntes
6,Município,40,Mil Reais,128560,1703206,Bernardo Sayão - TO,2023,2023,37,Produto Interno Bruto a preços correntes
6,Município,40,Mil Reais,143623,1703305,Bom Jesus do Tocantins - TO,2023,2023,37,Produto Interno Bruto a preços correntes
6,Município,40,Mil Reais,75010,1703602,Brasilândia do Tocantins - TO,2023,2023,37,Produto Interno Bruto a preços correntes
6,Município,40,Mil Reais,267584,1703701,Brejinho de Nazaré - TO,2023,2023,37,Produto Interno Bruto a preços correntes
6,Município,40,Mil Reais,149973,1703800,Buriti do Tocantins - TO,2023,2023,37,Produto Interno Bruto a preços correntes
6,Município,40,Mil Reais,62095,1703826,Cachoeirinha - TO,2023,2023,37,Produto Interno Bruto a preços correntes
6,Município,40,Mil Reais,665857,1703842,Campos Lindos - TO,2023,2023,37,Produto Interno Bruto a preços correntes
6,Município,40,Mil Reais,997800,1703867,Cariri do Tocantins - TO,2023,2023,37,Produto Interno Bruto a preços correntes
6,Município,40,Mil Reais,73172,1703883,Carmolândia - TO,2023,2023,37,Produto Interno Bruto a preços correntes
6,Município,40,Mil Reais,56192,1703891,Carrasco Bonito - TO,2023,2023,37,Produto Interno Bruto a preços correntes
6,Município,40,Mil Reais,474488,1703909,Caseara - TO,2023,2023,37,Produto Interno Bruto a preços correntes
6,Município,40,Mil Reais,109325,1704105,Centenário - TO,2023,2023,37,Produto Interno Bruto a preços correntes
6,Município,40,Mil Reais,51576,1704600,Chapada de Areia - TO,2023,2023,37,Produto Interno Bruto a preços correntes
6,Município,40,Mil Reais,155377,1705102,Chapada da Natividade - TO,2023,2023,37,Produto Interno Bruto a preços correntes
6,Município,40,Mil Reais,1161301,1705508,Colinas do Tocantins - TO,2023,2023,37,Produto Interno Bruto a preços correntes
6,Município,40,Mil Reais,95001,1705557,Combinado - TO,2023,2023,37,Produto Interno Bruto a preços correntes
6,Município,40,Mil Reais,88973,1705607,Conceição do Tocantins - TO,2023,2023,37,Produto Interno Bruto a preços correntes
6,Município,40,Mil Reais,249462,1706001,Couto Magalhães - TO,2023,2023,37,Produto Interno Bruto a preços correntes
6,Município,40,Mil Reais,214100,1706100,Cristalândia - TO,2023,2023,37,Produto Interno Bruto a preços correntes
6,Município,40,Mil Reais,77387,1706258,Crixás do Tocantins - TO,2023,2023,37,Produto Interno Bruto a preços correntes
6,Município,40,Mil Reais,252543,1706506,Darcinópolis - TO,2023,2023,37,Produto Interno Bruto a preços correntes
6,Município,40,Mil Reais,781673,1707009,Dianópolis - TO,2023,2023,37,Produto Interno Bruto a preços correntes
6,Município,40,Mil Reais,323159,1707108,Divinópolis do Tocantins - TO,2023,2023,37,Produto Interno Bruto a preços correntes
6,Município,40,Mil Reais,289149,1707207,Dois Irmãos do Tocantins - TO,2023,2023,37,Produto Interno Bruto a preços correntes
6,Município,40,Mil Reais,290818,1707306,Dueré - TO,2023,2023,37,Produto Interno Bruto a preços correntes
6,Município,40,Mil Reais,119197,1707405,Esperantina - TO,2023,2023,37,Produto Interno Bruto a preços correntes
6,Município,40,Mil Reais,127672,1707553,Fátima - TO,2023,2023,37,Produto Interno Bruto a preços correntes
6,Município,40,Mil Reais,350090,1707652,Figueirópolis - TO,2023,2023,37,Produto Interno Bruto a preços correntes
6,Município,40,Mil Reais,161707,1707702,Filadélfia - TO,2023,2023,37,Produto Interno Bruto a preços correntes
6,Município,40,Mil Reais,988169,1708205,Formoso do Araguaia - TO,2023,2023,37,Produto Interno Bruto a preços correntes
6,Município,40,Mil Reais,173517,1708254,Tabocão - TO,2023,2023,37,Produto Interno Bruto a preços correntes
6,Município,40,Mil Reais,178252,1708304,Goianorte - TO,2023,2023,37,Produto Interno Bruto a preços correntes
6,Município,40,Mil Reais,309167,1709005,Goiatins - TO,2023,2023,37,Produto Interno Bruto a preços correntes
6,Município,40,Mil Reais,1130106,1709302,Guaraí - TO,2023,2023,37,Produto Interno Bruto a preços correntes
6,Município,40,Mil Reais,3695017,1709500,Gurupi - TO,2023,2023,37,Produto Interno Bruto a preços correntes
6,Município,40,Mil Reais,71887,1709807,Ipueiras - TO,2023,2023,37,Produto Interno Bruto a preços correntes
6,Município,40,Mil Reais,199694,1710508,Itacajá - TO,2023,2023,37,Produto Interno Bruto a preços correntes
6,Município,40,Mil Reais,100220,1710706,Itaguatins - TO,2023,2023,37,Produto Interno Bruto a preços correntes
6,Município,40,Mil Reais,153090,1710904,Itapiratins - TO,2023,2023,37,Produto Interno Bruto a preços correntes
6,Município,40,Mil Reais,76489,1711100,Itaporã do Tocantins - TO,2023,2023,37,Produto Interno Bruto a preços correntes
6,Município,40,Mil Reais,110816,1711506,Jaú do Tocantins - TO,2023,2023,37,Produto Interno Bruto a preços correntes
6,Município,40,Mil Reais,55560,1711803,Juarina - TO,2023,2023,37,Produto Interno Bruto a preços correntes
6,Município,40,Mil Reais,1089844,1711902,Lagoa da Confusão - TO,2023,2023,37,Produto Interno Bruto a preços correntes
6,Município,40,Mil Reais,85970,1711951,Lagoa do Tocantins - TO,2023,2023,37,Produto Interno Bruto a preços correntes
6,Município,40,Mil Reais,79405,1712009,Lajeado - TO,2023,2023,37,Produto Interno Bruto a preços correntes
6,Município,40,Mil Reais,41517,1712157,Lavandeira - TO,2023,2023,37,Produto Interno Bruto a preços correntes
6,Município,40,Mil Reais,78341,1712405,Lizarda - TO,2023,2023,37,Produto Interno Bruto a preços correntes
6,Município,40,Mil Reais,58820,1712454,Luzinópolis - TO,2023,2023,37,Produto Interno Bruto a preços correntes
6,Município,40,Mil Reais,373197,1712504,Marianópolis do Tocantins - TO,2023,2023,37,Produto Interno Bruto a preços correntes
6,Município,40,Mil Reais,467179,1712702,Mateiros - TO,2023,2023,37,Produto Interno Bruto a preços correntes
6,Município,40,Mil Reais,63313,1712801,Maurilândia do Tocantins - TO,2023,2023,37,Produto Interno Bruto a preços correntes
6,Município,40,Mil Reais,860438,1713205,Miracema do Tocantins - TO,2023,2023,37,Produto Interno Bruto a preços correntes
6,Município,40,Mil Reais,483394,1713304,Miranorte - TO,2023,2023,37,Produto Interno Bruto a preços correntes
6,Município,40,Mil Reais,398705,1713601,Monte do Carmo - TO,2023,2023,37,Produto Interno Bruto a preços correntes
6,Município,40,Mil Reais,86604,1713700,Monte Santo do Tocantins - TO,2023,2023,37,Produto Interno Bruto a preços correntes
6,Município,40,Mil Reais,108235,1713809,Palmeiras do Tocantins - TO,2023,2023,37,Produto Interno Bruto a preços correntes
6,Município,40,Mil Reais,79966,1713957,Muricilândia - TO,2023,2023,37,Produto Interno Bruto a preços correntes
6,Município,40,Mil Reais,352748,1714203,Natividade - TO,2023,2023,37,Produto Interno Bruto a preços correntes
6,Município,40,Mil Reais,78447,1714302,Nazaré - TO,2023,2023,37,Produto Interno Bruto a preços correntes
6,Município,40,Mil Reais,442504,1714880,Nova Olinda - TO,2023,2023,37,Produto Interno Bruto a preços correntes
6,Município,40,Mil Reais,110147,1715002,Nova Rosalândia - TO,2023,2023,37,Produto Interno Bruto a preços correntes
6,Município,40,Mil Reais,176373,1715101,Novo Acordo - TO,2023,2023,37,Produto Interno Bruto a preços correntes
6,Município,40,Mil Reais,38612,1715150,Novo Alegre - TO,2023,2023,37,Produto Interno Bruto a preços correntes
6,Município,40,Mil Reais,49097,1715259,Novo Jardim - TO,2023,2023,37,Produto Interno Bruto a preços correntes
6,Município,40,Mil Reais,50178,1715507,Oliveira de Fátima - TO,2023,2023,37,Produto Interno Bruto a preços correntes
6,Município,40,Mil Reais,247597,1715705,Palmeirante - TO,2023,2023,37,Produto Interno Bruto a preços correntes
6,Município,40,Mil Reais,218426,1715754,Palmeirópolis - TO,2023,2023,37,Produto Interno Bruto a preços correntes
6,Município,40,Mil Reais,2288330,1716109,Paraíso do Tocantins - TO,2023,2023,37,Produto Interno Bruto a preços correntes
6,Município,40,Mil Reais,353206,1716208,Paranã - TO,2023,2023,37,Produto Interno Bruto a preços correntes
6,Município,40,Mil Reais,110802,1716307,Pau D'Arco - TO,2023,2023,37,Produto Interno Bruto a preços correntes
6,Município,40,Mil Reais,1090443,1716505,Pedro Afonso - TO,2023,2023,37,Produto Interno Bruto a preços correntes
6,Município,40,Mil Reais,897174,1716604,Peixe - TO,2023,2023,37,Produto Interno Bruto a preços correntes
6,Município,40,Mil Reais,129256,1716653,Pequizeiro - TO,2023,2023,37,Produto Interno Bruto a preços correntes
6,Município,40,Mil Reais,228040,1716703,Colméia - TO,2023,2023,37,Produto Interno Bruto a preços correntes
6,Município,40,Mil Reais,110783,1717008,Pindorama do Tocantins - TO,2023,2023,37,Produto Interno Bruto a preços correntes
6,Município,40,Mil Reais,98238,1717206,Piraquê - TO,2023,2023,37,Produto Interno Bruto a preços correntes
6,Município,40,Mil Reais,458625,1717503,Pium - TO,2023,2023,37,Produto Interno Bruto a preços correntes
6,Município,40,Mil Reais,82503,1717800,Ponte Alta do Bom Jesus - TO,2023,2023,37,Produto Interno Bruto a preços correntes
6,Município,40,Mil Reais,141531,1717909,Ponte Alta do Tocantins - TO,2023,2023,37,Produto Interno Bruto a preços correntes
6,Município,40,Mil Reais,59927,1718006,Porto Alegre do Tocantins - TO,2023,2023,37,Produto Interno Bruto a preços correntes
6,Município,40,Mil Reais,3195894,1718204,Porto Nacional - TO,2023,2023,37,Produto Interno Bruto a preços correntes
6,Município,40,Mil Reais,114473,1718303,Praia Norte - TO,2023,2023,37,Produto Interno Bruto a preços correntes
6,Município,40,Mil Reais,88843,1718402,Presidente Kennedy - TO,2023,2023,37,Produto Interno Bruto a preços correntes
6,Município,40,Mil Reais,127927,1718451,Pugmil - TO,2023,2023,37,Produto Interno Bruto a preços correntes
6,Município,40,Mil Reais,101805,1718501,Recursolândia - TO,2023,2023,37,Produto Interno Bruto a preços correntes
6,Município,40,Mil Reais,75295,1718550,Riachinho - TO,2023,2023,37,Produto Interno Bruto a preços correntes
6,Município,40,Mil Reais,45739,1718659,Rio da Conceição - TO,2023,2023,37,Produto Interno Bruto a preços correntes
6,Município,40,Mil Reais,88775,1718709,Rio dos Bois - TO,2023,2023,37,Produto Interno Bruto a preços correntes
6,Município,40,Mil Reais,150795,1718758,Rio Sono - TO,2023,2023,37,Produto Interno Bruto a preços correntes
6,Município,40,Mil Reais,70136,1718808,Sampaio - TO,2023,2023,37,Produto Interno Bruto a preços correntes
6,Município,40,Mil Reais,134402,1718840,Sandolândia - TO,2023,2023,37,Produto Interno Bruto a preços correntes
6,Município,40,Mil Reais,202707,1718865,Santa Fé do Araguaia - TO,2023,2023,37,Produto Interno Bruto a preços correntes
6,Município,40,Mil Reais,118353,1718881,Santa Maria do Tocantins - TO,2023,2023,37,Produto Interno Bruto a preços correntes
6,Município,40,Mil Reais,275185,1718899,Santa Rita do Tocantins - TO,2023,2023,37,Produto Interno Bruto a preços correntes
6,Município,40,Mil Reais,419882,1718907,Santa Rosa do Tocantins - TO,2023,2023,37,Produto Interno Bruto a preços correntes
6,Município,40,Mil Reais,57246,1719004,Santa Tereza do Tocantins - TO,2023,2023,37,Produto Interno Bruto a preços correntes
6,Município,40,Mil Reais,46686,1720002,Santa Terezinha do Tocantins - TO,2023,2023,37,Produto Interno Bruto a preços correntes
6,Município,40,Mil Reais,90982,1720101,São Bento do Tocantins - TO,2023,2023,37,Produto Interno Bruto a preços correntes
6,Município,40,Mil Reais,42355,1720150,São Félix do Tocantins - TO,2023,2023,37,Produto Interno Bruto a preços correntes
6,Município,40,Mil Reais,239634,1720200,São Miguel do Tocantins - TO,2023,2023,37,Produto Interno Bruto a preços correntes
6,Município,40,Mil Reais,59857,1720259,São Salvador do Tocantins - TO,2023,2023,37,Produto Interno Bruto a preços correntes
6,Município,40,Mil Reais,68702,1720309,São Sebastião do Tocantins - TO,2023,2023,37,Produto Interno Bruto a preços correntes
6,Município,40,Mil Reais,229618,1720499,São Valério - TO,2023,2023,37,Produto Interno Bruto a preços correntes
6,Município,40,Mil Reais,284767,1720655,Silvanópolis - TO,2023,2023,37,Produto Interno Bruto a preços correntes
6,Município,40,Mil Reais,179637,1720804,Sítio Novo do Tocantins - TO,2023,2023,37,Produto Interno Bruto a preços correntes
6,Município,40,Mil Reais,310361,1720853,Sucupira - TO,2023,2023,37,Produto Interno Bruto a preços correntes
6,Município,40,Mil Reais,386846,1720903,Taguatinga - TO,2023,2023,37,Produto Interno Bruto a preços correntes
6,Município,40,Mil Reais,41627,1720937,Taipas do Tocantins - TO,2023,2023,37,Produto Interno Bruto a preços correntes
6,Município,40,Mil Reais,173125,1720978,Talismã - TO,2023,2023,37,Produto Interno Bruto a preços correntes
6,Município,40,Mil Reais,14168469,1721000,Palmas - TO,2023,2023,37,Produto Interno Bruto a preços correntes
6,Município,40,Mil Reais,327560,1721109,Tocantínia - TO,2023,2023,37,Produto Interno Bruto a preços correntes
6,Município,40,Mil Reais,529093,1721208,Tocantinópolis - TO,2023,2023,37,Produto Interno Bruto a preços correntes
6,Município,40,Mil Reais,96851,1721257,Tupirama - TO,2023,2023,37,Produto Interno Bruto a preços correntes
6,Município,40,Mil Reais,48417,1721307,Tupiratins - TO,2023,2023,37,Produto Interno Bruto a preços correntes
6,Município,40,Mil Reais,245767,1722081,Wanderlândia - TO,2023,2023,37,Produto Interno Bruto a preços correntes
6,Município,40,Mil Reais,722713,1722107,Xambioá - TO,2023,2023,37,Produto Interno Bruto a preços correntes
6,Município,40,Mil Reais,4274162,2100055,Açailândia - MA,2023,2023,37,Produto Interno Bruto a preços correntes
6,Município,40,Mil Reais,105581,2100105,Afonso Cunha - MA,2023,2023,37,Produto Interno Bruto a preços correntes
6,Município,40,Mil Reais,130746,2100154,Água Doce do Maranhão - MA,2023,2023,37,Produto Interno Bruto a preços correntes
6,Município,40,Mil Reais,170261,2100204,Alcântara - MA,2023,2023,37,Produto Interno Bruto a preços correntes
6,Município,40,Mil Reais,335246,2100303,Aldeias Altas - MA,2023,2023,37,Produto Interno Bruto a preços correntes
6,Município,40,Mil Reais,88343,2100402,Altamira do Maranhão - MA,2023,2023,37,Produto Interno Bruto a preços correntes
6,Município,40,Mil Reais,378314,2100436,Alto Alegre do Maranhão - MA,2023,2023,37,Produto Interno Bruto a preços correntes
6,Município,40,Mil Reais,310142,2100477,Alto Alegre do Pindaré - MA,2023,2023,37,Produto Interno Bruto a preços correntes
6,Município,40,Mil Reais,573769,2100501,Alto Parnaíba - MA,2023,2023,37,Produto Interno Bruto a preços correntes
6,Município,40,Mil Reais,95026,2100550,Amapá do Maranhão - MA,2023,2023,37,Produto Interno Bruto a preços correntes
6,Município,40,Mil Reais,500782,2100600,Amarante do Maranhão - MA,2023,2023,37,Produto Interno Bruto a preços correntes
6,Município,40,Mil Reais,255439,2100709,Anajatuba - MA,2023,2023,37,Produto Interno Bruto a preços correntes
6,Município,40,Mil Reais,192813,2100808,Anapurus - MA,2023,2023,37,Produto Interno Bruto a preços correntes
6,Município,40,Mil Reais,170117,2100832,Apicum-Açu - MA,2023,2023,37,Produto Interno Bruto a preços correntes
6,Município,40,Mil Reais,127935,2100873,Araguanã - MA,2023,2023,37,Produto Interno Bruto a preços correntes
6,Município,40,Mil Reais,351324,2100907,Araioses - MA,2023,2023,37,Produto Interno Bruto a preços correntes
6,Município,40,Mil Reais,320623,2100956,Arame - MA,2023,2023,37,Produto Interno Bruto a preços correntes
6,Município,40,Mil Reais,422713,2101004,Arari - MA,2023,2023,37,Produto Interno Bruto a preços correntes
6,Município,40,Mil Reais,118131,2101103,Axixá - MA,2023,2023,37,Produto Interno Bruto a preços correntes
6,Município,40,Mil Reais,1912868,2101202,Bacabal - MA,2023,2023,37,Produto Interno Bruto a preços correntes
6,Município,40,Mil Reais,466226,2101251,Bacabeira - MA,2023,2023,37,Produto Interno Bruto a preços correntes
6,Município,40,Mil Reais,156363,2101301,Bacuri - MA,2023,2023,37,Produto Interno Bruto a preços correntes
6,Município,40,Mil Reais,52138,2101350,Bacurituba - MA,2023,2023,37,Produto Interno Bruto a preços correntes
6,Município,40,Mil Reais,7529798,2101400,Balsas - MA,2023,2023,37,Produto Interno Bruto a preços correntes
6,Município,40,Mil Reais,309910,2101509,Barão de Grajaú - MA,2023,2023,37,Produto Interno Bruto a preços correntes
6,Município,40,Mil Reais,1157930,2101608,Barra do Corda - MA,2023,2023,37,Produto Interno Bruto a preços correntes
6,Município,40,Mil Reais,816789,2101707,Barreirinhas - MA,2023,2023,37,Produto Interno Bruto a preços correntes
6,Município,40,Mil Reais,100863,2101731,Belágua - MA,2023,2023,37,Produto Interno Bruto a preços correntes
6,Município,40,Mil Reais,133414,2101772,Bela Vista do Maranhão - MA,2023,2023,37,Produto Interno Bruto a preços correntes
6,Município,40,Mil Reais,94454,2101806,Benedito Leite - MA,2023,2023,37,Produto Interno Bruto a preços correntes
6,Município,40,Mil Reais,166173,2101905,Bequimão - MA,2023,2023,37,Produto Interno Bruto a preços correntes
6,Município,40,Mil Reais,276118,2101939,Bernardo do Mearim - MA,2023,2023,37,Produto Interno Bruto a preços correntes
6,Município,40,Mil Reais,93312,2101970,Boa Vista do Gurupi - MA,2023,2023,37,Produto Interno Bruto a preços correntes
6,Município,40,Mil Reais,571101,2102002,Bom Jardim - MA,2023,2023,37,Produto Interno Bruto a preços correntes
6,Município,40,Mil Reais,456766,2102036,Bom Jesus das Selvas - MA,2023,2023,37,Produto Interno Bruto a preços correntes
6,Município,40,Mil Reais,149056,2102077,Bom Lugar - MA,2023,2023,37,Produto Interno Bruto a preços correntes
6,Município,40,Mil Reais,426439,2102101,Brejo - MA,2023,2023,37,Produto Interno Bruto a preços correntes
6,Município,40,Mil Reais,90089,2102150,Brejo de Areia - MA,2023,2023,37,Produto Interno Bruto a preços correntes
6,Município,40,Mil Reais,332530,2102200,Buriti - MA,2023,2023,37,Produto Interno Bruto a preços correntes
6,Município,40,Mil Reais,309327,2102309,Buriti Bravo - MA,2023,2023,37,Produto Interno Bruto a preços correntes
6,Município,40,Mil Reais,1008378,2102325,Buriticupu - MA,2023,2023,37,Produto Interno Bruto a preços correntes
6,Município,40,Mil Reais,156524,2102358,Buritirana - MA,2023,2023,37,Produto Interno Bruto a preços correntes
6,Município,40,Mil Reais,85043,2102374,Cachoeira Grande - MA,2023,2023,37,Produto Interno Bruto a preços correntes
6,Município,40,Mil Reais,81775,2102408,Cajapió - MA,2023,2023,37,Produto Interno Bruto a preços correntes
6,Município,40,Mil Reais,155103,2102507,Cajari - MA,2023,2023,37,Produto Interno Bruto a preços correntes
6,Município,40,Mil Reais,303257,2102556,Campestre do Maranhão - MA,2023,2023,37,Produto Interno Bruto a preços correntes
6,Município,40,Mil Reais,204526,2102606,Cândido Mendes - MA,2023,2023,37,Produto Interno Bruto a preços correntes
6,Município,40,Mil Reais,233273,2102705,Cantanhede - MA,2023,2023,37,Produto Interno Bruto a preços correntes
6,Município,40,Mil Reais,215754,2102754,Capinzal do Norte - MA,2023,2023,37,Produto Interno Bruto a preços correntes
6,Município,40,Mil Reais,595614,2102804,Carolina - MA,2023,2023,37,Produto Interno Bruto a preços correntes
6,Município,40,Mil Reais,246447,2102903,Carutapera - MA,2023,2023,37,Produto Interno Bruto a preços correntes
6,Município,40,Mil Reais,2696021,2103000,Caxias - MA,2023,2023,37,Produto Interno Bruto a preços correntes
6,Município,40,Mil Reais,86165,2103109,Cedral - MA,2023,2023,37,Produto Interno Bruto a preços correntes
6,Município,40,Mil Reais,69154,2103125,Central do Maranhão - MA,2023,2023,37,Produto Interno Bruto a preços correntes
6,Município,40,Mil Reais,137520,2103158,Centro do Guilherme - MA,2023,2023,37,Produto Interno Bruto a preços correntes
6,Município,40,Mil Reais,236610,2103174,Centro Novo do Maranhão - MA,2023,2023,37,Produto Interno Bruto a preços correntes
6,Município,40,Mil Reais,1130462,2103208,Chapadinha - MA,2023,2023,37,Produto Interno Bruto a preços correntes
6,Município,40,Mil Reais,242330,2103257,Cidelândia - MA,2023,2023,37,Produto Interno Bruto a preços correntes
6,Município,40,Mil Reais,1808033,2103307,Codó - MA,2023,2023,37,Produto Interno Bruto a preços correntes
6,Município,40,Mil Reais,486211,2103406,Coelho Neto - MA,2023,2023,37,Produto Interno Bruto a preços correntes
6,Município,40,Mil Reais,729810,2103505,Colinas - MA,2023,2023,37,Produto Interno Bruto a preços correntes
6,Município,40,Mil Reais,159750,2103554,Conceição do Lago-Açu - MA,2023,2023,37,Produto Interno Bruto a preços correntes
6,Município,40,Mil Reais,637484,2103604,Coroatá - MA,2023,2023,37,Produto Interno Bruto a preços correntes
6,Município,40,Mil Reais,343104,2103703,Cururupu - MA,2023,2023,37,Produto Interno Bruto a preços correntes
6,Município,40,Mil Reais,218072,2103752,Davinópolis - MA,2023,2023,37,Produto Interno Bruto a preços correntes
6,Município,40,Mil Reais,314608,2103802,Dom Pedro - MA,2023,2023,37,Produto Interno Bruto a preços correntes
6,Município,40,Mil Reais,108748,2103901,Duque Bacelar - MA,2023,2023,37,Produto Interno Bruto a preços correntes
6,Município,40,Mil Reais,202856,2104008,Esperantinópolis - MA,2023,2023,37,Produto Interno Bruto a preços correntes
6,Município,40,Mil Reais,1195399,2104057,Estreito - MA,2023,2023,37,Produto Interno Bruto a preços correntes
6,Município,40,Mil Reais,132983,2104073,Feira Nova do Maranhão - MA,2023,2023,37,Produto Interno Bruto a preços correntes
6,Município,40,Mil Reais,159761,2104081,Fernando Falcão - MA,2023,2023,37,Produto Interno Bruto a preços correntes
6,Município,40,Mil Reais,257048,2104099,Formosa da Serra Negra - MA,2023,2023,37,Produto Interno Bruto a preços correntes
6,Município,40,Mil Reais,354448,2104107,Fortaleza dos Nogueiras - MA,2023,2023,37,Produto Interno Bruto a preços correntes
6,Município,40,Mil Reais,214307,2104206,Fortuna - MA,2023,2023,37,Produto Interno Bruto a preços correntes
6,Município,40,Mil Reais,855186,2104305,Godofredo Viana - MA,2023,2023,37,Produto Interno Bruto a preços correntes
6,Município,40,Mil Reais,187080,2104404,Gonçalves Dias - MA,2023,2023,37,Produto Interno Bruto a preços correntes
6,Município,40,Mil Reais,123047,2104503,Governador Archer - MA,2023,2023,37,Produto Interno Bruto a preços correntes
6,Município,40,Mil Reais,448007,2104552,Governador Edison Lobão - MA,2023,2023,37,Produto Interno Bruto a preços correntes
6,Município,40,Mil Reais,195174,2104602,Governador Eugênio Barros - MA,2023,2023,37,Produto Interno Bruto a preços correntes
6,Município,40,Mil Reais,108305,2104628,Governador Luiz Rocha - MA,2023,2023,37,Produto Interno Bruto a preços correntes
6,Município,40,Mil Reais,120254,2104651,Governador Newton Bello - MA,2023,2023,37,Produto Interno Bruto a preços correntes
6,Município,40,Mil Reais,324762,2104677,Governador Nunes Freire - MA,2023,2023,37,Produto Interno Bruto a preços correntes
6,Município,40,Mil Reais,66886,2104701,Graça Aranha - MA,2023,2023,37,Produto Interno Bruto a preços correntes
6,Município,40,Mil Reais,1415488,2104800,Grajaú - MA,2023,2023,37,Produto Interno Bruto a preços correntes
6,Município,40,Mil Reais,104271,2104909,Guimarães - MA,2023,2023,37,Produto Interno Bruto a preços correntes
6,Município,40,Mil Reais,241228,2105005,Humberto de Campos - MA,2023,2023,37,Produto Interno Bruto a preços correntes
6,Município,40,Mil Reais,211921,2105104,Icatu - MA,2023,2023,37,Produto Interno Bruto a preços correntes
6,Município,40,Mil Reais,464887,2105153,Igarapé do Meio - MA,2023,2023,37,Produto Interno Bruto a preços correntes
6,Município,40,Mil Reais,138144,2105203,Igarapé Grande - MA,2023,2023,37,Produto Interno Bruto a preços correntes
6,Município,40,Mil Reais,9475802,2105302,Imperatriz - MA,2023,2023,37,Produto Interno Bruto a preços correntes
6,Município,40,Mil Reais,136089,2105351,Itaipava do Grajaú - MA,2023,2023,37,Produto Interno Bruto a preços correntes
6,Município,40,Mil Reais,889928,2105401,Itapecuru Mirim - MA,2023,2023,37,Produto Interno Bruto a preços correntes
6,Município,40,Mil Reais,687514,2105427,Itinga do Maranhão - MA,2023,2023,37,Produto Interno Bruto a preços correntes
6,Município,40,Mil Reais,83460,2105450,Jatobá - MA,2023,2023,37,Produto Interno Bruto a preços correntes
6,Município,40,Mil Reais,174125,2105476,Jenipapo dos Vieiras - MA,2023,2023,37,Produto Interno Bruto a preços correntes
6,Município,40,Mil Reais,362692,2105500,João Lisboa - MA,2023,2023,37,Produto Interno Bruto a preços correntes
6,Município,40,Mil Reais,139774,2105609,Joselândia - MA,2023,2023,37,Produto Interno Bruto a preços correntes
6,Município,40,Mil Reais,71491,2105658,Junco do Maranhão - MA,2023,2023,37,Produto Interno Bruto a preços correntes
6,Município,40,Mil Reais,621148,2105708,Lago da Pedra - MA,2023,2023,37,Produto Interno Bruto a preços correntes
6,Município,40,Mil Reais,108264,2105807,Lago do Junco - MA,2023,2023,37,Produto Interno Bruto a preços correntes
6,Município,40,Mil Reais,169405,2105906,Lago Verde - MA,2023,2023,37,Produto Interno Bruto a preços correntes
6,Município,40,Mil Reais,211547,2105922,Lagoa do Mato - MA,2023,2023,37,Produto Interno Bruto a preços correntes
6,Município,40,Mil Reais,104301,2105948,Lago dos Rodrigues - MA,2023,2023,37,Produto Interno Bruto a preços correntes
6,Município,40,Mil Reais,128791,2105963,Lagoa Grande do Maranhão - MA,2023,2023,37,Produto Interno Bruto a preços correntes
6,Município,40,Mil Reais,122752,2105989,Lajeado Novo - MA,2023,2023,37,Produto Interno Bruto a preços correntes
6,Município,40,Mil Reais,237817,2106003,Lima Campos - MA,2023,2023,37,Produto Interno Bruto a preços correntes
6,Município,40,Mil Reais,390947,2106102,Loreto - MA,2023,2023,37,Produto Interno Bruto a preços correntes
6,Município,40,Mil Reais,72747,2106201,Luís Domingues - MA,2023,2023,37,Produto Interno Bruto a preços correntes
6,Município,40,Mil Reais,181567,2106300,Magalhães de Almeida - MA,2023,2023,37,Produto Interno Bruto a preços correntes
6,Município,40,Mil Reais,275246,2106326,Maracaçumé - MA,2023,2023,37,Produto Interno Bruto a preços correntes
6,Município,40,Mil Reais,116023,2106359,Marajá do Sena - MA,2023,2023,37,Produto Interno Bruto a preços correntes
6,Município,40,Mil Reais,146664,2106375,Maranhãozinho - MA,2023,2023,37,Produto Interno Bruto a preços correntes
6,Município,40,Mil Reais,226303,2106409,Mata Roma - MA,2023,2023,37,Produto Interno Bruto a preços correntes
6,Município,40,Mil Reais,232534,2106508,Matinha - MA,2023,2023,37,Produto Interno Bruto a preços correntes
6,Município,40,Mil Reais,334401,2106607,Matões - MA,2023,2023,37,Produto Interno Bruto a preços correntes
6,Município,40,Mil Reais,134625,2106631,Matões do Norte - MA,2023,2023,37,Produto Interno Bruto a preços correntes
6,Município,40,Mil Reais,94017,2106672,Milagres do Maranhão - MA,2023,2023,37,Produto Interno Bruto a preços correntes
6,Município,40,Mil Reais,389857,2106706,Mirador - MA,2023,2023,37,Produto Interno Bruto a preços correntes
6,Município,40,Mil Reais,578366,2106755,Miranda do Norte - MA,2023,2023,37,Produto Interno Bruto a preços correntes
6,Município,40,Mil Reais,133235,2106805,Mirinzal - MA,2023,2023,37,Produto Interno Bruto a preços correntes
6,Município,40,Mil Reais,280367,2106904,Monção - MA,2023,2023,37,Produto Interno Bruto a preços correntes
6,Município,40,Mil Reais,119453,2107001,Montes Altos - MA,2023,2023,37,Produto Interno Bruto a preços correntes
6,Município,40,Mil Reais,190452,2107100,Morros - MA,2023,2023,37,Produto Interno Bruto a preços correntes
6,Município,40,Mil Reais,109174,2107209,Nina Rodrigues - MA,2023,2023,37,Produto Interno Bruto a preços correntes
6,Município,40,Mil Reais,95718,2107258,Nova Colinas - MA,2023,2023,37,Produto Interno Bruto a preços correntes
6,Município,40,Mil Reais,53436,2107308,Nova Iorque - MA,2023,2023,37,Produto Interno Bruto a preços correntes
6,Município,40,Mil Reais,171963,2107357,Nova Olinda do Maranhão - MA,2023,2023,37,Produto Interno Bruto a preços correntes
6,Município,40,Mil Reais,225755,2107407,Olho d'Água das Cunhãs - MA,2023,2023,37,Produto Interno Bruto a preços correntes
6,Município,40,Mil Reais,132761,2107456,Olinda Nova do Maranhão - MA,2023,2023,37,Produto Interno Bruto a preços correntes
6,Município,40,Mil Reais,1643537,2107506,Paço do Lumiar - MA,2023,2023,37,Produto Interno Bruto a preços correntes
6,Município,40,Mil Reais,188190,2107605,Palmeirândia - MA,2023,2023,37,Produto Interno Bruto a preços correntes
6,Município,40,Mil Reais,210302,2107704,Paraibano - MA,2023,2023,37,Produto Interno Bruto a preços correntes
6,Município,40,Mil Reais,381793,2107803,Parnarama - MA,2023,2023,37,Produto Interno Bruto a preços correntes
6,Município,40,Mil Reais,207014,2107902,Passagem Franca - MA,2023,2023,37,Produto Interno Bruto a preços correntes
6,Município,40,Mil Reais,322652,2108009,Pastos Bons - MA,2023,2023,37,Produto Interno Bruto a preços correntes
6,Município,40,Mil Reais,157984,2108058,Paulino Neves - MA,2023,2023,37,Produto Interno Bruto a preços correntes
6,Município,40,Mil Reais,261075,2108108,Paulo Ramos - MA,2023,2023,37,Produto Interno Bruto a preços correntes
6,Município,40,Mil Reais,830171,2108207,Pedreiras - MA,2023,2023,37,Produto Interno Bruto a preços correntes
6,Município,40,Mil Reais,225795,2108256,Pedro do Rosário - MA,2023,2023,37,Produto Interno Bruto a preços correntes
6,Município,40,Mil Reais,313292,2108306,Penalva - MA,2023,2023,37,Produto Interno Bruto a preços correntes
6,Município,40,Mil Reais,110020,2108405,Peri Mirim - MA,2023,2023,37,Produto Interno Bruto a preços correntes
6,Município,40,Mil Reais,277935,2108454,Peritoró - MA,2023,2023,37,Produto Interno Bruto a preços correntes
6,Município,40,Mil Reais,356584,2108504,Pindaré-Mirim - MA,2023,2023,37,Produto Interno Bruto a preços correntes
6,Município,40,Mil Reais,1333000,2108603,Pinheiro - MA,2023,2023,37,Produto Interno Bruto a preços correntes
6,Município,40,Mil Reais,269345,2108702,Pio XII - MA,2023,2023,37,Produto Interno Bruto a preços correntes
6,Município,40,Mil Reais,185469,2108801,Pirapemas - MA,2023,2023,37,Produto Interno Bruto a preços correntes
6,Município,40,Mil Reais,221327,2108900,Poção de Pedras - MA,2023,2023,37,Produto Interno Bruto a preços correntes
6,Município,40,Mil Reais,1252850,2109007,Porto Franco - MA,2023,2023,37,Produto Interno Bruto a preços correntes
6,Município,40,Mil Reais,63769,2109056,Porto Rico do Maranhão - MA,2023,2023,37,Produto Interno Bruto a preços correntes
6,Município,40,Mil Reais,990073,2109106,Presidente Dutra - MA,2023,2023,37,Produto Interno Bruto a preços correntes
6,Município,40,Mil Reais,102458,2109205,Presidente Juscelino - MA,2023,2023,37,Produto Interno Bruto a preços correntes
6,Município,40,Mil Reais,74488,2109239,Presidente Médici - MA,2023,2023,37,Produto Interno Bruto a preços correntes
6,Município,40,Mil Reais,186043,2109270,Presidente Sarney - MA,2023,2023,37,Produto Interno Bruto a preços correntes
6,Município,40,Mil Reais,108884,2109304,Presidente Vargas - MA,2023,2023,37,Produto Interno Bruto a preços correntes
6,Município,40,Mil Reais,120508,2109403,Primeira Cruz - MA,2023,2023,37,Produto Interno Bruto a preços correntes
6,Município,40,Mil Reais,381071,2109452,Raposa - MA,2023,2023,37,Produto Interno Bruto a preços correntes
6,Município,40,Mil Reais,687701,2109502,Riachão - MA,2023,2023,37,Produto Interno Bruto a preços correntes
6,Município,40,Mil Reais,149001,2109551,Ribamar Fiquene - MA,2023,2023,37,Produto Interno Bruto a preços correntes
6,Município,40,Mil Reais,522395,2109601,Rosário - MA,2023,2023,37,Produto Interno Bruto a preços correntes
6,Município,40,Mil Reais,433340,2109700,Sambaíba - MA,2023,2023,37,Produto Interno Bruto a preços correntes
6,Município,40,Mil Reais,71886,2109759,Santa Filomena do Maranhão - MA,2023,2023,37,Produto Interno Bruto a preços correntes
6,Município,40,Mil Reais,483903,2109809,Santa Helena - MA,2023,2023,37,Produto Interno Bruto a preços correntes
6,Município,40,Mil Reais,1837615,2109908,Santa Inês - MA,2023,2023,37,Produto Interno Bruto a preços correntes
6,Município,40,Mil Reais,985809,2110005,Santa Luzia - MA,2023,2023,37,Produto Interno Bruto a preços correntes
6,Município,40,Mil Reais,382764,2110039,Santa Luzia do Paruá - MA,2023,2023,37,Produto Interno Bruto a preços correntes
6,Município,40,Mil Reais,391678,2110104,Santa Quitéria do Maranhão - MA,2023,2023,37,Produto Interno Bruto a preços correntes
6,Município,40,Mil Reais,364746,2110203,Santa Rita - MA,2023,2023,37,Produto Interno Bruto a preços correntes
6,Município,40,Mil Reais,115748,2110237,Santana do Maranhão - MA,2023,2023,37,Produto Interno Bruto a preços correntes
6,Município,40,Mil Reais,131658,2110278,Santo Amaro do Maranhão - MA,2023,2023,37,Produto Interno Bruto a preços correntes
6,Município,40,Mil Reais,5184564,2110302,Santo Antônio dos Lopes - MA,2023,2023,37,Produto Interno Bruto a preços correntes
6,Município,40,Mil Reais,186474,2110401,São Benedito do Rio Preto - MA,2023,2023,37,Produto Interno Bruto a preços correntes
6,Município,40,Mil Reais,404149,2110500,São Bento - MA,2023,2023,37,Produto Interno Bruto a preços correntes
6,Município,40,Mil Reais,384189,2110609,São Bernardo - MA,2023,2023,37,Produto Interno Bruto a preços correntes
6,Município,40,Mil Reais,339609,2110658,São Domingos do Azeitão - MA,2023,2023,37,Produto Interno Bruto a preços correntes
6,Município,40,Mil Reais,479852,2110708,São Domingos do Maranhão - MA,2023,2023,37,Produto Interno Bruto a preços correntes
6,Município,40,Mil Reais,92001,2110807,São Félix de Balsas - MA,2023,2023,37,Produto Interno Bruto a preços correntes
6,Município,40,Mil Reais,138737,2110856,São Francisco do Brejão - MA,2023,2023,37,Produto Interno Bruto a preços correntes
6,Município,40,Mil Reais,127389,2110906,São Francisco do Maranhão - MA,2023,2023,37,Produto Interno Bruto a preços correntes
6,Município,40,Mil Reais,152916,2111003,São João Batista - MA,2023,2023,37,Produto Interno Bruto a preços correntes
6,Município,40,Mil Reais,143797,2111029,São João do Carú - MA,2023,2023,37,Produto Interno Bruto a preços correntes
6,Município,40,Mil Reais,226525,2111052,São João do Paraíso - MA,2023,2023,37,Produto Interno Bruto a preços correntes
6,Município,40,Mil Reais,208559,2111078,São João do Soter - MA,2023,2023,37,Produto Interno Bruto a preços correntes
6,Município,40,Mil Reais,444285,2111102,São João dos Patos - MA,2023,2023,37,Produto Interno Bruto a preços correntes
6,Município,40,Mil Reais,3135579,2111201,São José de Ribamar - MA,2023,2023,37,Produto Interno Bruto a preços correntes
6,Município,40,Mil Reais,75930,2111250,São José dos Basílios - MA,2023,2023,37,Produto Interno Bruto a preços correntes
6,Município,40,Mil Reais,42389051,2111300,São Luís - MA,2023,2023,37,Produto Interno Bruto a preços correntes
6,Município,40,Mil Reais,198315,2111409,São Luís Gonzaga do Maranhão - MA,2023,2023,37,Produto Interno Bruto a preços correntes
6,Município,40,Mil Reais,586548,2111508,São Mateus do Maranhão - MA,2023,2023,37,Produto Interno Bruto a preços correntes
6,Município,40,Mil Reais,149359,2111532,São Pedro da Água Branca - MA,2023,2023,37,Produto Interno Bruto a preços correntes
6,Município,40,Mil Reais,103928,2111573,São Pedro dos Crentes - MA,2023,2023,37,Produto Interno Bruto a preços correntes
6,Município,40,Mil Reais,1090033,2111607,São Raimundo das Mangabeiras - MA,2023,2023,37,Produto Interno Bruto a preços correntes
6,Município,40,Mil Reais,62616,2111631,São Raimundo do Doca Bezerra - MA,2023,2023,37,Produto Interno Bruto a preços correntes
6,Município,40,Mil Reais,58526,2111672,São Roberto - MA,2023,2023,37,Produto Interno Bruto a preços correntes
6,Município,40,Mil Reais,183735,2111706,São Vicente Ferrer - MA,2023,2023,37,Produto Interno Bruto a preços correntes
6,Município,40,Mil Reais,107921,2111722,Satubinha - MA,2023,2023,37,Produto Interno Bruto a preços correntes
6,Município,40,Mil Reais,145324,2111748,Senador Alexandre Costa - MA,2023,2023,37,Produto Interno Bruto a preços correntes
6,Município,40,Mil Reais,225141,2111763,Senador La Rocque - MA,2023,2023,37,Produto Interno Bruto a preços correntes
6,Município,40,Mil Reais,118312,2111789,Serrano do Maranhão - MA,2023,2023,37,Produto Interno Bruto a preços correntes
6,Município,40,Mil Reais,292191,2111805,Sítio Novo - MA,2023,2023,37,Produto Interno Bruto a preços correntes
6,Município,40,Mil Reais,193909,2111904,Sucupira do Norte - MA,2023,2023,37,Produto Interno Bruto a preços correntes
6,Município,40,Mil Reais,63214,2111953,Sucupira do Riachão - MA,2023,2023,37,Produto Interno Bruto a preços correntes
6,Município,40,Mil Reais,2616708,2112001,Tasso Fragoso - MA,2023,2023,37,Produto Interno Bruto a preços correntes
6,Município,40,Mil Reais,248536,2112100,Timbiras - MA,2023,2023,37,Produto Interno Bruto a preços correntes
6,Município,40,Mil Reais,2840126,2112209,Timon - MA,2023,2023,37,Produto Interno Bruto a preços correntes
6,Município,40,Mil Reais,436529,2112233,Trizidela do Vale - MA,2023,2023,37,Produto Interno Bruto a preços correntes
6,Município,40,Mil Reais,75760,2112274,Tufilândia - MA,2023,2023,37,Produto Interno Bruto a preços correntes
6,Município,40,Mil Reais,410127,2112308,Tuntum - MA,2023,2023,37,Produto Interno Bruto a preços correntes
6,Município,40,Mil Reais,414975,2112407,Turiaçu - MA,2023,2023,37,Produto Interno Bruto a preços correntes
6,Município,40,Mil Reais,280000,2112456,Turilândia - MA,2023,2023,37,Produto Interno Bruto a preços correntes
6,Município,40,Mil Reais,642713,2112506,Tutóia - MA,2023,2023,37,Produto Interno Bruto a preços correntes
6,Município,40,Mil Reais,315151,2112605,Urbano Santos - MA,2023,2023,37,Produto Interno Bruto a preços correntes
6,Município,40,Mil Reais,467351,2112704,Vargem Grande - MA,2023,2023,37,Produto Interno Bruto a preços correntes
6,Município,40,Mil Reais,608731,2112803,Viana - MA,2023,2023,37,Produto Interno Bruto a preços correntes
6,Município,40,Mil Reais,191495,2112852,Vila Nova dos Martírios - MA,2023,2023,37,Produto Interno Bruto a preços correntes
6,Município,40,Mil Reais,410267,2112902,Vitória do Mearim - MA,2023,2023,37,Produto Interno Bruto a preços correntes
6,Município,40,Mil Reais,411453,2113009,Vitorino Freire - MA,2023,2023,37,Produto Interno Bruto a preços correntes
6,Município,40,Mil Reais,685858,2114007,Zé Doca - MA,2023,2023,37,Produto Interno Bruto a preços correntes
6,Município,40,Mil Reais,84924,2200053,Acauã - PI,2023,2023,37,Produto Interno Bruto a preços correntes
6,Município,40,Mil Reais,57335,2200103,Agricolândia - PI,2023,2023,37,Produto Interno Bruto a preços correntes
6,Município,40,Mil Reais,303532,2200202,Água Branca - PI,2023,2023,37,Produto Interno Bruto a preços correntes
6,Município,40,Mil Reais,80787,2200251,Alagoinha do Piauí - PI,2023,2023,37,Produto Interno Bruto a preços correntes
6,Município,40,Mil Reais,56359,2200277,Alegrete do Piauí - PI,2023,2023,37,Produto Interno Bruto a preços correntes
6,Município,40,Mil Reais,146913,2200301,Alto Longá - PI,2023,2023,37,Produto Interno Bruto a preços correntes
6,Município,40,Mil Reais,764914,2200400,Altos - PI,2023,2023,37,Produto Interno Bruto a preços correntes
6,Município,40,Mil Reais,109088,2200459,Alvorada do Gurguéia - PI,2023,2023,37,Produto Interno Bruto a preços correntes
6,Município,40,Mil Reais,243954,2200509,Amarante - PI,2023,2023,37,Produto Interno Bruto a preços correntes
6,Município,40,Mil Reais,84772,2200608,Angical do Piauí - PI,2023,2023,37,Produto Interno Bruto a preços correntes
6,Município,40,Mil Reais,124990,2200707,Anísio de Abreu - PI,2023,2023,37,Produto Interno Bruto a preços correntes
6,Município,40,Mil Reais,197619,2200806,Antônio Almeida - PI,2023,2023,37,Produto Interno Bruto a preços correntes
6,Município,40,Mil Reais,69489,2200905,Aroazes - PI,2023,2023,37,Produto Interno Bruto a preços correntes
6,Município,40,Mil Reais,31540,2200954,Aroeiras do Itaim - PI,2023,2023,37,Produto Interno Bruto a preços correntes
6,Município,40,Mil Reais,60133,2201002,Arraial - PI,2023,2023,37,Produto Interno Bruto a preços correntes
6,Município,40,Mil Reais,81045,2201051,Assunção do Piauí - PI,2023,2023,37,Produto Interno Bruto a preços correntes
6,Município,40,Mil Reais,127137,2201101,Avelino Lopes - PI,2023,2023,37,Produto Interno Bruto a preços correntes
6,Município,40,Mil Reais,2657264,2201150,Baixa Grande do Ribeiro - PI,2023,2023,37,Produto Interno Bruto a preços correntes
6,Município,40,Mil Reais,47271,2201176,Barra D'Alcântara - PI,2023,2023,37,Produto Interno Bruto a preços correntes
6,Município,40,Mil Reais,673463,2201200,Barras - PI,2023,2023,37,Produto Interno Bruto a preços correntes
6,Município,40,Mil Reais,137542,2201309,Barreiras do Piauí - PI,2023,2023,37,Produto Interno Bruto a preços correntes
6,Município,40,Mil Reais,104885,2201408,Barro Duro - PI,2023,2023,37,Produto Interno Bruto a preços correntes
6,Município,40,Mil Reais,306176,2201507,Batalha - PI,2023,2023,37,Produto Interno Bruto a preços correntes
6,Município,40,Mil Reais,63283,2201556,Bela Vista do Piauí - PI,2023,2023,37,Produto Interno Bruto a preços correntes
6,Município,40,Mil Reais,47523,2201572,Belém do Piauí - PI,2023,2023,37,Produto Interno Bruto a preços correntes
6,Município,40,Mil Reais,118265,2201606,Beneditinos - PI,2023,2023,37,Produto Interno Bruto a preços correntes
6,Município,40,Mil Reais,90844,2201705,Bertolínia - PI,2023,2023,37,Produto Interno Bruto a preços correntes
6,Município,40,Mil Reais,120127,2201739,Betânia do Piauí - PI,2023,2023,37,Produto Interno Bruto a preços correntes
6,Município,40,Mil Reais,77969,2201770,Boa Hora - PI,2023,2023,37,Produto Interno Bruto a preços correntes
6,Município,40,Mil Reais,53637,2201804,Bocaina - PI,2023,2023,37,Produto Interno Bruto a preços correntes
6,Município,40,Mil Reais,1661674,2201903,Bom Jesus - PI,2023,2023,37,Produto Interno Bruto a preços correntes
6,Município,40,Mil Reais,82659,2201919,Bom Princípio do Piauí - PI,2023,2023,37,Produto Interno Bruto a preços correntes
6,Município,40,Mil Reais,68106,2201929,Bonfim do Piauí - PI,2023,2023,37,Produto Interno Bruto a preços correntes
6,Município,40,Mil Reais,67424,2201945,Boqueirão do Piauí - PI,2023,2023,37,Produto Interno Bruto a preços correntes
6,Município,40,Mil Reais,101117,2201960,Brasileira - PI,2023,2023,37,Produto Interno Bruto a preços correntes
6,Município,40,Mil Reais,57956,2201988,Brejo do Piauí - PI,2023,2023,37,Produto Interno Bruto a preços correntes
6,Município,40,Mil Reais,276426,2202000,Buriti dos Lopes - PI,2023,2023,37,Produto Interno Bruto a preços correntes
6,Município,40,Mil Reais,98669,2202026,Buriti dos Montes - PI,2023,2023,37,Produto Interno Bruto a preços correntes
6,Município,40,Mil Reais,107817,2202059,Cabeceiras do Piauí - PI,2023,2023,37,Produto Interno Bruto a preços correntes
6,Município,40,Mil Reais,45637,2202075,Cajazeiras do Piauí - PI,2023,2023,37,Produto Interno Bruto a preços correntes
6,Município,40,Mil Reais,152471,2202083,Cajueiro da Praia - PI,2023,2023,37,Produto Interno Bruto a preços correntes
6,Município,40,Mil Reais,243767,2202091,Caldeirão Grande do Piauí - PI,2023,2023,37,Produto Interno Bruto a preços correntes
6,Município,40,Mil Reais,75221,2202109,Campinas do Piauí - PI,2023,2023,37,Produto Interno Bruto a preços correntes
6,Município,40,Mil Reais,62191,2202117,Campo Alegre do Fidalgo - PI,2023,2023,37,Produto Interno Bruto a preços correntes
6,Município,40,Mil Reais,77243,2202133,Campo Grande do Piauí - PI,2023,2023,37,Produto Interno Bruto a preços correntes
6,Município,40,Mil Reais,80881,2202174,Campo Largo do Piauí - PI,2023,2023,37,Produto Interno Bruto a preços correntes
6,Município,40,Mil Reais,940802,2202208,Campo Maior - PI,2023,2023,37,Produto Interno Bruto a preços correntes
6,Município,40,Mil Reais,52032,2202251,Canavieira - PI,2023,2023,37,Produto Interno Bruto a preços correntes
6,Município,40,Mil Reais,342972,2202307,Canto do Buriti - PI,2023,2023,37,Produto Interno Bruto a preços correntes
6,Município,40,Mil Reais,133031,2202406,Capitão de Campos - PI,2023,2023,37,Produto Interno Bruto a preços correntes
6,Município,40,Mil Reais,58704,2202455,Capitão Gervásio Oliveira - PI,2023,2023,37,Produto Interno Bruto a preços correntes
6,Município,40,Mil Reais,127543,2202505,Caracol - PI,2023,2023,37,Produto Interno Bruto a preços correntes
6,Município,40,Mil Reais,67977,2202539,Caraúbas do Piauí - PI,2023,2023,37,Produto Interno Bruto a preços correntes
6,Município,40,Mil Reais,72564,2202554,Caridade do Piauí - PI,2023,2023,37,Produto Interno Bruto a preços correntes
6,Município,40,Mil Reais,234521,2202604,Castelo do Piauí - PI,2023,2023,37,Produto Interno Bruto a preços correntes
6,Município,40,Mil Reais,68616,2202653,Caxingó - PI,2023,2023,37,Produto Interno Bruto a preços correntes
6,Município,40,Mil Reais,351832,2202703,Cocal - PI,2023,2023,37,Produto Interno Bruto a preços correntes
6,Município,40,Mil Reais,60324,2202711,Cocal de Telha - PI,2023,2023,37,Produto Interno Bruto a preços correntes
6,Município,40,Mil Reais,73414,2202729,Cocal dos Alves - PI,2023,2023,37,Produto Interno Bruto a preços correntes
6,Município,40,Mil Reais,50029,2202737,Coivaras - PI,2023,2023,37,Produto Interno Bruto a preços correntes
6,Município,40,Mil Reais,92949,2202752,Colônia do Gurguéia - PI,2023,2023,37,Produto Interno Bruto a preços correntes
6,Município,40,Mil Reais,82383,2202778,Colônia do Piauí - PI,2023,2023,37,Produto Interno Bruto a preços correntes
6,Município,40,Mil Reais,88408,2202802,Conceição do Canindé - PI,2023,2023,37,Produto Interno Bruto a preços correntes
6,Município,40,Mil Reais,55718,2202851,Coronel José Dias - PI,2023,2023,37,Produto Interno Bruto a preços correntes
6,Município,40,Mil Reais,764222,2202901,Corrente - PI,2023,2023,37,Produto Interno Bruto a preços correntes
6,Município,40,Mil Reais,89547,2203008,Cristalândia do Piauí - PI,2023,2023,37,Produto Interno Bruto a preços correntes
6,Município,40,Mil Reais,155696,2203107,Cristino Castro - PI,2023,2023,37,Produto Interno Bruto a preços correntes
6,Município,40,Mil Reais,186259,2203206,Curimatá - PI,2023,2023,37,Produto Interno Bruto a preços correntes
6,Município,40,Mil Reais,569946,2203230,Currais - PI,2023,2023,37,Produto Interno Bruto a preços correntes
6,Município,40,Mil Reais,53723,2203255,Curralinhos - PI,2023,2023,37,Produto Interno Bruto a preços correntes
6,Município,40,Mil Reais,98620,2203271,Curral Novo do Piauí - PI,2023,2023,37,Produto Interno Bruto a preços correntes
6,Município,40,Mil Reais,343573,2203305,Demerval Lobão - PI,2023,2023,37,Produto Interno Bruto a preços correntes
6,Município,40,Mil Reais,89611,2203354,Dirceu Arcoverde - PI,2023,2023,37,Produto Interno Bruto a preços correntes
6,Município,40,Mil Reais,93969,2203404,Dom Expedito Lopes - PI,2023,2023,37,Produto Interno Bruto a preços correntes
6,Município,40,Mil Reais,55943,2203420,Domingos Mourão - PI,2023,2023,37,Produto Interno Bruto a preços correntes
6,Município,40,Mil Reais,212410,2203453,Dom Inocêncio - PI,2023,2023,37,Produto Interno Bruto a preços correntes
6,Município,40,Mil Reais,208873,2203503,Elesbão Veloso - PI,2023,2023,37,Produto Interno Bruto a preços correntes
6,Município,40,Mil Reais,65844,2203602,Eliseu Martins - PI,2023,2023,37,Produto Interno Bruto a preços correntes
6,Município,40,Mil Reais,630893,2203701,Esperantina - PI,2023,2023,37,Produto Interno Bruto a preços correntes
6,Município,40,Mil Reais,63132,2203750,Fartura do Piauí - PI,2023,2023,37,Produto Interno Bruto a preços correntes
6,Município,40,Mil Reais,55149,2203800,Flores do Piauí - PI,2023,2023,37,Produto Interno Bruto a preços correntes
6,Município,40,Mil Reais,31642,2203859,Floresta do Piauí - PI,2023,2023,37,Produto Interno Bruto a preços correntes
6,Município,40,Mil Reais,1693508,2203909,Floriano - PI,2023,2023,37,Produto Interno Bruto a preços correntes
6,Município,40,Mil Reais,57191,2204006,Francinópolis - PI,2023,2023,37,Produto Interno Bruto a preços correntes
6,Município,40,Mil Reais,66833,2204105,Francisco Ayres - PI,2023,2023,37,Produto Interno Bruto a preços correntes
6,Município,40,Mil Reais,37456,2204154,Francisco Macedo - PI,2023,2023,37,Produto Interno Bruto a preços correntes
6,Município,40,Mil Reais,111541,2204204,Francisco Santos - PI,2023,2023,37,Produto Interno Bruto a preços correntes
6,Município,40,Mil Reais,140145,2204303,Fronteiras - PI,2023,2023,37,Produto Interno Bruto a preços correntes
6,Município,40,Mil Reais,70886,2204352,Geminiano - PI,2023,2023,37,Produto Interno Bruto a preços correntes
6,Município,40,Mil Reais,490465,2204402,Gilbués - PI,2023,2023,37,Produto Interno Bruto a preços correntes
6,Município,40,Mil Reais,584966,2204501,Guadalupe - PI,2023,2023,37,Produto Interno Bruto a preços correntes
6,Município,40,Mil Reais,60294,2204550,Guaribas - PI,2023,2023,37,Produto Interno Bruto a preços correntes
6,Município,40,Mil Reais,41161,2204600,Hugo Napoleão - PI,2023,2023,37,Produto Interno Bruto a preços correntes
6,Município,40,Mil Reais,132842,2204659,Ilha Grande - PI,2023,2023,37,Produto Interno Bruto a preços correntes
6,Município,40,Mil Reais,190110,2204709,Inhuma - PI,2023,2023,37,Produto Interno Bruto a preços correntes
6,Município,40,Mil Reais,101790,2204808,Ipiranga do Piauí - PI,2023,2023,37,Produto Interno Bruto a preços correntes
6,Município,40,Mil Reais,93919,2204907,Isaías Coelho - PI,2023,2023,37,Produto Interno Bruto a preços correntes
6,Município,40,Mil Reais,126851,2205003,Itainópolis - PI,2023,2023,37,Produto Interno Bruto a preços correntes
6,Município,40,Mil Reais,164342,2205102,Itaueira - PI,2023,2023,37,Produto Interno Bruto a preços correntes
6,Município,40,Mil Reais,91192,2205151,Jacobina do Piauí - PI,2023,2023,37,Produto Interno Bruto a preços correntes
6,Município,40,Mil Reais,214290,2205201,Jaicós - PI,2023,2023,37,Produto Interno Bruto a preços correntes
6,Município,40,Mil Reais,51476,2205250,Jardim do Mulato - PI,2023,2023,37,Produto Interno Bruto a preços correntes
6,Município,40,Mil Reais,70003,2205276,Jatobá do Piauí - PI,2023,2023,37,Produto Interno Bruto a preços correntes
6,Município,40,Mil Reais,68875,2205300,Jerumenha - PI,2023,2023,37,Produto Interno Bruto a preços correntes
6,Município,40,Mil Reais,82059,2205359,João Costa - PI,2023,2023,37,Produto Interno Bruto a preços correntes
6,Município,40,Mil Reais,145543,2205409,Joaquim Pires - PI,2023,2023,37,Produto Interno Bruto a preços correntes
6,Município,40,Mil Reais,58125,2205458,Joca Marques - PI,2023,2023,37,Produto Interno Bruto a preços correntes
6,Município,40,Mil Reais,553848,2205508,José de Freitas - PI,2023,2023,37,Produto Interno Bruto a preços correntes
6,Município,40,Mil Reais,67355,2205516,Juazeiro do Piauí - PI,2023,2023,37,Produto Interno Bruto a preços correntes
6,Município,40,Mil Reais,107847,2205524,Júlio Borges - PI,2023,2023,37,Produto Interno Bruto a preços correntes
6,Município,40,Mil Reais,58058,2205532,Jurema - PI,2023,2023,37,Produto Interno Bruto a preços correntes
6,Município,40,Mil Reais,46590,2205540,Lagoinha do Piauí - PI,2023,2023,37,Produto Interno Bruto a preços correntes
6,Município,40,Mil Reais,96065,2205557,Lagoa Alegre - PI,2023,2023,37,Produto Interno Bruto a preços correntes
6,Município,40,Mil Reais,368693,2205565,Lagoa do Barro do Piauí - PI,2023,2023,37,Produto Interno Bruto a preços correntes
6,Município,40,Mil Reais,68299,2205573,Lagoa de São Francisco - PI,2023,2023,37,Produto Interno Bruto a preços correntes
6,Município,40,Mil Reais,100849,2205581,Lagoa do Piauí - PI,2023,2023,37,Produto Interno Bruto a preços correntes
6,Município,40,Mil Reais,53534,2205599,Lagoa do Sítio - PI,2023,2023,37,Produto Interno Bruto a preços correntes
6,Município,40,Mil Reais,129242,2205607,Landri Sales - PI,2023,2023,37,Produto Interno Bruto a preços correntes
6,Município,40,Mil Reais,461806,2205706,Luís Correia - PI,2023,2023,37,Produto Interno Bruto a preços correntes
6,Município,40,Mil Reais,318552,2205805,Luzilândia - PI,2023,2023,37,Produto Interno Bruto a preços correntes
6,Município,40,Mil Reais,87322,2205854,Madeiro - PI,2023,2023,37,Produto Interno Bruto a preços correntes
6,Município,40,Mil Reais,69457,2205904,Manoel Emídio - PI,2023,2023,37,Produto Interno Bruto a preços correntes
6,Município,40,Mil Reais,194855,2205953,Marcolândia - PI,2023,2023,37,Produto Interno Bruto a preços correntes
6,Município,40,Mil Reais,68705,2206001,Marcos Parente - PI,2023,2023,37,Produto Interno Bruto a preços correntes
6,Município,40,Mil Reais,60923,2206050,Massapê do Piauí - PI,2023,2023,37,Produto Interno Bruto a preços correntes
6,Município,40,Mil Reais,132516,2206100,Matias Olímpio - PI,2023,2023,37,Produto Interno Bruto a preços correntes
6,Município,40,Mil Reais,421897,2206209,Miguel Alves - PI,2023,2023,37,Produto Interno Bruto a preços correntes
6,Município,40,Mil Reais,34693,2206308,Miguel Leão - PI,2023,2023,37,Produto Interno Bruto a preços correntes
6,Município,40,Mil Reais,67925,2206357,Milton Brandão - PI,2023,2023,37,Produto Interno Bruto a preços correntes
6,Município,40,Mil Reais,161627,2206407,Monsenhor Gil - PI,2023,2023,37,Produto Interno Bruto a preços correntes
6,Município,40,Mil Reais,91424,2206506,Monsenhor Hipólito - PI,2023,2023,37,Produto Interno Bruto a preços correntes
6,Município,40,Mil Reais,391314,2206605,Monte Alegre do Piauí - PI,2023,2023,37,Produto Interno Bruto a preços correntes
6,Município,40,Mil Reais,53314,2206654,Morro Cabeça no Tempo - PI,2023,2023,37,Produto Interno Bruto a preços correntes
6,Município,40,Mil Reais,75684,2206670,Morro do Chapéu do Piauí - PI,2023,2023,37,Produto Interno Bruto a preços correntes
6,Município,40,Mil Reais,103630,2206696,Murici dos Portelas - PI,2023,2023,37,Produto Interno Bruto a preços correntes
6,Município,40,Mil Reais,78812,2206704,Nazaré do Piauí - PI,2023,2023,37,Produto Interno Bruto a preços correntes
6,Município,40,Mil Reais,134076,2206720,Nazária - PI,2023,2023,37,Produto Interno Bruto a preços correntes
6,Município,40,Mil Reais,69230,2206753,Nossa Senhora de Nazaré - PI,2023,2023,37,Produto Interno Bruto a preços correntes
6,Município,40,Mil Reais,117751,2206803,Nossa Senhora dos Remédios - PI,2023,2023,37,Produto Interno Bruto a preços correntes
6,Município,40,Mil Reais,66803,2206902,Novo Oriente do Piauí - PI,2023,2023,37,Produto Interno Bruto a preços correntes
6,Município,40,Mil Reais,38563,2206951,Novo Santo Antônio - PI,2023,2023,37,Produto Interno Bruto a preços correntes
6,Município,40,Mil Reais,740096,2207009,Oeiras - PI,2023,2023,37,Produto Interno Bruto a preços correntes
6,Município,40,Mil Reais,38346,2207108,Olho D'Água do Piauí - PI,2023,2023,37,Produto Interno Bruto a preços correntes
6,Município,40,Mil Reais,88445,2207207,Padre Marcos - PI,2023,2023,37,Produto Interno Bruto a preços correntes
6,Município,40,Mil Reais,58224,2207306,Paes Landim - PI,2023,2023,37,Produto Interno Bruto a preços correntes
6,Município,40,Mil Reais,61084,2207355,Pajeú do Piauí - PI,2023,2023,37,Produto Interno Bruto a preços correntes
6,Município,40,Mil Reais,180249,2207405,Palmeira do Piauí - PI,2023,2023,37,Produto Interno Bruto a preços correntes
6,Município,40,Mil Reais,167663,2207504,Palmeirais - PI,2023,2023,37,Produto Interno Bruto a preços correntes
6,Município,40,Mil Reais,53217,2207553,Paquetá - PI,2023,2023,37,Produto Interno Bruto a preços correntes
6,Município,40,Mil Reais,133949,2207603,Parnaguá - PI,2023,2023,37,Produto Interno Bruto a preços correntes
6,Município,40,Mil Reais,3682146,2207702,Parnaíba - PI,2023,2023,37,Produto Interno Bruto a preços correntes
6,Município,40,Mil Reais,62728,2207751,Passagem Franca do Piauí - PI,2023,2023,37,Produto Interno Bruto a preços correntes
6,Município,40,Mil Reais,65641,2207777,Patos do Piauí - PI,2023,2023,37,Produto Interno Bruto a preços correntes
6,Município,40,Mil Reais,43954,2207793,Pau D'Arco do Piauí - PI,2023,2023,37,Produto Interno Bruto a preços correntes
6,Município,40,Mil Reais,359215,2207801,Paulistana - PI,2023,2023,37,Produto Interno Bruto a preços correntes
6,Município,40,Mil Reais,45823,2207850,Pavussu - PI,2023,2023,37,Produto Interno Bruto a preços correntes
6,Município,40,Mil Reais,499936,2207900,Pedro II - PI,2023,2023,37,Produto Interno Bruto a preços correntes
6,Município,40,Mil Reais,38185,2207934,Pedro Laurentino - PI,2023,2023,37,Produto Interno Bruto a preços correntes
6,Município,40,Mil Reais,51654,2207959,Nova Santa Rita - PI,2023,2023,37,Produto Interno Bruto a preços correntes
6,Município,40,Mil Reais,2456682,2208007,Picos - PI,2023,2023,37,Produto Interno Bruto a preços correntes
6,Município,40,Mil Reais,120257,2208106,Pimenteiras - PI,2023,2023,37,Produto Interno Bruto a preços correntes
6,Município,40,Mil Reais,234055,2208205,Pio IX - PI,2023,2023,37,Produto Interno Bruto a preços correntes
6,Município,40,Mil Reais,464676,2208304,Piracuruca - PI,2023,2023,37,Produto Interno Bruto a preços correntes
6,Município,40,Mil Reais,1242361,2208403,Piripiri - PI,2023,2023,37,Produto Interno Bruto a preços correntes
6,Município,40,Mil Reais,143077,2208502,Porto - PI,2023,2023,37,Produto Interno Bruto a preços correntes
6,Município,40,Mil Reais,47843,2208551,Porto Alegre do Piauí - PI,2023,2023,37,Produto Interno Bruto a preços correntes
6,Município,40,Mil Reais,43355,2208601,Prata do Piauí - PI,2023,2023,37,Produto Interno Bruto a preços correntes
6,Município,40,Mil Reais,188828,2208650,Queimada Nova - PI,2023,2023,37,Produto Interno Bruto a preços correntes
6,Município,40,Mil Reais,125613,2208700,Redenção do Gurguéia - PI,2023,2023,37,Produto Interno Bruto a preços correntes
6,Município,40,Mil Reais,337226,2208809,Regeneração - PI,2023,2023,37,Produto Interno Bruto a preços correntes
6,Município,40,Mil Reais,61503,2208858,Riacho Frio - PI,2023,2023,37,Produto Interno Bruto a preços correntes
6,Município,40,Mil Reais,278046,2208874,Ribeira do Piauí - PI,2023,2023,37,Produto Interno Bruto a preços correntes
6,Município,40,Mil Reais,927445,2208908,Ribeiro Gonçalves - PI,2023,2023,37,Produto Interno Bruto a preços correntes
6,Município,40,Mil Reais,75898,2209005,Rio Grande do Piauí - PI,2023,2023,37,Produto Interno Bruto a preços correntes
6,Município,40,Mil Reais,78053,2209104,Santa Cruz do Piauí - PI,2023,2023,37,Produto Interno Bruto a preços correntes
6,Município,40,Mil Reais,51690,2209153,Santa Cruz dos Milagres - PI,2023,2023,37,Produto Interno Bruto a preços correntes
6,Município,40,Mil Reais,789358,2209203,Santa Filomena - PI,2023,2023,37,Produto Interno Bruto a preços correntes
6,Município,40,Mil Reais,87685,2209302,Santa Luz - PI,2023,2023,37,Produto Interno Bruto a preços correntes
6,Município,40,Mil Reais,52380,2209351,Santana do Piauí - PI,2023,2023,37,Produto Interno Bruto a preços correntes
6,Município,40,Mil Reais,63445,2209377,Santa Rosa do Piauí - PI,2023,2023,37,Produto Interno Bruto a preços correntes
6,Município,40,Mil Reais,97849,2209401,Santo Antônio de Lisboa - PI,2023,2023,37,Produto Interno Bruto a preços correntes
6,Município,40,Mil Reais,25284,2209450,Santo Antônio dos Milagres - PI,2023,2023,37,Produto Interno Bruto a preços correntes
6,Município,40,Mil Reais,49248,2209500,Santo Inácio do Piauí - PI,2023,2023,37,Produto Interno Bruto a preços correntes
6,Município,40,Mil Reais,53740,2209559,São Braz do Piauí - PI,2023,2023,37,Produto Interno Bruto a preços correntes
6,Município,40,Mil Reais,38023,2209609,São Félix do Piauí - PI,2023,2023,37,Produto Interno Bruto a preços correntes
6,Município,40,Mil Reais,68222,2209658,São Francisco de Assis do Piauí - PI,2023,2023,37,Produto Interno Bruto a preços correntes
6,Município,40,Mil Reais,67264,2209708,São Francisco do Piauí - PI,2023,2023,37,Produto Interno Bruto a preços correntes
6,Município,40,Mil Reais,64213,2209757,São Gonçalo do Gurguéia - PI,2023,2023,37,Produto Interno Bruto a preços correntes
6,Município,40,Mil Reais,80523,2209807,São Gonçalo do Piauí - PI,2023,2023,37,Produto Interno Bruto a preços correntes
6,Município,40,Mil Reais,54282,2209856,São João da Canabrava - PI,2023,2023,37,Produto Interno Bruto a preços correntes
6,Município,40,Mil Reais,74940,2209872,São João da Fronteira - PI,2023,2023,37,Produto Interno Bruto a preços correntes
6,Município,40,Mil Reais,72738,2209906,São João da Serra - PI,2023,2023,37,Produto Interno Bruto a preços correntes
6,Município,40,Mil Reais,45940,2209955,São João da Varjota - PI,2023,2023,37,Produto Interno Bruto a preços correntes
6,Município,40,Mil Reais,95904,2209971,São João do Arraial - PI,2023,2023,37,Produto Interno Bruto a preços correntes
6,Município,40,Mil Reais,418479,2210003,São João do Piauí - PI,2023,2023,37,Produto Interno Bruto a preços correntes
6,Município,40,Mil Reais,83009,2210052,São José do Divino - PI,2023,2023,37,Produto Interno Bruto a preços correntes
6,Município,40,Mil Reais,50039,2210102,São José do Peixe - PI,2023,2023,37,Produto Interno Bruto a preços correntes
6,Município,40,Mil Reais,81017,2210201,São José do Piauí - PI,2023,2023,37,Produto Interno Bruto a preços correntes
6,Município,40,Mil Reais,67832,2210300,São Julião - PI,2023,2023,37,Produto Interno Bruto a preços correntes
6,Município,40,Mil Reais,54907,2210359,São Lourenço do Piauí - PI,2023,2023,37,Produto Interno Bruto a preços correntes
6,Município,40,Mil Reais,28433,2210375,São Luis do Piauí - PI,2023,2023,37,Produto Interno Bruto a preços correntes
6,Município,40,Mil Reais,32909,2210383,São Miguel da Baixa Grande - PI,2023,2023,37,Produto Interno Bruto a preços correntes
6,Município,40,Mil Reais,36836,2210391,São Miguel do Fidalgo - PI,2023,2023,37,Produto Interno Bruto a preços correntes
6,Município,40,Mil Reais,206592,2210409,São Miguel do Tapuio - PI,2023,2023,37,Produto Interno Bruto a preços correntes
6,Município,40,Mil Reais,159452,2210508,São Pedro do Piauí - PI,2023,2023,37,Produto Interno Bruto a preços correntes
6,Município,40,Mil Reais,761785,2210607,São Raimundo Nonato - PI,2023,2023,37,Produto Interno Bruto a preços correntes
6,Município,40,Mil Reais,57577,2210623,Sebastião Barros - PI,2023,2023,37,Produto Interno Bruto a preços correntes
6,Município,40,Mil Reais,724911,2210631,Sebastião Leal - PI,2023,2023,37,Produto Interno Bruto a preços correntes
6,Município,40,Mil Reais,97006,2210656,Sigefredo Pacheco - PI,2023,2023,37,Produto Interno Bruto a preços correntes
6,Município,40,Mil Reais,543068,2210706,Simões - PI,2023,2023,37,Produto Interno Bruto a preços correntes
6,Município,40,Mil Reais,236711,2210805,Simplício Mendes - PI,2023,2023,37,Produto Interno Bruto a preços correntes
6,Município,40,Mil Reais,52907,2210904,Socorro do Piauí - PI,2023,2023,37,Produto Interno Bruto a preços correntes
6,Município,40,Mil Reais,85293,2210938,Sussuapara - PI,2023,2023,37,Produto Interno Bruto a preços correntes
6,Município,40,Mil Reais,39134,2210953,Tamboril do Piauí - PI,2023,2023,37,Produto Interno Bruto a preços correntes
6,Município,40,Mil Reais,44035,2210979,Tanque do Piauí - PI,2023,2023,37,Produto Interno Bruto a preços correntes
6,Município,40,Mil Reais,29449063,2211001,Teresina - PI,2023,2023,37,Produto Interno Bruto a preços correntes
6,Município,40,Mil Reais,609122,2211100,União - PI,2023,2023,37,Produto Interno Bruto a preços correntes
6,Município,40,Mil Reais,4226266,2211209,Uruçuí - PI,2023,2023,37,Produto Interno Bruto a preços correntes
6,Município,40,Mil Reais,385864,2211308,Valença do Piauí - PI,2023,2023,37,Produto Interno Bruto a preços correntes
6,Município,40,Mil Reais,60846,2211357,Várzea Branca - PI,2023,2023,37,Produto Interno Bruto a preços correntes
6,Município,40,Mil Reais,54664,2211407,Várzea Grande - PI,2023,2023,37,Produto Interno Bruto a preços correntes
6,Município,40,Mil Reais,38796,2211506,Vera Mendes - PI,2023,2023,37,Produto Interno Bruto a preços correntes
6,Município,40,Mil Reais,41921,2211605,Vila Nova do Piauí - PI,2023,2023,37,Produto Interno Bruto a preços correntes
6,Município,40,Mil Reais,58144,2211704,Wall Ferraz - PI,2023,2023,37,Produto Interno Bruto a preços correntes
6,Município,40,Mil Reais,143730,2300101,Abaiara - CE,2023,2023,37,Produto Interno Bruto a preços correntes
6,Município,40,Mil Reais,220474,2300150,Acarape - CE,2023,2023,37,Produto Interno Bruto a preços correntes
6,Município,40,Mil Reais,1250251,2300200,Acaraú - CE,2023,2023,37,Produto Interno Bruto a preços correntes
6,Município,40,Mil Reais,693535,2300309,Acopiara - CE,2023,2023,37,Produto Interno Bruto a preços correntes
6,Município,40,Mil Reais,169076,2300408,Aiuaba - CE,2023,2023,37,Produto Interno Bruto a preços correntes
6,Município,40,Mil Reais,115643,2300507,Alcântaras - CE,2023,2023,37,Produto Interno Bruto a preços correntes
6,Município,40,Mil Reais,92128,2300606,Altaneira - CE,2023,2023,37,Produto Interno Bruto a preços correntes
6,Município,40,Mil Reais,273863,2300705,Alto Santo - CE,2023,2023,37,Produto Interno Bruto a preços correntes
6,Município,40,Mil Reais,808126,2300754,Amontada - CE,2023,2023,37,Produto Interno Bruto a preços correntes
6,Município,40,Mil Reais,101191,2300804,Antonina do Norte - CE,2023,2023,37,Produto Interno Bruto a preços correntes
6,Município,40,Mil Reais,166864,2300903,Apuiarés - CE,2023,2023,37,Produto Interno Bruto a preços correntes
6,Município,40,Mil Reais,4851008,2301000,Aquiraz - CE,2023,2023,37,Produto Interno Bruto a preços correntes
6,Município,40,Mil Reais,1966473,2301109,Aracati - CE,2023,2023,37,Produto Interno Bruto a preços correntes
6,Município,40,Mil Reais,336284,2301208,Aracoiaba - CE,2023,2023,37,Produto Interno Bruto a preços correntes
6,Município,40,Mil Reais,143424,2301257,Ararendá - CE,2023,2023,37,Produto Interno Bruto a preços correntes
6,Município,40,Mil Reais,259168,2301307,Araripe - CE,2023,2023,37,Produto Interno Bruto a preços correntes
6,Município,40,Mil Reais,191055,2301406,Aratuba - CE,2023,2023,37,Produto Interno Bruto a preços correntes
6,Município,40,Mil Reais,88078,2301505,Arneiroz - CE,2023,2023,37,Produto Interno Bruto a preços correntes
6,Município,40,Mil Reais,309804,2301604,Assaré - CE,2023,2023,37,Produto Interno Bruto a preços correntes
6,Município,40,Mil Reais,291950,2301703,Aurora - CE,2023,2023,37,Produto Interno Bruto a preços correntes
6,Município,40,Mil Reais,72488,2301802,Baixio - CE,2023,2023,37,Produto Interno Bruto a preços correntes
6,Município,40,Mil Reais,318579,2301851,Banabuiú - CE,2023,2023,37,Produto Interno Bruto a preços correntes
6,Município,40,Mil Reais,1646404,2301901,Barbalha - CE,2023,2023,37,Produto Interno Bruto a preços correntes
6,Município,40,Mil Reais,289445,2301950,Barreira - CE,2023,2023,37,Produto Interno Bruto a preços correntes
6,Município,40,Mil Reais,286557,2302008,Barro - CE,2023,2023,37,Produto Interno Bruto a preços correntes
6,Município,40,Mil Reais,169758,2302057,Barroquinha - CE,2023,2023,37,Produto Interno Bruto a preços correntes
6,Município,40,Mil Reais,578203,2302107,Baturité - CE,2023,2023,37,Produto Interno Bruto a preços correntes
6,Município,40,Mil Reais,1445505,2302206,Beberibe - CE,2023,2023,37,Produto Interno Bruto a preços correntes
6,Município,40,Mil Reais,381568,2302305,Bela Cruz - CE,2023,2023,37,Produto Interno Bruto a preços correntes
6,Município,40,Mil Reais,717721,2302404,Boa Viagem - CE,2023,2023,37,Produto Interno Bruto a preços correntes
6,Município,40,Mil Reais,1263863,2302503,Brejo Santo - CE,2023,2023,37,Produto Interno Bruto a preços correntes
6,Município,40,Mil Reais,982887,2302602,Camocim - CE,2023,2023,37,Produto Interno Bruto a preços correntes
6,Município,40,Mil Reais,370107,2302701,Campos Sales - CE,2023,2023,37,Produto Interno Bruto a preços correntes
6,Município,40,Mil Reais,1194867,2302800,Canindé - CE,2023,2023,37,Produto Interno Bruto a preços correntes
6,Município,40,Mil Reais,226541,2302909,Capistrano - CE,2023,2023,37,Produto Interno Bruto a preços correntes
6,Município,40,Mil Reais,209728,2303006,Caridade - CE,2023,2023,37,Produto Interno Bruto a preços correntes
6,Município,40,Mil Reais,244538,2303105,Cariré - CE,2023,2023,37,Produto Interno Bruto a preços correntes
6,Município,40,Mil Reais,295136,2303204,Caririaçu - CE,2023,2023,37,Produto Interno Bruto a preços correntes
6,Município,40,Mil Reais,229771,2303303,Cariús - CE,2023,2023,37,Produto Interno Bruto a preços correntes
6,Município,40,Mil Reais,210865,2303402,Carnaubal - CE,2023,2023,37,Produto Interno Bruto a preços correntes
6,Município,40,Mil Reais,1334364,2303501,Cascavel - CE,2023,2023,37,Produto Interno Bruto a preços correntes
6,Município,40,Mil Reais,151959,2303600,Catarina - CE,2023,2023,37,Produto Interno Bruto a preços correntes
6,Município,40,Mil Reais,137704,2303659,Catunda - CE,2023,2023,37,Produto Interno Bruto a preços correntes
6,Município,40,Mil Reais,9873557,2303709,Caucaia - CE,2023,2023,37,Produto Interno Bruto a preços correntes
6,Município,40,Mil Reais,304070,2303808,Cedro - CE,2023,2023,37,Produto Interno Bruto a preços correntes
6,Município,40,Mil Reais,141211,2303907,Chaval - CE,2023,2023,37,Produto Interno Bruto a preços correntes
6,Município,40,Mil Reais,211479,2303931,Choró - CE,2023,2023,37,Produto Interno Bruto a preços correntes
6,Município,40,Mil Reais,268766,2303956,Chorozinho - CE,2023,2023,37,Produto Interno Bruto a preços correntes
6,Município,40,Mil Reais,265519,2304004,Coreaú - CE,2023,2023,37,Produto Interno Bruto a preços correntes
6,Município,40,Mil Reais,1258625,2304103,Crateús - CE,2023,2023,37,Produto Interno Bruto a preços correntes
6,Município,40,Mil Reais,2445567,2304202,Crato - CE,2023,2023,37,Produto Interno Bruto a preços correntes
6,Município,40,Mil Reais,282767,2304236,Croatá - CE,2023,2023,37,Produto Interno Bruto a preços correntes
6,Município,40,Mil Reais,565663,2304251,Cruz - CE,2023,2023,37,Produto Interno Bruto a preços correntes
6,Município,40,Mil Reais,124422,2304269,Deputado Irapuan Pinheiro - CE,2023,2023,37,Produto Interno Bruto a preços correntes
6,Município,40,Mil Reais,102445,2304277,Ereré - CE,2023,2023,37,Produto Interno Bruto a preços correntes
6,Município,40,Mil Reais,4940352,2304285,Eusébio - CE,2023,2023,37,Produto Interno Bruto a preços correntes
6,Município,40,Mil Reais,242210,2304301,Farias Brito - CE,2023,2023,37,Produto Interno Bruto a preços correntes
6,Município,40,Mil Reais,346304,2304350,Forquilha - CE,2023,2023,37,Produto Interno Bruto a preços correntes
6,Município,40,Mil Reais,86939832,2304400,Fortaleza - CE,2023,2023,37,Produto Interno Bruto a preços correntes
6,Município,40,Mil Reais,391326,2304459,Fortim - CE,2023,2023,37,Produto Interno Bruto a preços correntes
6,Município,40,Mil Reais,423490,2304509,Frecheirinha - CE,2023,2023,37,Produto Interno Bruto a preços correntes
6,Município,40,Mil Reais,97406,2304608,General Sampaio - CE,2023,2023,37,Produto Interno Bruto a preços correntes
6,Município,40,Mil Reais,159506,2304657,Graça - CE,2023,2023,37,Produto Interno Bruto a preços correntes
6,Município,40,Mil Reais,561374,2304707,Granja - CE,2023,2023,37,Produto Interno Bruto a preços correntes
6,Município,40,Mil Reais,67463,2304806,Granjeiro - CE,2023,2023,37,Produto Interno Bruto a preços correntes
6,Município,40,Mil Reais,135967,2304905,Groaíras - CE,2023,2023,37,Produto Interno Bruto a preços correntes
6,Município,40,Mil Reais,315522,2304954,Guaiúba - CE,2023,2023,37,Produto Interno Bruto a preços correntes
6,Município,40,Mil Reais,878354,2305001,Guaraciaba do Norte - CE,2023,2023,37,Produto Interno Bruto a preços correntes
6,Município,40,Mil Reais,104816,2305100,Guaramiranga - CE,2023,2023,37,Produto Interno Bruto a preços correntes
6,Município,40,Mil Reais,239627,2305209,Hidrolândia - CE,2023,2023,37,Produto Interno Bruto a preços correntes
6,Município,40,Mil Reais,2964814,2305233,Horizonte - CE,2023,2023,37,Produto Interno Bruto a preços correntes
6,Município,40,Mil Reais,163765,2305266,Ibaretama - CE,2023,2023,37,Produto Interno Bruto a preços correntes
6,Município,40,Mil Reais,431905,2305308,Ibiapina - CE,2023,2023,37,Produto Interno Bruto a preços correntes
6,Município,40,Mil Reais,150877,2305332,Ibicuitinga - CE,2023,2023,37,Produto Interno Bruto a preços correntes
6,Município,40,Mil Reais,453185,2305357,Icapuí - CE,2023,2023,37,Produto Interno Bruto a preços correntes
6,Município,40,Mil Reais,923966,2305407,Icó - CE,2023,2023,37,Produto Interno Bruto a preços correntes
6,Município,40,Mil Reais,2342034,2305506,Iguatu - CE,2023,2023,37,Produto Interno Bruto a preços correntes
6,Município,40,Mil Reais,408128,2305605,Independência - CE,2023,2023,37,Produto Interno Bruto a preços correntes
6,Município,40,Mil Reais,134150,2305654,Ipaporanga - CE,2023,2023,37,Produto Interno Bruto a preços correntes
6,Município,40,Mil Reais,186861,2305704,Ipaumirim - CE,2023,2023,37,Produto Interno Bruto a preços correntes
6,Município,40,Mil Reais,676519,2305803,Ipu - CE,2023,2023,37,Produto Interno Bruto a preços correntes
6,Município,40,Mil Reais,406831,2305902,Ipueiras - CE,2023,2023,37,Produto Interno Bruto a preços correntes
6,Município,40,Mil Reais,253154,2306009,Iracema - CE,2023,2023,37,Produto Interno Bruto a preços correntes
6,Município,40,Mil Reais,271622,2306108,Irauçuba - CE,2023,2023,37,Produto Interno Bruto a preços correntes
6,Município,40,Mil Reais,103646,2306207,Itaiçaba - CE,2023,2023,37,Produto Interno Bruto a preços correntes
6,Município,40,Mil Reais,2352737,2306256,Itaitinga - CE,2023,2023,37,Produto Interno Bruto a preços correntes
6,Município,40,Mil Reais,741513,2306306,Itapajé - CE,2023,2023,37,Produto Interno Bruto a preços correntes
6,Município,40,Mil Reais,2550371,2306405,Itapipoca - CE,2023,2023,37,Produto Interno Bruto a preços correntes
6,Município,40,Mil Reais,213999,2306504,Itapiúna - CE,2023,2023,37,Produto Interno Bruto a preços correntes
6,Município,40,Mil Reais,711165,2306553,Itarema - CE,2023,2023,37,Produto Interno Bruto a preços correntes
6,Município,40,Mil Reais,236128,2306603,Itatira - CE,2023,2023,37,Produto Interno Bruto a preços correntes
6,Município,40,Mil Reais,316967,2306702,Jaguaretama - CE,2023,2023,37,Produto Interno Bruto a preços correntes
6,Município,40,Mil Reais,196533,2306801,Jaguaribara - CE,2023,2023,37,Produto Interno Bruto a preços correntes
6,Município,40,Mil Reais,740827,2306900,Jaguaribe - CE,2023,2023,37,Produto Interno Bruto a preços correntes
6,Município,40,Mil Reais,665090,2307007,Jaguaruana - CE,2023,2023,37,Produto Interno Bruto a preços correntes
6,Município,40,Mil Reais,369628,2307106,Jardim - CE,2023,2023,37,Produto Interno Bruto a preços correntes
6,Município,40,Mil Reais,129952,2307205,Jati - CE,2023,2023,37,Produto Interno Bruto a preços correntes
6,Município,40,Mil Reais,711193,2307254,Jijoca de Jericoacoara - CE,2023,2023,37,Produto Interno Bruto a preços correntes
6,Município,40,Mil Reais,6457543,2307304,Juazeiro do Norte - CE,2023,2023,37,Produto Interno Bruto a preços correntes
6,Município,40,Mil Reais,390390,2307403,Jucás - CE,2023,2023,37,Produto Interno Bruto a preços correntes
6,Município,40,Mil Reais,445000,2307502,Lavras da Mangabeira - CE,2023,2023,37,Produto Interno Bruto a preços correntes
6,Município,40,Mil Reais,1854065,2307601,Limoeiro do Norte - CE,2023,2023,37,Produto Interno Bruto a preços correntes
6,Município,40,Mil Reais,215696,2307635,Madalena - CE,2023,2023,37,Produto Interno Bruto a preços correntes
6,Município,40,Mil Reais,13540094,2307650,Maracanaú - CE,2023,2023,37,Produto Interno Bruto a preços correntes
6,Município,40,Mil Reais,2011194,2307700,Maranguape - CE,2023,2023,37,Produto Interno Bruto a preços correntes
6,Município,40,Mil Reais,453537,2307809,Marco - CE,2023,2023,37,Produto Interno Bruto a preços correntes
6,Município,40,Mil Reais,125472,2307908,Martinópole - CE,2023,2023,37,Produto Interno Bruto a preços correntes
6,Município,40,Mil Reais,483230,2308005,Massapê - CE,2023,2023,37,Produto Interno Bruto a preços correntes
6,Município,40,Mil Reais,707667,2308104,Mauriti - CE,2023,2023,37,Produto Interno Bruto a preços correntes
6,Município,40,Mil Reais,166664,2308203,Meruoca - CE,2023,2023,37,Produto Interno Bruto a preços correntes
6,Município,40,Mil Reais,335239,2308302,Milagres - CE,2023,2023,37,Produto Interno Bruto a preços correntes
6,Município,40,Mil Reais,250241,2308351,Milhã - CE,2023,2023,37,Produto Interno Bruto a preços correntes
6,Município,40,Mil Reais,141462,2308377,Miraíma - CE,2023,2023,37,Produto Interno Bruto a preços correntes
6,Município,40,Mil Reais,598261,2308401,Missão Velha - CE,2023,2023,37,Produto Interno Bruto a preços correntes
6,Município,40,Mil Reais,551794,2308500,Mombaça - CE,2023,2023,37,Produto Interno Bruto a preços correntes
6,Município,40,Mil Reais,210938,2308609,Monsenhor Tabosa - CE,2023,2023,37,Produto Interno Bruto a preços correntes
6,Município,40,Mil Reais,1877982,2308708,Morada Nova - CE,2023,2023,37,Produto Interno Bruto a preços correntes
6,Município,40,Mil Reais,86070,2308807,Moraújo - CE,2023,2023,37,Produto Interno Bruto a preços correntes
6,Município,40,Mil Reais,239995,2308906,Morrinhos - CE,2023,2023,37,Produto Interno Bruto a preços correntes
6,Município,40,Mil Reais,172104,2309003,Mucambo - CE,2023,2023,37,Produto Interno Bruto a preços correntes
6,Município,40,Mil Reais,146503,2309102,Mulungu - CE,2023,2023,37,Produto Interno Bruto a preços correntes
6,Município,40,Mil Reais,206839,2309201,Nova Olinda - CE,2023,2023,37,Produto Interno Bruto a preços correntes
6,Município,40,Mil Reais,432948,2309300,Nova Russas - CE,2023,2023,37,Produto Interno Bruto a preços correntes
6,Município,40,Mil Reais,343682,2309409,Novo Oriente - CE,2023,2023,37,Produto Interno Bruto a preços correntes
6,Município,40,Mil Reais,322686,2309458,Ocara - CE,2023,2023,37,Produto Interno Bruto a preços correntes
6,Município,40,Mil Reais,267791,2309508,Orós - CE,2023,2023,37,Produto Interno Bruto a preços correntes
6,Município,40,Mil Reais,1808068,2309607,Pacajus - CE,2023,2023,37,Produto Interno Bruto a preços correntes
6,Município,40,Mil Reais,1714352,2309706,Pacatuba - CE,2023,2023,37,Produto Interno Bruto a preços correntes
6,Município,40,Mil Reais,175379,2309805,Pacoti - CE,2023,2023,37,Produto Interno Bruto a preços correntes
6,Município,40,Mil Reais,81237,2309904,Pacujá - CE,2023,2023,37,Produto Interno Bruto a preços correntes
6,Município,40,Mil Reais,125162,2310001,Palhano - CE,2023,2023,37,Produto Interno Bruto a preços correntes
6,Município,40,Mil Reais,141264,2310100,Palmácia - CE,2023,2023,37,Produto Interno Bruto a preços correntes
6,Município,40,Mil Reais,679587,2310209,Paracuru - CE,2023,2023,37,Produto Interno Bruto a preços correntes
6,Município,40,Mil Reais,614090,2310258,Paraipaba - CE,2023,2023,37,Produto Interno Bruto a preços correntes
6,Município,40,Mil Reais,349488,2310308,Parambu - CE,2023,2023,37,Produto Interno Bruto a preços correntes
6,Município,40,Mil Reais,137553,2310407,Paramoti - CE,2023,2023,37,Produto Interno Bruto a preços correntes
6,Município,40,Mil Reais,481197,2310506,Pedra Branca - CE,2023,2023,37,Produto Interno Bruto a preços correntes
6,Município,40,Mil Reais,149293,2310605,Penaforte - CE,2023,2023,37,Produto Interno Bruto a preços correntes
6,Município,40,Mil Reais,522218,2310704,Pentecoste - CE,2023,2023,37,Produto Interno Bruto a preços correntes
6,Município,40,Mil Reais,663694,2310803,Pereiro - CE,2023,2023,37,Produto Interno Bruto a preços correntes
6,Município,40,Mil Reais,363294,2310852,Pindoretama - CE,2023,2023,37,Produto Interno Bruto a preços correntes
6,Município,40,Mil Reais,203533,2310902,Piquet Carneiro - CE,2023,2023,37,Produto Interno Bruto a preços correntes
6,Município,40,Mil Reais,103591,2310951,Pires Ferreira - CE,2023,2023,37,Produto Interno Bruto a preços correntes
6,Município,40,Mil Reais,138933,2311009,Poranga - CE,2023,2023,37,Produto Interno Bruto a preços correntes
6,Município,40,Mil Reais,232418,2311108,Porteiras - CE,2023,2023,37,Produto Interno Bruto a preços correntes
6,Município,40,Mil Reais,120981,2311207,Potengi - CE,2023,2023,37,Produto Interno Bruto a preços correntes
6,Município,40,Mil Reais,104345,2311231,Potiretama - CE,2023,2023,37,Produto Interno Bruto a preços correntes
6,Município,40,Mil Reais,249898,2311264,Quiterianópolis - CE,2023,2023,37,Produto Interno Bruto a preços correntes
6,Município,40,Mil Reais,1424438,2311306,Quixadá - CE,2023,2023,37,Produto Interno Bruto a preços correntes
6,Município,40,Mil Reais,241297,2311355,Quixelô - CE,2023,2023,37,Produto Interno Bruto a preços correntes
6,Município,40,Mil Reais,1928559,2311405,Quixeramobim - CE,2023,2023,37,Produto Interno Bruto a preços correntes
6,Município,40,Mil Reais,805778,2311504,Quixeré - CE,2023,2023,37,Produto Interno Bruto a preços correntes
6,Município,40,Mil Reais,520806,2311603,Redenção - CE,2023,2023,37,Produto Interno Bruto a preços correntes
6,Município,40,Mil Reais,238538,2311702,Reriutaba - CE,2023,2023,37,Produto Interno Bruto a preços correntes
6,Município,40,Mil Reais,1517580,2311801,Russas - CE,2023,2023,37,Produto Interno Bruto a preços correntes
6,Município,40,Mil Reais,190822,2311900,Saboeiro - CE,2023,2023,37,Produto Interno Bruto a preços correntes
6,Município,40,Mil Reais,222379,2311959,Salitre - CE,2023,2023,37,Produto Interno Bruto a preços correntes
6,Município,40,Mil Reais,352192,2312007,Santana do Acaraú - CE,2023,2023,37,Produto Interno Bruto a preços correntes
6,Município,40,Mil Reais,191197,2312106,Santana do Cariri - CE,2023,2023,37,Produto Interno Bruto a preços correntes
6,Município,40,Mil Reais,859225,2312205,Santa Quitéria - CE,2023,2023,37,Produto Interno Bruto a preços correntes
6,Município,40,Mil Reais,883024,2312304,São Benedito - CE,2023,2023,37,Produto Interno Bruto a preços correntes
6,Município,40,Mil Reais,6908373,2312403,São Gonçalo do Amarante - CE,2023,2023,37,Produto Interno Bruto a preços correntes
6,Município,40,Mil Reais,137068,2312502,São João do Jaguaribe - CE,2023,2023,37,Produto Interno Bruto a preços correntes
6,Município,40,Mil Reais,160997,2312601,São Luís do Curu - CE,2023,2023,37,Produto Interno Bruto a preços correntes
6,Município,40,Mil Reais,473900,2312700,Senador Pompeu - CE,2023,2023,37,Produto Interno Bruto a preços correntes
6,Município,40,Mil Reais,82270,2312809,Senador Sá - CE,2023,2023,37,Produto Interno Bruto a preços correntes
6,Município,40,Mil Reais,6588929,2312908,Sobral - CE,2023,2023,37,Produto Interno Bruto a preços correntes
6,Município,40,Mil Reais,370693,2313005,Solonópole - CE,2023,2023,37,Produto Interno Bruto a preços correntes
6,Município,40,Mil Reais,584614,2313104,Tabuleiro do Norte - CE,2023,2023,37,Produto Interno Bruto a preços correntes
6,Município,40,Mil Reais,319202,2313203,Tamboril - CE,2023,2023,37,Produto Interno Bruto a preços correntes
6,Município,40,Mil Reais,116827,2313252,Tarrafas - CE,2023,2023,37,Produto Interno Bruto a preços correntes
6,Município,40,Mil Reais,934349,2313302,Tauá - CE,2023,2023,37,Produto Interno Bruto a preços correntes
6,Município,40,Mil Reais,174349,2313351,Tejuçuoca - CE,2023,2023,37,Produto Interno Bruto a preços correntes
6,Município,40,Mil Reais,2265253,2313401,Tianguá - CE,2023,2023,37,Produto Interno Bruto a preços correntes
6,Município,40,Mil Reais,1039083,2313500,Trairi - CE,2023,2023,37,Produto Interno Bruto a preços correntes
6,Município,40,Mil Reais,164401,2313559,Tururu - CE,2023,2023,37,Produto Interno Bruto a preços correntes
6,Município,40,Mil Reais,839887,2313609,Ubajara - CE,2023,2023,37,Produto Interno Bruto a preços correntes
6,Município,40,Mil Reais,85633,2313708,Umari - CE,2023,2023,37,Produto Interno Bruto a preços correntes
6,Município,40,Mil Reais,210672,2313757,Umirim - CE,2023,2023,37,Produto Interno Bruto a preços correntes
6,Município,40,Mil Reais,445294,2313807,Uruburetama - CE,2023,2023,37,Produto Interno Bruto a preços correntes
6,Município,40,Mil Reais,254534,2313906,Uruoca - CE,2023,2023,37,Produto Interno Bruto a preços correntes
6,Município,40,Mil Reais,488084,2313955,Varjota - CE,2023,2023,37,Produto Interno Bruto a preços correntes
6,Município,40,Mil Reais,575214,2314003,Várzea Alegre - CE,2023,2023,37,Produto Interno Bruto a preços correntes
6,Município,40,Mil Reais,723250,2314102,Viçosa do Ceará - CE,2023,2023,37,Produto Interno Bruto a preços correntes
6,Município,40,Mil Reais,195828,2400109,Acari - RN,2023,2023,37,Produto Interno Bruto a preços correntes
6,Município,40,Mil Reais,2170177,2400208,Açu - RN,2023,2023,37,Produto Interno Bruto a preços correntes
6,Município,40,Mil Reais,160921,2400307,Afonso Bezerra - RN,2023,2023,37,Produto Interno Bruto a preços correntes
6,Município,40,Mil Reais,42554,2400406,Água Nova - RN,2023,2023,37,Produto Interno Bruto a preços correntes
6,Município,40,Mil Reais,209117,2400505,Alexandria - RN,2023,2023,37,Produto Interno Bruto a preços correntes
6,Município,40,Mil Reais,68329,2400604,Almino Afonso - RN,2023,2023,37,Produto Interno Bruto a preços correntes
6,Município,40,Mil Reais,902783,2400703,Alto do Rodrigues - RN,2023,2023,37,Produto Interno Bruto a preços correntes
6,Município,40,Mil Reais,257919,2400802,Angicos - RN,2023,2023,37,Produto Interno Bruto a preços correntes
6,Município,40,Mil Reais,79464,2400901,Antônio Martins - RN,2023,2023,37,Produto Interno Bruto a preços correntes
6,Município,40,Mil Reais,941920,2401008,Apodi - RN,2023,2023,37,Produto Interno Bruto a preços correntes
6,Município,40,Mil Reais,1089647,2401107,Areia Branca - RN,2023,2023,37,Produto Interno Bruto a preços correntes
6,Município,40,Mil Reais,471284,2401206,Arês - RN,2023,2023,37,Produto Interno Bruto a preços correntes
6,Município,40,Mil Reais,136391,2401305,Campo Grande - RN,2023,2023,37,Produto Interno Bruto a preços correntes
6,Município,40,Mil Reais,335923,2401404,Baía Formosa - RN,2023,2023,37,Produto Interno Bruto a preços correntes
6,Município,40,Mil Reais,991164,2401453,Baraúna - RN,2023,2023,37,Produto Interno Bruto a preços correntes
6,Município,40,Mil Reais,63583,2401503,Barcelona - RN,2023,2023,37,Produto Interno Bruto a preços correntes
6,Município,40,Mil Reais,128584,2401602,Bento Fernandes - RN,2023,2023,37,Produto Interno Bruto a preços correntes
6,Município,40,Mil Reais,240166,2401651,Bodó - RN,2023,2023,37,Produto Interno Bruto a preços correntes
6,Município,40,Mil Reais,140519,2401701,Bom Jesus - RN,2023,2023,37,Produto Interno Bruto a preços correntes
6,Município,40,Mil Reais,168163,2401800,Brejinho - RN,2023,2023,37,Produto Interno Bruto a preços correntes
6,Município,40,Mil Reais,119611,2401859,Caiçara do Norte - RN,2023,2023,37,Produto Interno Bruto a preços correntes
6,Município,40,Mil Reais,474184,2401909,Caiçara do Rio do Vento - RN,2023,2023,37,Produto Interno Bruto a preços correntes
6,Município,40,Mil Reais,1735797,2402006,Caicó - RN,2023,2023,37,Produto Interno Bruto a preços correntes
6,Município,40,Mil Reais,131975,2402105,Campo Redondo - RN,2023,2023,37,Produto Interno Bruto a preços correntes
6,Município,40,Mil Reais,615957,2402204,Canguaretama - RN,2023,2023,37,Produto Interno Bruto a preços correntes
6,Município,40,Mil Reais,540233,2402303,Caraúbas - RN,2023,2023,37,Produto Interno Bruto a preços correntes
6,Município,40,Mil Reais,150902,2402402,Carnaúba dos Dantas - RN,2023,2023,37,Produto Interno Bruto a preços correntes
6,Município,40,Mil Reais,231816,2402501,Carnaubais - RN,2023,2023,37,Produto Interno Bruto a preços correntes
6,Município,40,Mil Reais,1260346,2402600,Ceará-Mirim - RN,2023,2023,37,Produto Interno Bruto a preços correntes
6,Município,40,Mil Reais,225342,2402709,Cerro Corá - RN,2023,2023,37,Produto Interno Bruto a preços correntes
6,Município,40,Mil Reais,65460,2402808,Coronel Ezequiel - RN,2023,2023,37,Produto Interno Bruto a preços correntes
6,Município,40,Mil Reais,54170,2402907,Coronel João Pessoa - RN,2023,2023,37,Produto Interno Bruto a preços correntes
6,Município,40,Mil Reais,154742,2403004,Cruzeta - RN,2023,2023,37,Produto Interno Bruto a preços correntes
6,Município,40,Mil Reais,955847,2403103,Currais Novos - RN,2023,2023,37,Produto Interno Bruto a preços correntes
6,Município,40,Mil Reais,106164,2403202,Doutor Severiano - RN,2023,2023,37,Produto Interno Bruto a preços correntes
6,Município,40,Mil Reais,7608526,2403251,Parnamirim - RN,2023,2023,37,Produto Interno Bruto a preços correntes
6,Município,40,Mil Reais,75044,2403301,Encanto - RN,2023,2023,37,Produto Interno Bruto a preços correntes
6,Município,40,Mil Reais,90161,2403400,Equador - RN,2023,2023,37,Produto Interno Bruto a preços correntes
6,Município,40,Mil Reais,126682,2403509,Espírito Santo - RN,2023,2023,37,Produto Interno Bruto a preços correntes
6,Município,40,Mil Reais,986508,2403608,Extremoz - RN,2023,2023,37,Produto Interno Bruto a preços correntes
6,Município,40,Mil Reais,302413,2403707,Felipe Guerra - RN,2023,2023,37,Produto Interno Bruto a preços correntes
6,Município,40,Mil Reais,61994,2403756,Fernando Pedroza - RN,2023,2023,37,Produto Interno Bruto a preços correntes
6,Município,40,Mil Reais,152502,2403806,Florânia - RN,2023,2023,37,Produto Interno Bruto a preços correntes
6,Município,40,Mil Reais,42580,2403905,Francisco Dantas - RN,2023,2023,37,Produto Interno Bruto a preços correntes
6,Município,40,Mil Reais,58994,2404002,Frutuoso Gomes - RN,2023,2023,37,Produto Interno Bruto a preços correntes
6,Município,40,Mil Reais,165672,2404101,Galinhos - RN,2023,2023,37,Produto Interno Bruto a preços correntes
6,Município,40,Mil Reais,646383,2404200,Goianinha - RN,2023,2023,37,Produto Interno Bruto a preços correntes
6,Município,40,Mil Reais,595842,2404309,Governador Dix-Sept Rosado - RN,2023,2023,37,Produto Interno Bruto a preços correntes
6,Município,40,Mil Reais,185921,2404408,Grossos - RN,2023,2023,37,Produto Interno Bruto a preços correntes
6,Município,40,Mil Reais,2581922,2404507,Guamaré - RN,2023,2023,37,Produto Interno Bruto a preços correntes
6,Município,40,Mil Reais,168954,2404606,Ielmo Marinho - RN,2023,2023,37,Produto Interno Bruto a preços correntes
6,Município,40,Mil Reais,263825,2404705,Ipanguaçu - RN,2023,2023,37,Produto Interno Bruto a preços correntes
6,Município,40,Mil Reais,42669,2404804,Ipueira - RN,2023,2023,37,Produto Interno Bruto a preços correntes
6,Município,40,Mil Reais,179988,2404853,Itajá - RN,2023,2023,37,Produto Interno Bruto a preços correntes
6,Município,40,Mil Reais,90976,2404903,Itaú - RN,2023,2023,37,Produto Interno Bruto a preços correntes
6,Município,40,Mil Reais,100644,2405009,Jaçanã - RN,2023,2023,37,Produto Interno Bruto a preços correntes
6,Município,40,Mil Reais,363648,2405108,Jandaíra - RN,2023,2023,37,Produto Interno Bruto a preços correntes
6,Município,40,Mil Reais,104812,2405207,Janduís - RN,2023,2023,37,Produto Interno Bruto a preços correntes
6,Município,40,Mil Reais,102924,2405306,Januário Cicco - RN,2023,2023,37,Produto Interno Bruto a preços correntes
6,Município,40,Mil Reais,69177,2405405,Japi - RN,2023,2023,37,Produto Interno Bruto a preços correntes
6,Município,40,Mil Reais,69280,2405504,Jardim de Angicos - RN,2023,2023,37,Produto Interno Bruto a preços correntes
6,Município,40,Mil Reais,276161,2405603,Jardim de Piranhas - RN,2023,2023,37,Produto Interno Bruto a preços correntes
6,Município,40,Mil Reais,244663,2405702,Jardim do Seridó - RN,2023,2023,37,Produto Interno Bruto a preços correntes
6,Município,40,Mil Reais,1527022,2405801,João Câmara - RN,2023,2023,37,Produto Interno Bruto a preços correntes
6,Município,40,Mil Reais,33800,2405900,João Dias - RN,2023,2023,37,Produto Interno Bruto a preços correntes
6,Município,40,Mil Reais,88302,2406007,José da Penha - RN,2023,2023,37,Produto Interno Bruto a preços correntes
6,Município,40,Mil Reais,442765,2406106,Jucurutu - RN,2023,2023,37,Produto Interno Bruto a preços correntes
6,Município,40,Mil Reais,47291,2406155,Jundiá - RN,2023,2023,37,Produto Interno Bruto a preços correntes
6,Município,40,Mil Reais,89996,2406205,Lagoa d'Anta - RN,2023,2023,37,Produto Interno Bruto a preços correntes
6,Município,40,Mil Reais,101030,2406304,Lagoa de Pedras - RN,2023,2023,37,Produto Interno Bruto a preços correntes
6,Município,40,Mil Reais,48944,2406403,Lagoa de Velhos - RN,2023,2023,37,Produto Interno Bruto a preços correntes
6,Município,40,Mil Reais,326107,2406502,Lagoa Nova - RN,2023,2023,37,Produto Interno Bruto a preços correntes
6,Município,40,Mil Reais,124483,2406601,Lagoa Salgada - RN,2023,2023,37,Produto Interno Bruto a preços correntes
6,Município,40,Mil Reais,632670,2406700,Lajes - RN,2023,2023,37,Produto Interno Bruto a preços correntes
6,Município,40,Mil Reais,68290,2406809,Lajes Pintadas - RN,2023,2023,37,Produto Interno Bruto a preços correntes
6,Município,40,Mil Reais,61082,2406908,Lucrécia - RN,2023,2023,37,Produto Interno Bruto a preços correntes
6,Município,40,Mil Reais,112399,2407005,Luís Gomes - RN,2023,2023,37,Produto Interno Bruto a preços correntes
6,Município,40,Mil Reais,2455739,2407104,Macaíba - RN,2023,2023,37,Produto Interno Bruto a preços correntes
6,Município,40,Mil Reais,1315680,2407203,Macau - RN,2023,2023,37,Produto Interno Bruto a preços correntes
6,Município,40,Mil Reais,65725,2407252,Major Sales - RN,2023,2023,37,Produto Interno Bruto a preços correntes
6,Município,40,Mil Reais,101177,2407302,Marcelino Vieira - RN,2023,2023,37,Produto Interno Bruto a preços correntes
6,Município,40,Mil Reais,130557,2407401,Martins - RN,2023,2023,37,Produto Interno Bruto a preços correntes
6,Município,40,Mil Reais,165454,2407500,Maxaranguape - RN,2023,2023,37,Produto Interno Bruto a preços correntes
6,Município,40,Mil Reais,65325,2407609,Messias Targino - RN,2023,2023,37,Produto Interno Bruto a preços correntes
6,Município,40,Mil Reais,158962,2407708,Montanhas - RN,2023,2023,37,Produto Interno Bruto a preços correntes
6,Município,40,Mil Reais,348751,2407807,Monte Alegre - RN,2023,2023,37,Produto Interno Bruto a preços correntes
6,Município,40,Mil Reais,45922,2407906,Monte das Gameleiras - RN,2023,2023,37,Produto Interno Bruto a preços correntes
6,Município,40,Mil Reais,10323666,2408003,Mossoró - RN,2023,2023,37,Produto Interno Bruto a preços correntes
6,Município,40,Mil Reais,31162043,2408102,Natal - RN,2023,2023,37,Produto Interno Bruto a preços correntes
6,Município,40,Mil Reais,573358,2408201,Nísia Floresta - RN,2023,2023,37,Produto Interno Bruto a preços correntes
6,Município,40,Mil Reais,629221,2408300,Nova Cruz - RN,2023,2023,37,Produto Interno Bruto a preços correntes
6,Município,40,Mil Reais,58972,2408409,Olho d'Água do Borges - RN,2023,2023,37,Produto Interno Bruto a preços correntes
6,Município,40,Mil Reais,80889,2408508,Ouro Branco - RN,2023,2023,37,Produto Interno Bruto a preços correntes
6,Município,40,Mil Reais,56062,2408607,Paraná - RN,2023,2023,37,Produto Interno Bruto a preços correntes
6,Município,40,Mil Reais,62150,2408706,Paraú - RN,2023,2023,37,Produto Interno Bruto a preços correntes
6,Município,40,Mil Reais,524974,2408805,Parazinho - RN,2023,2023,37,Produto Interno Bruto a preços correntes
6,Município,40,Mil Reais,473775,2408904,Parelhas - RN,2023,2023,37,Produto Interno Bruto a preços correntes
6,Município,40,Mil Reais,207249,2408953,Rio do Fogo - RN,2023,2023,37,Produto Interno Bruto a preços correntes
6,Município,40,Mil Reais,179582,2409100,Passa e Fica - RN,2023,2023,37,Produto Interno Bruto a preços correntes
6,Município,40,Mil Reais,46583,2409209,Passagem - RN,2023,2023,37,Produto Interno Bruto a preços correntes
6,Município,40,Mil Reais,198146,2409308,Patu - RN,2023,2023,37,Produto Interno Bruto a preços correntes
6,Município,40,Mil Reais,89729,2409332,Santa Maria - RN,2023,2023,37,Produto Interno Bruto a preços correntes
6,Município,40,Mil Reais,827724,2409407,Pau dos Ferros - RN,2023,2023,37,Produto Interno Bruto a preços correntes
6,Município,40,Mil Reais,325405,2409506,Pedra Grande - RN,2023,2023,37,Produto Interno Bruto a preços correntes
6,Município,40,Mil Reais,65240,2409605,Pedra Preta - RN,2023,2023,37,Produto Interno Bruto a preços correntes
6,Município,40,Mil Reais,282103,2409704,Pedro Avelino - RN,2023,2023,37,Produto Interno Bruto a preços correntes
6,Município,40,Mil Reais,200896,2409803,Pedro Velho - RN,2023,2023,37,Produto Interno Bruto a preços correntes
6,Município,40,Mil Reais,668530,2409902,Pendências - RN,2023,2023,37,Produto Interno Bruto a preços correntes
6,Município,40,Mil Reais,50550,2410009,Pilões - RN,2023,2023,37,Produto Interno Bruto a preços correntes
6,Município,40,Mil Reais,161103,2410108,Poço Branco - RN,2023,2023,37,Produto Interno Bruto a preços correntes
6,Município,40,Mil Reais,99832,2410207,Portalegre - RN,2023,2023,37,Produto Interno Bruto a preços correntes
6,Município,40,Mil Reais,170409,2410256,Porto do Mangue - RN,2023,2023,37,Produto Interno Bruto a preços correntes
6,Município,40,Mil Reais,150413,2410306,Serra Caiada - RN,2023,2023,37,Produto Interno Bruto a preços correntes
6,Município,40,Mil Reais,182889,2410405,Pureza - RN,2023,2023,37,Produto Interno Bruto a preços correntes
6,Município,40,Mil Reais,61865,2410504,Rafael Fernandes - RN,2023,2023,37,Produto Interno Bruto a preços correntes
6,Município,40,Mil Reais,48290,2410603,Rafael Godeiro - RN,2023,2023,37,Produto Interno Bruto a preços correntes
6,Município,40,Mil Reais,42857,2410702,Riacho da Cruz - RN,2023,2023,37,Produto Interno Bruto a preços correntes
6,Município,40,Mil Reais,53836,2410801,Riacho de Santana - RN,2023,2023,37,Produto Interno Bruto a preços correntes
6,Município,40,Mil Reais,319931,2410900,Riachuelo - RN,2023,2023,37,Produto Interno Bruto a preços correntes
6,Município,40,Mil Reais,67765,2411007,Rodolfo Fernandes - RN,2023,2023,37,Produto Interno Bruto a preços correntes
6,Município,40,Mil Reais,155095,2411056,Tibau - RN,2023,2023,37,Produto Interno Bruto a preços correntes
6,Município,40,Mil Reais,218239,2411106,Ruy Barbosa - RN,2023,2023,37,Produto Interno Bruto a preços correntes
6,Município,40,Mil Reais,716309,2411205,Santa Cruz - RN,2023,2023,37,Produto Interno Bruto a preços correntes
6,Município,40,Mil Reais,207088,2411403,Santana do Matos - RN,2023,2023,37,Produto Interno Bruto a preços correntes
6,Município,40,Mil Reais,51449,2411429,Santana do Seridó - RN,2023,2023,37,Produto Interno Bruto a preços correntes
6,Município,40,Mil Reais,339515,2411502,Santo Antônio - RN,2023,2023,37,Produto Interno Bruto a preços correntes
6,Município,40,Mil Reais,394853,2411601,São Bento do Norte - RN,2023,2023,37,Produto Interno Bruto a preços correntes
6,Município,40,Mil Reais,58251,2411700,São Bento do Trairí - RN,2023,2023,37,Produto Interno Bruto a preços correntes
6,Município,40,Mil Reais,77560,2411809,São Fernando - RN,2023,2023,37,Produto Interno Bruto a preços correntes
6,Município,40,Mil Reais,74357,2411908,São Francisco do Oeste - RN,2023,2023,37,Produto Interno Bruto a preços correntes
6,Município,40,Mil Reais,2588564,2412005,São Gonçalo do Amarante - RN,2023,2023,37,Produto Interno Bruto a preços correntes
6,Município,40,Mil Reais,100073,2412104,São João do Sabugi - RN,2023,2023,37,Produto Interno Bruto a preços correntes
6,Município,40,Mil Reais,1457800,2412203,São José de Mipibu - RN,2023,2023,37,Produto Interno Bruto a preços correntes
6,Município,40,Mil Reais,165230,2412302,São José do Campestre - RN,2023,2023,37,Produto Interno Bruto a preços correntes
6,Município,40,Mil Reais,106548,2412401,São José do Seridó - RN,2023,2023,37,Produto Interno Bruto a preços correntes
6,Município,40,Mil Reais,420064,2412500,São Miguel - RN,2023,2023,37,Produto Interno Bruto a preços correntes
6,Município,40,Mil Reais,712098,2412559,São Miguel do Gostoso - RN,2023,2023,37,Produto Interno Bruto a preços correntes
6,Município,40,Mil Reais,290640,2412609,São Paulo do Potengi - RN,2023,2023,37,Produto Interno Bruto a preços correntes
6,Município,40,Mil Reais,72504,2412708,São Pedro - RN,2023,2023,37,Produto Interno Bruto a preços correntes
6,Município,40,Mil Reais,108235,2412807,São Rafael - RN,2023,2023,37,Produto Interno Bruto a preços correntes
6,Município,40,Mil Reais,184856,2412906,São Tomé - RN,2023,2023,37,Produto Interno Bruto a preços correntes
6,Município,40,Mil Reais,100458,2413003,São Vicente - RN,2023,2023,37,Produto Interno Bruto a preços correntes
6,Município,40,Mil Reais,79950,2413102,Senador Elói de Souza - RN,2023,2023,37,Produto Interno Bruto a preços correntes
6,Município,40,Mil Reais,114536,2413201,Senador Georgino Avelino - RN,2023,2023,37,Produto Interno Bruto a preços correntes
6,Município,40,Mil Reais,84833,2413300,Serra de São Bento - RN,2023,2023,37,Produto Interno Bruto a preços correntes
6,Município,40,Mil Reais,685341,2413359,Serra do Mel - RN,2023,2023,37,Produto Interno Bruto a preços correntes
6,Município,40,Mil Reais,162339,2413409,Serra Negra do Norte - RN,2023,2023,37,Produto Interno Bruto a preços correntes
6,Município,40,Mil Reais,92368,2413508,Serrinha - RN,2023,2023,37,Produto Interno Bruto a preços correntes
6,Município,40,Mil Reais,64722,2413557,Serrinha dos Pintos - RN,2023,2023,37,Produto Interno Bruto a preços correntes
6,Município,40,Mil Reais,96870,2413607,Severiano Melo - RN,2023,2023,37,Produto Interno Bruto a preços correntes
6,Município,40,Mil Reais,64195,2413706,Sítio Novo - RN,2023,2023,37,Produto Interno Bruto a preços correntes
6,Município,40,Mil Reais,43556,2413805,Taboleiro Grande - RN,2023,2023,37,Produto Interno Bruto a preços correntes
6,Município,40,Mil Reais,184091,2413904,Taipu - RN,2023,2023,37,Produto Interno Bruto a preços correntes
6,Município,40,Mil Reais,225000,2414001,Tangará - RN,2023,2023,37,Produto Interno Bruto a preços correntes
6,Município,40,Mil Reais,142795,2414100,Tenente Ananias - RN,2023,2023,37,Produto Interno Bruto a preços correntes
6,Município,40,Mil Reais,120493,2414159,Tenente Laurentino Cruz - RN,2023,2023,37,Produto Interno Bruto a preços correntes
6,Município,40,Mil Reais,576215,2414209,Tibau do Sul - RN,2023,2023,37,Produto Interno Bruto a preços correntes
6,Município,40,Mil Reais,47341,2414308,Timbaúba dos Batistas - RN,2023,2023,37,Produto Interno Bruto a preços correntes
6,Município,40,Mil Reais,1015670,2414407,Touros - RN,2023,2023,37,Produto Interno Bruto a preços correntes
6,Município,40,Mil Reais,55944,2414456,Triunfo Potiguar - RN,2023,2023,37,Produto Interno Bruto a preços correntes
6,Município,40,Mil Reais,167072,2414506,Umarizal - RN,2023,2023,37,Produto Interno Bruto a preços correntes
6,Município,40,Mil Reais,370220,2414605,Upanema - RN,2023,2023,37,Produto Interno Bruto a preços correntes
6,Município,40,Mil Reais,72803,2414704,Várzea - RN,2023,2023,37,Produto Interno Bruto a preços correntes
6,Município,40,Mil Reais,47870,2414753,Venha-Ver - RN,2023,2023,37,Produto Interno Bruto a preços correntes
6,Município,40,Mil Reais,167326,2414803,Vera Cruz - RN,2023,2023,37,Produto Interno Bruto a preços correntes
6,Município,40,Mil Reais,29717,2414902,Viçosa - RN,2023,2023,37,Produto Interno Bruto a preços correntes
6,Município,40,Mil Reais,49863,2415008,Vila Flor - RN,2023,2023,37,Produto Interno Bruto a preços correntes
6,Município,40,Mil Reais,107368,2500106,Água Branca - PB,2023,2023,37,Produto Interno Bruto a preços correntes
6,Município,40,Mil Reais,68585,2500205,Aguiar - PB,2023,2023,37,Produto Interno Bruto a preços correntes
6,Município,40,Mil Reais,367232,2500304,Alagoa Grande - PB,2023,2023,37,Produto Interno Bruto a preços correntes
6,Município,40,Mil Reais,376825,2500403,Alagoa Nova - PB,2023,2023,37,Produto Interno Bruto a preços correntes
6,Município,40,Mil Reais,166686,2500502,Alagoinha - PB,2023,2023,37,Produto Interno Bruto a preços correntes
6,Município,40,Mil Reais,70348,2500536,Alcantil - PB,2023,2023,37,Produto Interno Bruto a preços correntes
6,Município,40,Mil Reais,38483,2500577,Algodão de Jandaíra - PB,2023,2023,37,Produto Interno Bruto a preços correntes
6,Município,40,Mil Reais,3148252,2500601,Alhandra - PB,2023,2023,37,Produto Interno Bruto a preços correntes
6,Município,40,Mil Reais,286060,2500700,São João do Rio do Peixe - PB,2023,2023,37,Produto Interno Bruto a preços correntes
6,Município,40,Mil Reais,37039,2500734,Amparo - PB,2023,2023,37,Produto Interno Bruto a preços correntes
6,Município,40,Mil Reais,147637,2500775,Aparecida - PB,2023,2023,37,Produto Interno Bruto a preços correntes
6,Município,40,Mil Reais,233113,2500809,Araçagi - PB,2023,2023,37,Produto Interno Bruto a preços correntes
6,Município,40,Mil Reais,133977,2500908,Arara - PB,2023,2023,37,Produto Interno Bruto a preços correntes
6,Município,40,Mil Reais,244109,2501005,Araruna - PB,2023,2023,37,Produto Interno Bruto a preços correntes
6,Município,40,Mil Reais,355512,2501104,Areia - PB,2023,2023,37,Produto Interno Bruto a preços correntes
6,Município,40,Mil Reais,27916,2501153,Areia de Baraúnas - PB,2023,2023,37,Produto Interno Bruto a preços correntes
6,Município,40,Mil Reais,81463,2501203,Areial - PB,2023,2023,37,Produto Interno Bruto a preços correntes
6,Município,40,Mil Reais,327699,2501302,Aroeiras - PB,2023,2023,37,Produto Interno Bruto a preços correntes
6,Município,40,Mil Reais,56279,2501351,Assunção - PB,2023,2023,37,Produto Interno Bruto a preços correntes
6,Município,40,Mil Reais,130462,2501401,Baía da Traição - PB,2023,2023,37,Produto Interno Bruto a preços correntes
6,Município,40,Mil Reais,370980,2501500,Bananeiras - PB,2023,2023,37,Produto Interno Bruto a preços correntes
6,Município,40,Mil Reais,62002,2501534,Baraúna - PB,2023,2023,37,Produto Interno Bruto a preços correntes
6,Município,40,Mil Reais,115121,2501575,Barra de Santana - PB,2023,2023,37,Produto Interno Bruto a preços correntes
6,Município,40,Mil Reais,187975,2501609,Barra de Santa Rosa - PB,2023,2023,37,Produto Interno Bruto a preços correntes
6,Município,40,Mil Reais,101524,2501708,Barra de São Miguel - PB,2023,2023,37,Produto Interno Bruto a preços correntes
6,Município,40,Mil Reais,1899000,2501807,Bayeux - PB,2023,2023,37,Produto Interno Bruto a preços correntes
6,Município,40,Mil Reais,268655,2501906,Belém - PB,2023,2023,37,Produto Interno Bruto a preços correntes
6,Município,40,Mil Reais,93160,2502003,Belém do Brejo do Cruz - PB,2023,2023,37,Produto Interno Bruto a preços correntes
6,Município,40,Mil Reais,53721,2502052,Bernardino Batista - PB,2023,2023,37,Produto Interno Bruto a preços correntes
6,Município,40,Mil Reais,63601,2502102,Boa Ventura - PB,2023,2023,37,Produto Interno Bruto a preços correntes
6,Município,40,Mil Reais,319446,2502151,Boa Vista - PB,2023,2023,37,Produto Interno Bruto a preços correntes
6,Município,40,Mil Reais,40310,2502201,Bom Jesus - PB,2023,2023,37,Produto Interno Bruto a preços correntes
6,Município,40,Mil Reais,66561,2502300,Bom Sucesso - PB,2023,2023,37,Produto Interno Bruto a preços correntes
6,Município,40,Mil Reais,119586,2502409,Bonito de Santa Fé - PB,2023,2023,37,Produto Interno Bruto a preços correntes
6,Município,40,Mil Reais,302850,2502508,Boqueirão - PB,2023,2023,37,Produto Interno Bruto a preços correntes
6,Município,40,Mil Reais,73095,2502607,Igaracy - PB,2023,2023,37,Produto Interno Bruto a preços correntes
6,Município,40,Mil Reais,80671,2502706,Borborema - PB,2023,2023,37,Produto Interno Bruto a preços correntes
6,Município,40,Mil Reais,207305,2502805,Brejo do Cruz - PB,2023,2023,37,Produto Interno Bruto a preços correntes
6,Município,40,Mil Reais,79111,2502904,Brejo dos Santos - PB,2023,2023,37,Produto Interno Bruto a preços correntes
6,Município,40,Mil Reais,545157,2503001,Caaporã - PB,2023,2023,37,Produto Interno Bruto a preços correntes
6,Município,40,Mil Reais,171069,2503100,Cabaceiras - PB,2023,2023,37,Produto Interno Bruto a preços correntes
6,Município,40,Mil Reais,4092777,2503209,Cabedelo - PB,2023,2023,37,Produto Interno Bruto a preços correntes
6,Município,40,Mil Reais,153125,2503308,Cachoeira dos Índios - PB,2023,2023,37,Produto Interno Bruto a preços correntes
6,Município,40,Mil Reais,45669,2503407,Cacimba de Areia - PB,2023,2023,37,Produto Interno Bruto a preços correntes
6,Município,40,Mil Reais,179299,2503506,Cacimba de Dentro - PB,2023,2023,37,Produto Interno Bruto a preços correntes
6,Município,40,Mil Reais,84005,2503555,Cacimbas - PB,2023,2023,37,Produto Interno Bruto a preços correntes
6,Município,40,Mil Reais,83428,2503605,Caiçara - PB,2023,2023,37,Produto Interno Bruto a preços correntes
6,Município,40,Mil Reais,1808447,2503704,Cajazeiras - PB,2023,2023,37,Produto Interno Bruto a preços correntes
6,Município,40,Mil Reais,51075,2503753,Cajazeirinhas - PB,2023,2023,37,Produto Interno Bruto a preços correntes
6,Município,40,Mil Reais,92129,2503803,Caldas Brandão - PB,2023,2023,37,Produto Interno Bruto a preços correntes
6,Município,40,Mil Reais,87713,2503902,Camalaú - PB,2023,2023,37,Produto Interno Bruto a preços correntes
6,Município,40,Mil Reais,12908743,2504009,Campina Grande - PB,2023,2023,37,Produto Interno Bruto a preços correntes
6,Município,40,Mil Reais,101592,2504033,Capim - PB,2023,2023,37,Produto Interno Bruto a preços correntes
6,Município,40,Mil Reais,55068,2504074,Caraúbas - PB,2023,2023,37,Produto Interno Bruto a preços correntes
6,Município,40,Mil Reais,39802,2504108,Carrapateira - PB,2023,2023,37,Produto Interno Bruto a preços correntes
6,Município,40,Mil Reais,83914,2504157,Casserengue - PB,2023,2023,37,Produto Interno Bruto a preços correntes
6,Município,40,Mil Reais,63519,2504207,Catingueira - PB,2023,2023,37,Produto Interno Bruto a preços correntes
6,Município,40,Mil Reais,622714,2504306,Catolé do Rocha - PB,2023,2023,37,Produto Interno Bruto a preços correntes
6,Município,40,Mil Reais,87217,2504355,Caturité - PB,2023,2023,37,Produto Interno Bruto a preços correntes
6,Município,40,Mil Reais,257651,2504405,Conceição - PB,2023,2023,37,Produto Interno Bruto a preços correntes
6,Município,40,Mil Reais,89037,2504504,Condado - PB,2023,2023,37,Produto Interno Bruto a preços correntes
6,Município,40,Mil Reais,1648300,2504603,Conde - PB,2023,2023,37,Produto Interno Bruto a preços correntes
6,Município,40,Mil Reais,85465,2504702,Congo - PB,2023,2023,37,Produto Interno Bruto a preços correntes
6,Município,40,Mil Reais,255021,2504801,Coremas - PB,2023,2023,37,Produto Interno Bruto a preços correntes
6,Município,40,Mil Reais,30936,2504850,Coxixola - PB,2023,2023,37,Produto Interno Bruto a preços correntes
6,Município,40,Mil Reais,253013,2504900,Cruz do Espírito Santo - PB,2023,2023,37,Produto Interno Bruto a preços correntes
6,Município,40,Mil Reais,102129,2505006,Cubati - PB,2023,2023,37,Produto Interno Bruto a preços correntes
6,Município,40,Mil Reais,273447,2505105,Cuité - PB,2023,2023,37,Produto Interno Bruto a preços correntes
6,Município,40,Mil Reais,87664,2505204,Cuitegi - PB,2023,2023,37,Produto Interno Bruto a preços correntes
6,Município,40,Mil Reais,85105,2505238,Cuité de Mamanguape - PB,2023,2023,37,Produto Interno Bruto a preços correntes
6,Município,40,Mil Reais,74436,2505279,Curral de Cima - PB,2023,2023,37,Produto Interno Bruto a preços correntes
6,Município,40,Mil Reais,33783,2505303,Curral Velho - PB,2023,2023,37,Produto Interno Bruto a preços correntes
6,Município,40,Mil Reais,62654,2505352,Damião - PB,2023,2023,37,Produto Interno Bruto a preços correntes
6,Município,40,Mil Reais,94774,2505402,Desterro - PB,2023,2023,37,Produto Interno Bruto a preços correntes
6,Município,40,Mil Reais,50452,2505501,Vista Serrana - PB,2023,2023,37,Produto Interno Bruto a preços correntes
6,Município,40,Mil Reais,75548,2505600,Diamante - PB,2023,2023,37,Produto Interno Bruto a preços correntes
6,Município,40,Mil Reais,117418,2505709,Dona Inês - PB,2023,2023,37,Produto Interno Bruto a preços correntes
6,Município,40,Mil Reais,51973,2505808,Duas Estradas - PB,2023,2023,37,Produto Interno Bruto a preços correntes
6,Município,40,Mil Reais,46042,2505907,Emas - PB,2023,2023,37,Produto Interno Bruto a preços correntes
6,Município,40,Mil Reais,851650,2506004,Esperança - PB,2023,2023,37,Produto Interno Bruto a preços correntes
6,Município,40,Mil Reais,135441,2506103,Fagundes - PB,2023,2023,37,Produto Interno Bruto a preços correntes
6,Município,40,Mil Reais,38774,2506202,Frei Martinho - PB,2023,2023,37,Produto Interno Bruto a preços correntes
6,Município,40,Mil Reais,101801,2506251,Gado Bravo - PB,2023,2023,37,Produto Interno Bruto a preços correntes
6,Município,40,Mil Reais,1489288,2506301,Guarabira - PB,2023,2023,37,Produto Interno Bruto a preços correntes
6,Município,40,Mil Reais,201227,2506400,Gurinhém - PB,2023,2023,37,Produto Interno Bruto a preços correntes
6,Município,40,Mil Reais,50413,2506509,Gurjão - PB,2023,2023,37,Produto Interno Bruto a preços correntes
6,Município,40,Mil Reais,63597,2506608,Ibiara - PB,2023,2023,37,Produto Interno Bruto a preços correntes
6,Município,40,Mil Reais,105988,2506707,Imaculada - PB,2023,2023,37,Produto Interno Bruto a preços correntes
6,Município,40,Mil Reais,270159,2506806,Ingá - PB,2023,2023,37,Produto Interno Bruto a preços correntes
6,Município,40,Mil Reais,417387,2506905,Itabaiana - PB,2023,2023,37,Produto Interno Bruto a preços correntes
6,Município,40,Mil Reais,445867,2507002,Itaporanga - PB,2023,2023,37,Produto Interno Bruto a preços correntes
6,Município,40,Mil Reais,261025,2507101,Itapororoca - PB,2023,2023,37,Produto Interno Bruto a preços correntes
6,Município,40,Mil Reais,211522,2507200,Itatuba - PB,2023,2023,37,Produto Interno Bruto a preços correntes
6,Município,40,Mil Reais,217258,2507309,Jacaraú - PB,2023,2023,37,Produto Interno Bruto a preços correntes
6,Município,40,Mil Reais,95979,2507408,Jericó - PB,2023,2023,37,Produto Interno Bruto a preços correntes
6,Município,40,Mil Reais,28442131,2507507,João Pessoa - PB,2023,2023,37,Produto Interno Bruto a preços correntes
6,Município,40,Mil Reais,93223,2507606,Juarez Távora - PB,2023,2023,37,Produto Interno Bruto a preços correntes
6,Município,40,Mil Reais,259622,2507705,Juazeirinho - PB,2023,2023,37,Produto Interno Bruto a preços correntes
6,Município,40,Mil Reais,128192,2507804,Junco do Seridó - PB,2023,2023,37,Produto Interno Bruto a preços correntes
6,Município,40,Mil Reais,150461,2507903,Juripiranga - PB,2023,2023,37,Produto Interno Bruto a preços correntes
6,Município,40,Mil Reais,111022,2508000,Juru - PB,2023,2023,37,Produto Interno Bruto a preços correntes
6,Município,40,Mil Reais,65991,2508109,Lagoa - PB,2023,2023,37,Produto Interno Bruto a preços correntes
6,Município,40,Mil Reais,104437,2508208,Lagoa de Dentro - PB,2023,2023,37,Produto Interno Bruto a preços correntes
6,Município,40,Mil Reais,416794,2508307,Lagoa Seca - PB,2023,2023,37,Produto Interno Bruto a preços correntes
6,Município,40,Mil Reais,37248,2508406,Lastro - PB,2023,2023,37,Produto Interno Bruto a preços correntes
6,Município,40,Mil Reais,83602,2508505,Livramento - PB,2023,2023,37,Produto Interno Bruto a preços correntes
6,Município,40,Mil Reais,65569,2508554,Logradouro - PB,2023,2023,37,Produto Interno Bruto a preços correntes
6,Município,40,Mil Reais,279944,2508604,Lucena - PB,2023,2023,37,Produto Interno Bruto a preços correntes
6,Município,40,Mil Reais,45505,2508703,Mãe d'Água - PB,2023,2023,37,Produto Interno Bruto a preços correntes
6,Município,40,Mil Reais,77516,2508802,Malta - PB,2023,2023,37,Produto Interno Bruto a preços correntes
6,Município,40,Mil Reais,1086800,2508901,Mamanguape - PB,2023,2023,37,Produto Interno Bruto a preços correntes
6,Município,40,Mil Reais,110034,2509008,Manaíra - PB,2023,2023,37,Produto Interno Bruto a preços correntes
6,Município,40,Mil Reais,123336,2509057,Marcação - PB,2023,2023,37,Produto Interno Bruto a preços correntes
6,Município,40,Mil Reais,303052,2509107,Mari - PB,2023,2023,37,Produto Interno Bruto a preços correntes
6,Município,40,Mil Reais,97757,2509156,Marizópolis - PB,2023,2023,37,Produto Interno Bruto a preços correntes
6,Município,40,Mil Reais,196173,2509206,Massaranduba - PB,2023,2023,37,Produto Interno Bruto a preços correntes
6,Município,40,Mil Reais,231046,2509305,Mataraca - PB,2023,2023,37,Produto Interno Bruto a preços correntes
6,Município,40,Mil Reais,80821,2509339,Matinhas - PB,2023,2023,37,Produto Interno Bruto a preços correntes
6,Município,40,Mil Reais,38900,2509370,Mato Grosso - PB,2023,2023,37,Produto Interno Bruto a preços correntes
6,Município,40,Mil Reais,79510,2509396,Maturéia - PB,2023,2023,37,Produto Interno Bruto a preços correntes
6,Município,40,Mil Reais,220317,2509404,Mogeiro - PB,2023,2023,37,Produto Interno Bruto a preços correntes
6,Município,40,Mil Reais,68335,2509503,Montadas - PB,2023,2023,37,Produto Interno Bruto a preços correntes
6,Município,40,Mil Reais,59800,2509602,Monte Horebe - PB,2023,2023,37,Produto Interno Bruto a preços correntes
6,Município,40,Mil Reais,842417,2509701,Monteiro - PB,2023,2023,37,Produto Interno Bruto a preços correntes
6,Município,40,Mil Reais,111589,2509800,Mulungu - PB,2023,2023,37,Produto Interno Bruto a preços correntes
6,Município,40,Mil Reais,116149,2509909,Natuba - PB,2023,2023,37,Produto Interno Bruto a preços correntes
6,Município,40,Mil Reais,81441,2510006,Nazarezinho - PB,2023,2023,37,Produto Interno Bruto a preços correntes
6,Município,40,Mil Reais,114955,2510105,Nova Floresta - PB,2023,2023,37,Produto Interno Bruto a preços correntes
6,Município,40,Mil Reais,69482,2510204,Nova Olinda - PB,2023,2023,37,Produto Interno Bruto a preços correntes
6,Município,40,Mil Reais,54633,2510303,Nova Palmeira - PB,2023,2023,37,Produto Interno Bruto a preços correntes
6,Município,40,Mil Reais,76534,2510402,Olho d'Água - PB,2023,2023,37,Produto Interno Bruto a preços correntes
6,Município,40,Mil Reais,53270,2510501,Olivedos - PB,2023,2023,37,Produto Interno Bruto a preços correntes
6,Município,40,Mil Reais,47542,2510600,Ouro Velho - PB,2023,2023,37,Produto Interno Bruto a preços correntes
6,Município,40,Mil Reais,28042,2510659,Parari - PB,2023,2023,37,Produto Interno Bruto a preços correntes
6,Município,40,Mil Reais,35352,2510709,Passagem - PB,2023,2023,37,Produto Interno Bruto a preços correntes
6,Município,40,Mil Reais,2555214,2510808,Patos - PB,2023,2023,37,Produto Interno Bruto a preços correntes
6,Município,40,Mil Reais,200281,2510907,Paulista - PB,2023,2023,37,Produto Interno Bruto a preços correntes
6,Município,40,Mil Reais,48602,2511004,Pedra Branca - PB,2023,2023,37,Produto Interno Bruto a preços correntes
6,Município,40,Mil Reais,94715,2511103,Pedra Lavrada - PB,2023,2023,37,Produto Interno Bruto a preços correntes
6,Município,40,Mil Reais,836969,2511202,Pedras de Fogo - PB,2023,2023,37,Produto Interno Bruto a preços correntes
6,Município,40,Mil Reais,246685,2511301,Piancó - PB,2023,2023,37,Produto Interno Bruto a preços correntes
6,Município,40,Mil Reais,270316,2511400,Picuí - PB,2023,2023,37,Produto Interno Bruto a preços correntes
6,Município,40,Mil Reais,158901,2511509,Pilar - PB,2023,2023,37,Produto Interno Bruto a preços correntes
6,Município,40,Mil Reais,133896,2511608,Pilões - PB,2023,2023,37,Produto Interno Bruto a preços correntes
6,Município,40,Mil Reais,64516,2511707,Pilõezinhos - PB,2023,2023,37,Produto Interno Bruto a preços correntes
6,Município,40,Mil Reais,120990,2511806,Pirpirituba - PB,2023,2023,37,Produto Interno Bruto a preços correntes
6,Município,40,Mil Reais,479172,2511905,Pitimbu - PB,2023,2023,37,Produto Interno Bruto a preços correntes
6,Município,40,Mil Reais,334112,2512002,Pocinhos - PB,2023,2023,37,Produto Interno Bruto a preços correntes
6,Município,40,Mil Reais,56713,2512036,Poço Dantas - PB,2023,2023,37,Produto Interno Bruto a preços correntes
6,Município,40,Mil Reais,61655,2512077,Poço de José de Moura - PB,2023,2023,37,Produto Interno Bruto a preços correntes
6,Município,40,Mil Reais,594290,2512101,Pombal - PB,2023,2023,37,Produto Interno Bruto a preços correntes
6,Município,40,Mil Reais,83660,2512200,Prata - PB,2023,2023,37,Produto Interno Bruto a preços correntes
6,Município,40,Mil Reais,343379,2512309,Princesa Isabel - PB,2023,2023,37,Produto Interno Bruto a preços correntes
6,Município,40,Mil Reais,189387,2512408,Puxinanã - PB,2023,2023,37,Produto Interno Bruto a preços correntes
6,Município,40,Mil Reais,788732,2512507,Queimadas - PB,2023,2023,37,Produto Interno Bruto a preços correntes
6,Município,40,Mil Reais,30647,2512606,Quixaba - PB,2023,2023,37,Produto Interno Bruto a preços correntes
6,Município,40,Mil Reais,224366,2512705,Remígio - PB,2023,2023,37,Produto Interno Bruto a preços correntes
6,Município,40,Mil Reais,70516,2512721,Pedro Régis - PB,2023,2023,37,Produto Interno Bruto a preços correntes
6,Município,40,Mil Reais,42007,2512747,Riachão - PB,2023,2023,37,Produto Interno Bruto a preços correntes
6,Município,40,Mil Reais,68122,2512754,Riachão do Bacamarte - PB,2023,2023,37,Produto Interno Bruto a preços correntes
6,Município,40,Mil Reais,73546,2512762,Riachão do Poço - PB,2023,2023,37,Produto Interno Bruto a preços correntes
6,Município,40,Mil Reais,35322,2512788,Riacho de Santo Antônio - PB,2023,2023,37,Produto Interno Bruto a preços correntes
6,Município,40,Mil Reais,111761,2512804,Riacho dos Cavalos - PB,2023,2023,37,Produto Interno Bruto a preços correntes
6,Município,40,Mil Reais,393104,2512903,Rio Tinto - PB,2023,2023,37,Produto Interno Bruto a preços correntes
6,Município,40,Mil Reais,40278,2513000,Salgadinho - PB,2023,2023,37,Produto Interno Bruto a preços correntes
6,Município,40,Mil Reais,177321,2513109,Salgado de São Félix - PB,2023,2023,37,Produto Interno Bruto a preços correntes
6,Município,40,Mil Reais,90463,2513158,Santa Cecília - PB,2023,2023,37,Produto Interno Bruto a preços correntes
6,Município,40,Mil Reais,74312,2513208,Santa Cruz - PB,2023,2023,37,Produto Interno Bruto a preços correntes
6,Município,40,Mil Reais,84256,2513307,Santa Helena - PB,2023,2023,37,Produto Interno Bruto a preços correntes
6,Município,40,Mil Reais,40015,2513356,Santa Inês - PB,2023,2023,37,Produto Interno Bruto a preços correntes
6,Município,40,Mil Reais,573425,2513406,Santa Luzia - PB,2023,2023,37,Produto Interno Bruto a preços correntes
6,Município,40,Mil Reais,60940,2513505,Santana de Mangueira - PB,2023,2023,37,Produto Interno Bruto a preços correntes
6,Município,40,Mil Reais,81502,2513604,Santana dos Garrotes - PB,2023,2023,37,Produto Interno Bruto a preços correntes
6,Município,40,Mil Reais,43129,2513653,Joca Claudino - PB,2023,2023,37,Produto Interno Bruto a preços correntes
6,Município,40,Mil Reais,3163544,2513703,Santa Rita - PB,2023,2023,37,Produto Interno Bruto a preços correntes
6,Município,40,Mil Reais,66909,2513802,Santa Teresinha - PB,2023,2023,37,Produto Interno Bruto a preços correntes
6,Município,40,Mil Reais,40211,2513851,Santo André - PB,2023,2023,37,Produto Interno Bruto a preços correntes
6,Município,40,Mil Reais,724346,2513901,São Bento - PB,2023,2023,37,Produto Interno Bruto a preços correntes
6,Município,40,Mil Reais,64264,2513927,São Bentinho - PB,2023,2023,37,Produto Interno Bruto a preços correntes
6,Município,40,Mil Reais,39709,2513943,São Domingos do Cariri - PB,2023,2023,37,Produto Interno Bruto a preços correntes
6,Município,40,Mil Reais,44068,2513968,São Domingos - PB,2023,2023,37,Produto Interno Bruto a preços correntes
6,Município,40,Mil Reais,48447,2513984,São Francisco - PB,2023,2023,37,Produto Interno Bruto a preços correntes
6,Município,40,Mil Reais,71555,2514008,São João do Cariri - PB,2023,2023,37,Produto Interno Bruto a preços correntes
6,Município,40,Mil Reais,51496,2514107,São João do Tigre - PB,2023,2023,37,Produto Interno Bruto a preços correntes
6,Município,40,Mil Reais,87269,2514206,São José da Lagoa Tapada - PB,2023,2023,37,Produto Interno Bruto a preços correntes
6,Município,40,Mil Reais,63973,2514305,São José de Caiana - PB,2023,2023,37,Produto Interno Bruto a preços correntes
6,Município,40,Mil Reais,66469,2514404,São José de Espinharas - PB,2023,2023,37,Produto Interno Bruto a preços correntes
6,Município,40,Mil Reais,78200,2514453,São José dos Ramos - PB,2023,2023,37,Produto Interno Bruto a preços correntes
6,Município,40,Mil Reais,289437,2514503,São José de Piranhas - PB,2023,2023,37,Produto Interno Bruto a preços correntes
6,Município,40,Mil Reais,43362,2514552,São José de Princesa - PB,2023,2023,37,Produto Interno Bruto a preços correntes
6,Município,40,Mil Reais,41022,2514602,São José do Bonfim - PB,2023,2023,37,Produto Interno Bruto a preços correntes
6,Município,40,Mil Reais,36303,2514651,São José do Brejo do Cruz - PB,2023,2023,37,Produto Interno Bruto a preços correntes
6,Município,40,Mil Reais,129591,2514701,São José do Sabugi - PB,2023,2023,37,Produto Interno Bruto a preços correntes
6,Município,40,Mil Reais,44795,2514800,São José dos Cordeiros - PB,2023,2023,37,Produto Interno Bruto a preços correntes
6,Município,40,Mil Reais,101241,2514909,São Mamede - PB,2023,2023,37,Produto Interno Bruto a preços correntes
6,Município,40,Mil Reais,122551,2515005,São Miguel de Taipu - PB,2023,2023,37,Produto Interno Bruto a preços correntes
6,Município,40,Mil Reais,133993,2515104,São Sebastião de Lagoa de Roça - PB,2023,2023,37,Produto Interno Bruto a preços correntes
6,Município,40,Mil Reais,46472,2515203,São Sebastião do Umbuzeiro - PB,2023,2023,37,Produto Interno Bruto a preços correntes
6,Município,40,Mil Reais,852471,2515302,Sapé - PB,2023,2023,37,Produto Interno Bruto a preços correntes
6,Município,40,Mil Reais,112003,2515401,São Vicente do Seridó - PB,2023,2023,37,Produto Interno Bruto a preços correntes
6,Município,40,Mil Reais,187052,2515500,Serra Branca - PB,2023,2023,37,Produto Interno Bruto a preços correntes
6,Município,40,Mil Reais,47507,2515609,Serra da Raiz - PB,2023,2023,37,Produto Interno Bruto a preços correntes
6,Município,40,Mil Reais,40406,2515708,Serra Grande - PB,2023,2023,37,Produto Interno Bruto a preços correntes
6,Município,40,Mil Reais,74715,2515807,Serra Redonda - PB,2023,2023,37,Produto Interno Bruto a preços correntes
6,Município,40,Mil Reais,79579,2515906,Serraria - PB,2023,2023,37,Produto Interno Bruto a preços correntes
6,Município,40,Mil Reais,71175,2515930,Sertãozinho - PB,2023,2023,37,Produto Interno Bruto a preços correntes
6,Município,40,Mil Reais,135262,2515971,Sobrado - PB,2023,2023,37,Produto Interno Bruto a preços correntes
6,Município,40,Mil Reais,428475,2516003,Solânea - PB,2023,2023,37,Produto Interno Bruto a preços correntes
6,Município,40,Mil Reais,319643,2516102,Soledade - PB,2023,2023,37,Produto Interno Bruto a preços correntes
6,Município,40,Mil Reais,47775,2516151,Sossêgo - PB,2023,2023,37,Produto Interno Bruto a preços correntes
6,Município,40,Mil Reais,1714770,2516201,Sousa - PB,2023,2023,37,Produto Interno Bruto a preços correntes
6,Município,40,Mil Reais,255601,2516300,Sumé - PB,2023,2023,37,Produto Interno Bruto a preços correntes
6,Município,40,Mil Reais,106670,2516409,Tacima - PB,2023,2023,37,Produto Interno Bruto a preços correntes
6,Município,40,Mil Reais,169781,2516508,Taperoá - PB,2023,2023,37,Produto Interno Bruto a preços correntes
6,Município,40,Mil Reais,167333,2516607,Tavares - PB,2023,2023,37,Produto Interno Bruto a preços correntes
6,Município,40,Mil Reais,222479,2516706,Teixeira - PB,2023,2023,37,Produto Interno Bruto a preços correntes
6,Município,40,Mil Reais,40231,2516755,Tenório - PB,2023,2023,37,Produto Interno Bruto a preços correntes
6,Município,40,Mil Reais,121796,2516805,Triunfo - PB,2023,2023,37,Produto Interno Bruto a preços correntes
6,Município,40,Mil Reais,245510,2516904,Uiraúna - PB,2023,2023,37,Produto Interno Bruto a preços correntes
6,Município,40,Mil Reais,118557,2517001,Umbuzeiro - PB,2023,2023,37,Produto Interno Bruto a preços correntes
6,Município,40,Mil Reais,46408,2517100,Várzea - PB,2023,2023,37,Produto Interno Bruto a preços correntes
6,Município,40,Mil Reais,59242,2517209,Vieirópolis - PB,2023,2023,37,Produto Interno Bruto a preços correntes
6,Município,40,Mil Reais,35337,2517407,Zabelê - PB,2023,2023,37,Produto Interno Bruto a preços correntes
6,Município,40,Mil Reais,2129775,2600054,Abreu e Lima - PE,2023,2023,37,Produto Interno Bruto a preços correntes
6,Município,40,Mil Reais,651001,2600104,Afogados da Ingazeira - PE,2023,2023,37,Produto Interno Bruto a preços correntes
6,Município,40,Mil Reais,271668,2600203,Afrânio - PE,2023,2023,37,Produto Interno Bruto a preços correntes
6,Município,40,Mil Reais,368076,2600302,Agrestina - PE,2023,2023,37,Produto Interno Bruto a preços correntes
6,Município,40,Mil Reais,263642,2600401,Água Preta - PE,2023,2023,37,Produto Interno Bruto a preços correntes
6,Município,40,Mil Reais,489637,2600500,Águas Belas - PE,2023,2023,37,Produto Interno Bruto a preços correntes
6,Município,40,Mil Reais,199751,2600609,Alagoinha - PE,2023,2023,37,Produto Interno Bruto a preços correntes
6,Município,40,Mil Reais,472449,2600708,Aliança - PE,2023,2023,37,Produto Interno Bruto a preços correntes
6,Município,40,Mil Reais,302022,2600807,Altinho - PE,2023,2023,37,Produto Interno Bruto a preços correntes
6,Município,40,Mil Reais,307792,2600906,Amaraji - PE,2023,2023,37,Produto Interno Bruto a preços correntes
6,Município,40,Mil Reais,186927,2601003,Angelim - PE,2023,2023,37,Produto Interno Bruto a preços correntes
6,Município,40,Mil Reais,203113,2601052,Araçoiaba - PE,2023,2023,37,Produto Interno Bruto a preços correntes
6,Município,40,Mil Reais,1777713,2601102,Araripina - PE,2023,2023,37,Produto Interno Bruto a preços correntes
6,Município,40,Mil Reais,1503621,2601201,Arcoverde - PE,2023,2023,37,Produto Interno Bruto a preços correntes
6,Município,40,Mil Reais,197017,2601300,Barra de Guabiraba - PE,2023,2023,37,Produto Interno Bruto a preços correntes
6,Município,40,Mil Reais,645437,2601409,Barreiros - PE,2023,2023,37,Produto Interno Bruto a preços correntes
6,Município,40,Mil Reais,110733,2601508,Belém de Maria - PE,2023,2023,37,Produto Interno Bruto a preços correntes
6,Município,40,Mil Reais,715390,2601607,Belém do São Francisco - PE,2023,2023,37,Produto Interno Bruto a preços correntes
6,Município,40,Mil Reais,3429628,2601706,Belo Jardim - PE,2023,2023,37,Produto Interno Bruto a preços correntes
6,Município,40,Mil Reais,125498,2601805,Betânia - PE,2023,2023,37,Produto Interno Bruto a preços correntes
6,Município,40,Mil Reais,1089685,2601904,Bezerros - PE,2023,2023,37,Produto Interno Bruto a preços correntes
6,Município,40,Mil Reais,388247,2602001,Bodocó - PE,2023,2023,37,Produto Interno Bruto a preços correntes
6,Município,40,Mil Reais,801671,2602100,Bom Conselho - PE,2023,2023,37,Produto Interno Bruto a preços correntes
6,Município,40,Mil Reais,419042,2602209,Bom Jardim - PE,2023,2023,37,Produto Interno Bruto a preços correntes
6,Município,40,Mil Reais,736191,2602308,Bonito - PE,2023,2023,37,Produto Interno Bruto a preços correntes
6,Município,40,Mil Reais,226948,2602407,Brejão - PE,2023,2023,37,Produto Interno Bruto a preços correntes
6,Município,40,Mil Reais,95683,2602506,Brejinho - PE,2023,2023,37,Produto Interno Bruto a preços correntes
6,Município,40,Mil Reais,530035,2602605,Brejo da Madre de Deus - PE,2023,2023,37,Produto Interno Bruto a preços correntes
6,Município,40,Mil Reais,163217,2602704,Buenos Aires - PE,2023,2023,37,Produto Interno Bruto a preços correntes
6,Município,40,Mil Reais,647063,2602803,Buíque - PE,2023,2023,37,Produto Interno Bruto a preços correntes
6,Município,40,Mil Reais,15897620,2602902,Cabo de Santo Agostinho - PE,2023,2023,37,Produto Interno Bruto a preços correntes
6,Município,40,Mil Reais,536175,2603009,Cabrobó - PE,2023,2023,37,Produto Interno Bruto a preços correntes
6,Município,40,Mil Reais,290338,2603108,Cachoeirinha - PE,2023,2023,37,Produto Interno Bruto a preços correntes
6,Município,40,Mil Reais,503212,2603207,Caetés - PE,2023,2023,37,Produto Interno Bruto a preços correntes
6,Município,40,Mil Reais,134331,2603306,Calçado - PE,2023,2023,37,Produto Interno Bruto a preços correntes
6,Município,40,Mil Reais,62249,2603405,Calumbi - PE,2023,2023,37,Produto Interno Bruto a preços correntes
6,Município,40,Mil Reais,2436552,2603454,Camaragibe - PE,2023,2023,37,Produto Interno Bruto a preços correntes
6,Município,40,Mil Reais,209246,2603504,Camocim de São Félix - PE,2023,2023,37,Produto Interno Bruto a preços correntes
6,Município,40,Mil Reais,427495,2603603,Camutanga - PE,2023,2023,37,Produto Interno Bruto a preços correntes
6,Município,40,Mil Reais,364996,2603702,Canhotinho - PE,2023,2023,37,Produto Interno Bruto a preços correntes
6,Município,40,Mil Reais,266090,2603801,Capoeiras - PE,2023,2023,37,Produto Interno Bruto a preços correntes
6,Município,40,Mil Reais,212891,2603900,Carnaíba - PE,2023,2023,37,Produto Interno Bruto a preços correntes
6,Município,40,Mil Reais,107059,2603926,Carnaubeira da Penha - PE,2023,2023,37,Produto Interno Bruto a preços correntes
6,Município,40,Mil Reais,1937470,2604007,Carpina - PE,2023,2023,37,Produto Interno Bruto a preços correntes
6,Município,40,Mil Reais,11238434,2604106,Caruaru - PE,2023,2023,37,Produto Interno Bruto a preços correntes
6,Município,40,Mil Reais,125631,2604155,Casinhas - PE,2023,2023,37,Produto Interno Bruto a preços correntes
6,Município,40,Mil Reais,390075,2604205,Catende - PE,2023,2023,37,Produto Interno Bruto a preços correntes
6,Município,40,Mil Reais,133554,2604304,Cedro - PE,2023,2023,37,Produto Interno Bruto a preços correntes
6,Município,40,Mil Reais,190273,2604403,Chã de Alegria - PE,2023,2023,37,Produto Interno Bruto a preços correntes
6,Município,40,Mil Reais,325129,2604502,Chã Grande - PE,2023,2023,37,Produto Interno Bruto a preços correntes
6,Município,40,Mil Reais,294987,2604601,Condado - PE,2023,2023,37,Produto Interno Bruto a preços correntes
6,Município,40,Mil Reais,211880,2604700,Correntes - PE,2023,2023,37,Produto Interno Bruto a preços correntes
6,Município,40,Mil Reais,147761,2604809,Cortês - PE,2023,2023,37,Produto Interno Bruto a preços correntes
6,Município,40,Mil Reais,163890,2604908,Cumaru - PE,2023,2023,37,Produto Interno Bruto a preços correntes
6,Município,40,Mil Reais,355809,2605004,Cupira - PE,2023,2023,37,Produto Interno Bruto a preços correntes
6,Município,40,Mil Reais,759609,2605103,Custódia - PE,2023,2023,37,Produto Interno Bruto a preços correntes
6,Município,40,Mil Reais,311854,2605152,Dormentes - PE,2023,2023,37,Produto Interno Bruto a preços correntes
6,Município,40,Mil Reais,1582303,2605202,Escada - PE,2023,2023,37,Produto Interno Bruto a preços correntes
6,Município,40,Mil Reais,440315,2605301,Exu - PE,2023,2023,37,Produto Interno Bruto a preços correntes
6,Município,40,Mil Reais,274542,2605400,Feira Nova - PE,2023,2023,37,Produto Interno Bruto a preços correntes
6,Município,40,Mil Reais,304923,2605459,Fernando de Noronha - PE,2023,2023,37,Produto Interno Bruto a preços correntes
6,Município,40,Mil Reais,171423,2605509,Ferreiros - PE,2023,2023,37,Produto Interno Bruto a preços correntes
6,Município,40,Mil Reais,245679,2605608,Flores - PE,2023,2023,37,Produto Interno Bruto a preços correntes
6,Município,40,Mil Reais,583259,2605707,Floresta - PE,2023,2023,37,Produto Interno Bruto a preços correntes
6,Município,40,Mil Reais,152032,2605806,Frei Miguelinho - PE,2023,2023,37,Produto Interno Bruto a preços correntes
6,Município,40,Mil Reais,248184,2605905,Gameleira - PE,2023,2023,37,Produto Interno Bruto a preços correntes
6,Município,40,Mil Reais,3834635,2606002,Garanhuns - PE,2023,2023,37,Produto Interno Bruto a preços correntes
6,Município,40,Mil Reais,626114,2606101,Glória do Goitá - PE,2023,2023,37,Produto Interno Bruto a preços correntes
6,Município,40,Mil Reais,13893623,2606200,Goiana - PE,2023,2023,37,Produto Interno Bruto a preços correntes
6,Município,40,Mil Reais,91071,2606309,Granito - PE,2023,2023,37,Produto Interno Bruto a preços correntes
6,Município,40,Mil Reais,1637743,2606408,Gravatá - PE,2023,2023,37,Produto Interno Bruto a preços correntes
6,Município,40,Mil Reais,236013,2606507,Iati - PE,2023,2023,37,Produto Interno Bruto a preços correntes
6,Município,40,Mil Reais,425355,2606606,Ibimirim - PE,2023,2023,37,Produto Interno Bruto a preços correntes
6,Município,40,Mil Reais,99153,2606705,Ibirajuba - PE,2023,2023,37,Produto Interno Bruto a preços correntes
6,Município,40,Mil Reais,3770816,2606804,Igarassu - PE,2023,2023,37,Produto Interno Bruto a preços correntes
6,Município,40,Mil Reais,122068,2606903,Iguaracy - PE,2023,2023,37,Produto Interno Bruto a preços correntes
6,Município,40,Mil Reais,276204,2607000,Inajá - PE,2023,2023,37,Produto Interno Bruto a preços correntes
6,Município,40,Mil Reais,65457,2607109,Ingazeira - PE,2023,2023,37,Produto Interno Bruto a preços correntes
6,Município,40,Mil Reais,17972323,2607208,Ipojuca - PE,2023,2023,37,Produto Interno Bruto a preços correntes
6,Município,40,Mil Reais,412535,2607307,Ipubi - PE,2023,2023,37,Produto Interno Bruto a preços correntes
6,Município,40,Mil Reais,82430,2607406,Itacuruba - PE,2023,2023,37,Produto Interno Bruto a preços correntes
6,Município,40,Mil Reais,390249,2607505,Itaíba - PE,2023,2023,37,Produto Interno Bruto a preços correntes
6,Município,40,Mil Reais,298295,2607604,Ilha de Itamaracá - PE,2023,2023,37,Produto Interno Bruto a preços correntes
6,Município,40,Mil Reais,586823,2607653,Itambé - PE,2023,2023,37,Produto Interno Bruto a preços correntes
6,Município,40,Mil Reais,170269,2607703,Itapetim - PE,2023,2023,37,Produto Interno Bruto a preços correntes
6,Município,40,Mil Reais,3258624,2607752,Itapissuma - PE,2023,2023,37,Produto Interno Bruto a preços correntes
6,Município,40,Mil Reais,223249,2607802,Itaquitinga - PE,2023,2023,37,Produto Interno Bruto a preços correntes
6,Município,40,Mil Reais,20281298,2607901,Jaboatão dos Guararapes - PE,2023,2023,37,Produto Interno Bruto a preços correntes
6,Município,40,Mil Reais,129334,2607950,Jaqueira - PE,2023,2023,37,Produto Interno Bruto a preços correntes
6,Município,40,Mil Reais,192384,2608008,Jataúba - PE,2023,2023,37,Produto Interno Bruto a preços correntes
6,Município,40,Mil Reais,183614,2608057,Jatobá - PE,2023,2023,37,Produto Interno Bruto a preços correntes
6,Município,40,Mil Reais,354879,2608107,João Alfredo - PE,2023,2023,37,Produto Interno Bruto a preços correntes
6,Município,40,Mil Reais,164491,2608206,Joaquim Nabuco - PE,2023,2023,37,Produto Interno Bruto a preços correntes
6,Município,40,Mil Reais,142790,2608255,Jucati - PE,2023,2023,37,Produto Interno Bruto a preços correntes
6,Município,40,Mil Reais,247150,2608305,Jupi - PE,2023,2023,37,Produto Interno Bruto a preços correntes
6,Município,40,Mil Reais,146166,2608404,Jurema - PE,2023,2023,37,Produto Interno Bruto a preços correntes
6,Município,40,Mil Reais,327921,2608453,Lagoa do Carro - PE,2023,2023,37,Produto Interno Bruto a preços correntes
6,Município,40,Mil Reais,551074,2608503,Lagoa de Itaenga - PE,2023,2023,37,Produto Interno Bruto a preços correntes
6,Município,40,Mil Reais,150180,2608602,Lagoa do Ouro - PE,2023,2023,37,Produto Interno Bruto a preços correntes
6,Município,40,Mil Reais,168831,2608701,Lagoa dos Gatos - PE,2023,2023,37,Produto Interno Bruto a preços correntes
6,Município,40,Mil Reais,713609,2608750,Lagoa Grande - PE,2023,2023,37,Produto Interno Bruto a preços correntes
6,Município,40,Mil Reais,706467,2608800,Lajedo - PE,2023,2023,37,Produto Interno Bruto a preços correntes
6,Município,40,Mil Reais,991140,2608909,Limoeiro - PE,2023,2023,37,Produto Interno Bruto a preços correntes
6,Município,40,Mil Reais,359208,2609006,Macaparana - PE,2023,2023,37,Produto Interno Bruto a preços correntes
6,Município,40,Mil Reais,271714,2609105,Machados - PE,2023,2023,37,Produto Interno Bruto a preços correntes
6,Município,40,Mil Reais,183154,2609154,Manari - PE,2023,2023,37,Produto Interno Bruto a preços correntes
6,Município,40,Mil Reais,110045,2609204,Maraial - PE,2023,2023,37,Produto Interno Bruto a preços correntes
6,Município,40,Mil Reais,221207,2609303,Mirandiba - PE,2023,2023,37,Produto Interno Bruto a preços correntes
6,Município,40,Mil Reais,1118309,2609402,Moreno - PE,2023,2023,37,Produto Interno Bruto a preços correntes
6,Município,40,Mil Reais,777087,2609501,Nazaré da Mata - PE,2023,2023,37,Produto Interno Bruto a preços correntes
6,Município,40,Mil Reais,7024917,2609600,Olinda - PE,2023,2023,37,Produto Interno Bruto a preços correntes
6,Município,40,Mil Reais,582870,2609709,Orobó - PE,2023,2023,37,Produto Interno Bruto a preços correntes
6,Município,40,Mil Reais,192309,2609808,Orocó - PE,2023,2023,37,Produto Interno Bruto a preços correntes
6,Município,40,Mil Reais,1016704,2609907,Ouricuri - PE,2023,2023,37,Produto Interno Bruto a preços correntes
6,Município,40,Mil Reais,1156052,2610004,Palmares - PE,2023,2023,37,Produto Interno Bruto a preços correntes
6,Município,40,Mil Reais,91362,2610103,Palmeirina - PE,2023,2023,37,Produto Interno Bruto a preços correntes
6,Município,40,Mil Reais,239945,2610202,Panelas - PE,2023,2023,37,Produto Interno Bruto a preços correntes
6,Município,40,Mil Reais,306364,2610301,Paranatama - PE,2023,2023,37,Produto Interno Bruto a preços correntes
6,Município,40,Mil Reais,268156,2610400,Parnamirim - PE,2023,2023,37,Produto Interno Bruto a preços correntes
6,Município,40,Mil Reais,293500,2610509,Passira - PE,2023,2023,37,Produto Interno Bruto a preços correntes
6,Município,40,Mil Reais,1151981,2610608,Paudalho - PE,2023,2023,37,Produto Interno Bruto a preços correntes
6,Município,40,Mil Reais,6999013,2610707,Paulista - PE,2023,2023,37,Produto Interno Bruto a preços correntes
6,Município,40,Mil Reais,426036,2610806,Pedra - PE,2023,2023,37,Produto Interno Bruto a preços correntes
6,Município,40,Mil Reais,1082144,2610905,Pesqueira - PE,2023,2023,37,Produto Interno Bruto a preços correntes
6,Município,40,Mil Reais,1568603,2611002,Petrolândia - PE,2023,2023,37,Produto Interno Bruto a preços correntes
6,Município,40,Mil Reais,10577530,2611101,Petrolina - PE,2023,2023,37,Produto Interno Bruto a preços correntes
6,Município,40,Mil Reais,132807,2611200,Poção - PE,2023,2023,37,Produto Interno Bruto a preços correntes
6,Município,40,Mil Reais,635845,2611309,Pombos - PE,2023,2023,37,Produto Interno Bruto a preços correntes
6,Município,40,Mil Reais,320399,2611408,Primavera - PE,2023,2023,37,Produto Interno Bruto a preços correntes
6,Município,40,Mil Reais,211463,2611507,Quipapá - PE,2023,2023,37,Produto Interno Bruto a preços correntes
6,Município,40,Mil Reais,75902,2611533,Quixaba - PE,2023,2023,37,Produto Interno Bruto a preços correntes
6,Município,40,Mil Reais,66351305,2611606,Recife - PE,2023,2023,37,Produto Interno Bruto a preços correntes
6,Município,40,Mil Reais,289327,2611705,Riacho das Almas - PE,2023,2023,37,Produto Interno Bruto a preços correntes
6,Município,40,Mil Reais,601649,2611804,Ribeirão - PE,2023,2023,37,Produto Interno Bruto a preços correntes
6,Município,40,Mil Reais,374545,2611903,Rio Formoso - PE,2023,2023,37,Produto Interno Bruto a preços correntes
6,Município,40,Mil Reais,204199,2612000,Sairé - PE,2023,2023,37,Produto Interno Bruto a preços correntes
6,Município,40,Mil Reais,76619,2612109,Salgadinho - PE,2023,2023,37,Produto Interno Bruto a preços correntes
6,Município,40,Mil Reais,1389969,2612208,Salgueiro - PE,2023,2023,37,Produto Interno Bruto a preços correntes
6,Município,40,Mil Reais,251854,2612307,Saloá - PE,2023,2023,37,Produto Interno Bruto a preços correntes
6,Município,40,Mil Reais,269694,2612406,Sanharó - PE,2023,2023,37,Produto Interno Bruto a preços correntes
6,Município,40,Mil Reais,156125,2612455,Santa Cruz - PE,2023,2023,37,Produto Interno Bruto a preços correntes
6,Município,40,Mil Reais,143723,2612471,Santa Cruz da Baixa Verde - PE,2023,2023,37,Produto Interno Bruto a preços correntes
6,Município,40,Mil Reais,2125695,2612505,Santa Cruz do Capibaribe - PE,2023,2023,37,Produto Interno Bruto a preços correntes
6,Município,40,Mil Reais,133150,2612554,Santa Filomena - PE,2023,2023,37,Produto Interno Bruto a preços correntes
6,Município,40,Mil Reais,781893,2612604,Santa Maria da Boa Vista - PE,2023,2023,37,Produto Interno Bruto a preços correntes
6,Município,40,Mil Reais,151435,2612703,Santa Maria do Cambucá - PE,2023,2023,37,Produto Interno Bruto a preços correntes
6,Município,40,Mil Reais,122739,2612802,Santa Terezinha - PE,2023,2023,37,Produto Interno Bruto a preços correntes
6,Município,40,Mil Reais,129076,2612901,São Benedito do Sul - PE,2023,2023,37,Produto Interno Bruto a preços correntes
6,Município,40,Mil Reais,1909078,2613008,São Bento do Una - PE,2023,2023,37,Produto Interno Bruto a preços correntes
6,Município,40,Mil Reais,575982,2613107,São Caitano - PE,2023,2023,37,Produto Interno Bruto a preços correntes
6,Município,40,Mil Reais,374387,2613206,São João - PE,2023,2023,37,Produto Interno Bruto a preços correntes
6,Município,40,Mil Reais,258411,2613305,São Joaquim do Monte - PE,2023,2023,37,Produto Interno Bruto a preços correntes
6,Município,40,Mil Reais,389471,2613404,São José da Coroa Grande - PE,2023,2023,37,Produto Interno Bruto a preços correntes
6,Município,40,Mil Reais,529903,2613503,São José do Belmonte - PE,2023,2023,37,Produto Interno Bruto a preços correntes
6,Município,40,Mil Reais,471426,2613602,São José do Egito - PE,2023,2023,37,Produto Interno Bruto a preços correntes
6,Município,40,Mil Reais,1791059,2613701,São Lourenço da Mata - PE,2023,2023,37,Produto Interno Bruto a preços correntes
6,Município,40,Mil Reais,384212,2613800,São Vicente Férrer - PE,2023,2023,37,Produto Interno Bruto a preços correntes
6,Município,40,Mil Reais,2003113,2613909,Serra Talhada - PE,2023,2023,37,Produto Interno Bruto a preços correntes
6,Município,40,Mil Reais,195989,2614006,Serrita - PE,2023,2023,37,Produto Interno Bruto a preços correntes
6,Município,40,Mil Reais,404067,2614105,Sertânia - PE,2023,2023,37,Produto Interno Bruto a preços correntes
6,Município,40,Mil Reais,861417,2614204,Sirinhaém - PE,2023,2023,37,Produto Interno Bruto a preços correntes
6,Município,40,Mil Reais,106462,2614303,Moreilândia - PE,2023,2023,37,Produto Interno Bruto a preços correntes
6,Município,40,Mil Reais,63051,2614402,Solidão - PE,2023,2023,37,Produto Interno Bruto a preços correntes
6,Município,40,Mil Reais,1131954,2614501,Surubim - PE,2023,2023,37,Produto Interno Bruto a preços correntes
6,Município,40,Mil Reais,358223,2614600,Tabira - PE,2023,2023,37,Produto Interno Bruto a preços correntes
6,Município,40,Mil Reais,221749,2614709,Tacaimbó - PE,2023,2023,37,Produto Interno Bruto a preços correntes
6,Município,40,Mil Reais,262198,2614808,Tacaratu - PE,2023,2023,37,Produto Interno Bruto a preços correntes
6,Município,40,Mil Reais,432297,2614857,Tamandaré - PE,2023,2023,37,Produto Interno Bruto a preços correntes
6,Município,40,Mil Reais,402088,2615003,Taquaritinga do Norte - PE,2023,2023,37,Produto Interno Bruto a preços correntes
6,Município,40,Mil Reais,91621,2615102,Terezinha - PE,2023,2023,37,Produto Interno Bruto a preços correntes
6,Município,40,Mil Reais,125359,2615201,Terra Nova - PE,2023,2023,37,Produto Interno Bruto a preços correntes
6,Município,40,Mil Reais,905265,2615300,Timbaúba - PE,2023,2023,37,Produto Interno Bruto a preços correntes
6,Município,40,Mil Reais,812755,2615409,Toritama - PE,2023,2023,37,Produto Interno Bruto a preços correntes
6,Município,40,Mil Reais,198570,2615508,Tracunhaém - PE,2023,2023,37,Produto Interno Bruto a preços correntes
6,Município,40,Mil Reais,654211,2615607,Trindade - PE,2023,2023,37,Produto Interno Bruto a preços correntes
6,Município,40,Mil Reais,202205,2615706,Triunfo - PE,2023,2023,37,Produto Interno Bruto a preços correntes
6,Município,40,Mil Reais,275931,2615805,Tupanatinga - PE,2023,2023,37,Produto Interno Bruto a preços correntes
6,Município,40,Mil Reais,95042,2615904,Tuparetama - PE,2023,2023,37,Produto Interno Bruto a preços correntes
6,Município,40,Mil Reais,291065,2616001,Venturosa - PE,2023,2023,37,Produto Interno Bruto a preços correntes
6,Município,40,Mil Reais,103221,2616100,Verdejante - PE,2023,2023,37,Produto Interno Bruto a preços correntes
6,Município,40,Mil Reais,93452,2616183,Vertente do Lério - PE,2023,2023,37,Produto Interno Bruto a preços correntes
6,Município,40,Mil Reais,228836,2616209,Vertentes - PE,2023,2023,37,Produto Interno Bruto a preços correntes
6,Município,40,Mil Reais,615581,2616308,Vicência - PE,2023,2023,37,Produto Interno Bruto a preços correntes
6,Município,40,Mil Reais,6095992,2616407,Vitória de Santo Antão - PE,2023,2023,37,Produto Interno Bruto a preços correntes
6,Município,40,Mil Reais,201330,2616506,Xexéu - PE,2023,2023,37,Produto Interno Bruto a preços correntes
6,Município,40,Mil Reais,246052,2700102,Água Branca - AL,2023,2023,37,Produto Interno Bruto a preços correntes
6,Município,40,Mil Reais,276952,2700201,Anadia - AL,2023,2023,37,Produto Interno Bruto a preços correntes
6,Município,40,Mil Reais,6880940,2700300,Arapiraca - AL,2023,2023,37,Produto Interno Bruto a preços correntes
6,Município,40,Mil Reais,1637107,2700409,Atalaia - AL,2023,2023,37,Produto Interno Bruto a preços correntes
6,Município,40,Mil Reais,358501,2700508,Barra de Santo Antônio - AL,2023,2023,37,Produto Interno Bruto a preços correntes
6,Município,40,Mil Reais,304436,2700607,Barra de São Miguel - AL,2023,2023,37,Produto Interno Bruto a preços correntes
6,Município,40,Mil Reais,308733,2700706,Batalha - AL,2023,2023,37,Produto Interno Bruto a preços correntes
6,Município,40,Mil Reais,187160,2700805,Belém - AL,2023,2023,37,Produto Interno Bruto a preços correntes
6,Município,40,Mil Reais,196377,2700904,Belo Monte - AL,2023,2023,37,Produto Interno Bruto a preços correntes
6,Município,40,Mil Reais,565491,2701001,Boca da Mata - AL,2023,2023,37,Produto Interno Bruto a preços correntes
6,Município,40,Mil Reais,849267,2701100,Branquinha - AL,2023,2023,37,Produto Interno Bruto a preços correntes
6,Município,40,Mil Reais,195083,2701209,Cacimbinhas - AL,2023,2023,37,Produto Interno Bruto a preços correntes
6,Município,40,Mil Reais,223748,2701308,Cajueiro - AL,2023,2023,37,Produto Interno Bruto a preços correntes
6,Município,40,Mil Reais,109805,2701357,Campestre - AL,2023,2023,37,Produto Interno Bruto a preços correntes
6,Município,40,Mil Reais,884685,2701407,Campo Alegre - AL,2023,2023,37,Produto Interno Bruto a preços correntes
6,Município,40,Mil Reais,113470,2701506,Campo Grande - AL,2023,2023,37,Produto Interno Bruto a preços correntes
6,Município,40,Mil Reais,235141,2701605,Canapi - AL,2023,2023,37,Produto Interno Bruto a preços correntes
6,Município,40,Mil Reais,250653,2701704,Capela - AL,2023,2023,37,Produto Interno Bruto a preços correntes
6,Município,40,Mil Reais,97601,2701803,Carneiros - AL,2023,2023,37,Produto Interno Bruto a preços correntes
6,Município,40,Mil Reais,289693,2701902,Chã Preta - AL,2023,2023,37,Produto Interno Bruto a preços correntes
6,Município,40,Mil Reais,234385,2702009,Coité do Nóia - AL,2023,2023,37,Produto Interno Bruto a preços correntes
6,Município,40,Mil Reais,367109,2702108,Colônia Leopoldina - AL,2023,2023,37,Produto Interno Bruto a preços correntes
6,Município,40,Mil Reais,115662,2702207,Coqueiro Seco - AL,2023,2023,37,Produto Interno Bruto a preços correntes
6,Município,40,Mil Reais,2400819,2702306,Coruripe - AL,2023,2023,37,Produto Interno Bruto a preços correntes
6,Município,40,Mil Reais,450187,2702355,Craíbas - AL,2023,2023,37,Produto Interno Bruto a preços correntes
6,Município,40,Mil Reais,911191,2702405,Delmiro Gouveia - AL,2023,2023,37,Produto Interno Bruto a preços correntes
6,Município,40,Mil Reais,140027,2702504,Dois Riachos - AL,2023,2023,37,Produto Interno Bruto a preços correntes
6,Município,40,Mil Reais,177063,2702553,Estrela de Alagoas - AL,2023,2023,37,Produto Interno Bruto a preços correntes
6,Município,40,Mil Reais,500385,2702603,Feira Grande - AL,2023,2023,37,Produto Interno Bruto a preços correntes
6,Município,40,Mil Reais,218958,2702702,Feliz Deserto - AL,2023,2023,37,Produto Interno Bruto a preços correntes
6,Município,40,Mil Reais,251580,2702801,Flexeiras - AL,2023,2023,37,Produto Interno Bruto a preços correntes
6,Município,40,Mil Reais,602812,2702900,Girau do Ponciano - AL,2023,2023,37,Produto Interno Bruto a preços correntes
6,Município,40,Mil Reais,223883,2703007,Ibateguara - AL,2023,2023,37,Produto Interno Bruto a preços correntes
6,Município,40,Mil Reais,328695,2703106,Igaci - AL,2023,2023,37,Produto Interno Bruto a preços correntes
6,Município,40,Mil Reais,697572,2703205,Igreja Nova - AL,2023,2023,37,Produto Interno Bruto a preços correntes
6,Município,40,Mil Reais,210039,2703304,Inhapi - AL,2023,2023,37,Produto Interno Bruto a preços correntes
6,Município,40,Mil Reais,78412,2703403,Jacaré dos Homens - AL,2023,2023,37,Produto Interno Bruto a preços correntes
6,Município,40,Mil Reais,144753,2703502,Jacuípe - AL,2023,2023,37,Produto Interno Bruto a preços correntes
6,Município,40,Mil Reais,329293,2703601,Japaratinga - AL,2023,2023,37,Produto Interno Bruto a preços correntes
6,Município,40,Mil Reais,81577,2703700,Jaramataia - AL,2023,2023,37,Produto Interno Bruto a preços correntes
6,Município,40,Mil Reais,456621,2703759,Jequiá da Praia - AL,2023,2023,37,Produto Interno Bruto a preços correntes
6,Município,40,Mil Reais,541697,2703809,Joaquim Gomes - AL,2023,2023,37,Produto Interno Bruto a preços correntes
6,Município,40,Mil Reais,92728,2703908,Jundiá - AL,2023,2023,37,Produto Interno Bruto a preços correntes
6,Município,40,Mil Reais,705482,2704005,Junqueiro - AL,2023,2023,37,Produto Interno Bruto a preços correntes
6,Município,40,Mil Reais,333780,2704104,Lagoa da Canoa - AL,2023,2023,37,Produto Interno Bruto a preços correntes
6,Município,40,Mil Reais,806003,2704203,Limoeiro de Anadia - AL,2023,2023,37,Produto Interno Bruto a preços correntes
6,Município,40,Mil Reais,33749576,2704302,Maceió - AL,2023,2023,37,Produto Interno Bruto a preços correntes
6,Município,40,Mil Reais,296433,2704401,Major Isidoro - AL,2023,2023,37,Produto Interno Bruto a preços correntes
6,Município,40,Mil Reais,1219926,2704500,Maragogi - AL,2023,2023,37,Produto Interno Bruto a preços correntes
6,Município,40,Mil Reais,134024,2704609,Maravilha - AL,2023,2023,37,Produto Interno Bruto a preços correntes
6,Município,40,Mil Reais,3185683,2704708,Marechal Deodoro - AL,2023,2023,37,Produto Interno Bruto a preços correntes
6,Município,40,Mil Reais,222264,2704807,Maribondo - AL,2023,2023,37,Produto Interno Bruto a preços correntes
6,Município,40,Mil Reais,51607,2704906,Mar Vermelho - AL,2023,2023,37,Produto Interno Bruto a preços correntes
6,Município,40,Mil Reais,400974,2705002,Mata Grande - AL,2023,2023,37,Produto Interno Bruto a preços correntes
6,Município,40,Mil Reais,514991,2705101,Matriz de Camaragibe - AL,2023,2023,37,Produto Interno Bruto a preços correntes
6,Município,40,Mil Reais,351253,2705200,Messias - AL,2023,2023,37,Produto Interno Bruto a preços correntes
6,Município,40,Mil Reais,90125,2705309,Minador do Negrão - AL,2023,2023,37,Produto Interno Bruto a preços correntes
6,Município,40,Mil Reais,109208,2705408,Monteirópolis - AL,2023,2023,37,Produto Interno Bruto a preços correntes
6,Município,40,Mil Reais,1080389,2705507,Murici - AL,2023,2023,37,Produto Interno Bruto a preços correntes
6,Município,40,Mil Reais,240603,2705606,Novo Lino - AL,2023,2023,37,Produto Interno Bruto a preços correntes
6,Município,40,Mil Reais,343111,2705705,Olho d'Água das Flores - AL,2023,2023,37,Produto Interno Bruto a preços correntes
6,Município,40,Mil Reais,100592,2705804,Olho d'Água do Casado - AL,2023,2023,37,Produto Interno Bruto a preços correntes
6,Município,40,Mil Reais,72758,2705903,Olho d'Água Grande - AL,2023,2023,37,Produto Interno Bruto a preços correntes
6,Município,40,Mil Reais,135134,2706000,Olivença - AL,2023,2023,37,Produto Interno Bruto a preços correntes
6,Município,40,Mil Reais,150495,2706109,Ouro Branco - AL,2023,2023,37,Produto Interno Bruto a preços correntes
6,Município,40,Mil Reais,48822,2706208,Palestina - AL,2023,2023,37,Produto Interno Bruto a preços correntes
6,Município,40,Mil Reais,1367252,2706307,Palmeira dos Índios - AL,2023,2023,37,Produto Interno Bruto a preços correntes
6,Município,40,Mil Reais,282237,2706406,Pão de Açúcar - AL,2023,2023,37,Produto Interno Bruto a preços correntes
6,Município,40,Mil Reais,119510,2706422,Pariconha - AL,2023,2023,37,Produto Interno Bruto a preços correntes
6,Município,40,Mil Reais,302559,2706448,Paripueira - AL,2023,2023,37,Produto Interno Bruto a preços correntes
6,Município,40,Mil Reais,378391,2706505,Passo de Camaragibe - AL,2023,2023,37,Produto Interno Bruto a preços correntes
6,Município,40,Mil Reais,108187,2706604,Paulo Jacinto - AL,2023,2023,37,Produto Interno Bruto a preços correntes
6,Município,40,Mil Reais,1159276,2706703,Penedo - AL,2023,2023,37,Produto Interno Bruto a preços correntes
6,Município,40,Mil Reais,480484,2706802,Piaçabuçu - AL,2023,2023,37,Produto Interno Bruto a preços correntes
6,Município,40,Mil Reais,957605,2706901,Pilar - AL,2023,2023,37,Produto Interno Bruto a preços correntes
6,Município,40,Mil Reais,53808,2707008,Pindoba - AL,2023,2023,37,Produto Interno Bruto a preços correntes
6,Município,40,Mil Reais,358241,2707107,Piranhas - AL,2023,2023,37,Produto Interno Bruto a preços correntes
6,Município,40,Mil Reais,146801,2707206,Poço das Trincheiras - AL,2023,2023,37,Produto Interno Bruto a preços correntes
6,Município,40,Mil Reais,544520,2707305,Porto Calvo - AL,2023,2023,37,Produto Interno Bruto a preços correntes
6,Município,40,Mil Reais,451598,2707404,Porto de Pedras - AL,2023,2023,37,Produto Interno Bruto a preços correntes
6,Município,40,Mil Reais,294351,2707503,Porto Real do Colégio - AL,2023,2023,37,Produto Interno Bruto a preços correntes
6,Município,40,Mil Reais,195018,2707602,Quebrangulo - AL,2023,2023,37,Produto Interno Bruto a preços correntes
6,Município,40,Mil Reais,2032761,2707701,Rio Largo - AL,2023,2023,37,Produto Interno Bruto a preços correntes
6,Município,40,Mil Reais,247076,2707800,Roteiro - AL,2023,2023,37,Produto Interno Bruto a preços correntes
6,Município,40,Mil Reais,199948,2707909,Santa Luzia do Norte - AL,2023,2023,37,Produto Interno Bruto a preços correntes
6,Município,40,Mil Reais,863267,2708006,Santana do Ipanema - AL,2023,2023,37,Produto Interno Bruto a preços correntes
6,Município,40,Mil Reais,1127361,2708105,Santana do Mundaú - AL,2023,2023,37,Produto Interno Bruto a preços correntes
6,Município,40,Mil Reais,123934,2708204,São Brás - AL,2023,2023,37,Produto Interno Bruto a preços correntes
6,Município,40,Mil Reais,816993,2708303,São José da Laje - AL,2023,2023,37,Produto Interno Bruto a preços correntes
6,Município,40,Mil Reais,421128,2708402,São José da Tapera - AL,2023,2023,37,Produto Interno Bruto a preços correntes
6,Município,40,Mil Reais,1052903,2708501,São Luís do Quitunde - AL,2023,2023,37,Produto Interno Bruto a preços correntes
6,Município,40,Mil Reais,1594206,2708600,São Miguel dos Campos - AL,2023,2023,37,Produto Interno Bruto a preços correntes
6,Município,40,Mil Reais,308510,2708709,São Miguel dos Milagres - AL,2023,2023,37,Produto Interno Bruto a preços correntes
6,Município,40,Mil Reais,736908,2708808,São Sebastião - AL,2023,2023,37,Produto Interno Bruto a preços correntes
6,Município,40,Mil Reais,369184,2708907,Satuba - AL,2023,2023,37,Produto Interno Bruto a preços correntes
6,Município,40,Mil Reais,137332,2708956,Senador Rui Palmeira - AL,2023,2023,37,Produto Interno Bruto a preços correntes
6,Município,40,Mil Reais,92869,2709004,Tanque d'Arca - AL,2023,2023,37,Produto Interno Bruto a preços correntes
6,Município,40,Mil Reais,664759,2709103,Taquarana - AL,2023,2023,37,Produto Interno Bruto a preços correntes
6,Município,40,Mil Reais,941856,2709152,Teotônio Vilela - AL,2023,2023,37,Produto Interno Bruto a preços correntes
6,Município,40,Mil Reais,357715,2709202,Traipu - AL,2023,2023,37,Produto Interno Bruto a preços correntes
6,Município,40,Mil Reais,1693998,2709301,União dos Palmares - AL,2023,2023,37,Produto Interno Bruto a preços correntes
6,Município,40,Mil Reais,596814,2709400,Viçosa - AL,2023,2023,37,Produto Interno Bruto a preços correntes
6,Município,40,Mil Reais,49412,2800100,Amparo do São Francisco - SE,2023,2023,37,Produto Interno Bruto a preços correntes
6,Município,40,Mil Reais,362299,2800209,Aquidabã - SE,2023,2023,37,Produto Interno Bruto a preços correntes
6,Município,40,Mil Reais,22291877,2800308,Aracaju - SE,2023,2023,37,Produto Interno Bruto a preços correntes
6,Município,40,Mil Reais,203787,2800407,Arauá - SE,2023,2023,37,Produto Interno Bruto a preços correntes
6,Município,40,Mil Reais,353834,2800506,Areia Branca - SE,2023,2023,37,Produto Interno Bruto a preços correntes
6,Município,40,Mil Reais,2478982,2800605,Barra dos Coqueiros - SE,2023,2023,37,Produto Interno Bruto a preços correntes
6,Município,40,Mil Reais,436636,2800670,Boquim - SE,2023,2023,37,Produto Interno Bruto a preços correntes
6,Município,40,Mil Reais,122926,2800704,Brejo Grande - SE,2023,2023,37,Produto Interno Bruto a preços correntes
6,Município,40,Mil Reais,354386,2801009,Campo do Brito - SE,2023,2023,37,Produto Interno Bruto a preços correntes
6,Município,40,Mil Reais,95135,2801108,Canhoba - SE,2023,2023,37,Produto Interno Bruto a preços correntes
6,Município,40,Mil Reais,2967957,2801207,Canindé de São Francisco - SE,2023,2023,37,Produto Interno Bruto a preços correntes
6,Município,40,Mil Reais,595061,2801306,Capela - SE,2023,2023,37,Produto Interno Bruto a preços correntes
6,Município,40,Mil Reais,723769,2801405,Carira - SE,2023,2023,37,Produto Interno Bruto a preços correntes
6,Município,40,Mil Reais,464417,2801504,Carmópolis - SE,2023,2023,37,Produto Interno Bruto a preços correntes
6,Município,40,Mil Reais,84949,2801603,Cedro de São João - SE,2023,2023,37,Produto Interno Bruto a preços correntes
6,Município,40,Mil Reais,589914,2801702,Cristinápolis - SE,2023,2023,37,Produto Interno Bruto a preços correntes
6,Município,40,Mil Reais,82671,2801900,Cumbe - SE,2023,2023,37,Produto Interno Bruto a preços correntes
6,Município,40,Mil Reais,240797,2802007,Divina Pastora - SE,2023,2023,37,Produto Interno Bruto a preços correntes
6,Município,40,Mil Reais,1473225,2802106,Estância - SE,2023,2023,37,Produto Interno Bruto a preços correntes
6,Município,40,Mil Reais,169357,2802205,Feira Nova - SE,2023,2023,37,Produto Interno Bruto a preços correntes
6,Município,40,Mil Reais,551019,2802304,Frei Paulo - SE,2023,2023,37,Produto Interno Bruto a preços correntes
6,Município,40,Mil Reais,217566,2802403,Gararu - SE,2023,2023,37,Produto Interno Bruto a preços correntes
6,Município,40,Mil Reais,50397,2802502,General Maynard - SE,2023,2023,37,Produto Interno Bruto a preços correntes
6,Município,40,Mil Reais,139799,2802601,Graccho Cardoso - SE,2023,2023,37,Produto Interno Bruto a preços correntes
6,Município,40,Mil Reais,118392,2802700,Ilha das Flores - SE,2023,2023,37,Produto Interno Bruto a preços correntes
6,Município,40,Mil Reais,322888,2802809,Indiaroba - SE,2023,2023,37,Produto Interno Bruto a preços correntes
6,Município,40,Mil Reais,2942686,2802908,Itabaiana - SE,2023,2023,37,Produto Interno Bruto a preços correntes
6,Município,40,Mil Reais,865772,2803005,Itabaianinha - SE,2023,2023,37,Produto Interno Bruto a preços correntes
6,Município,40,Mil Reais,101138,2803104,Itabi - SE,2023,2023,37,Produto Interno Bruto a preços correntes
6,Município,40,Mil Reais,562366,2803203,Itaporanga d'Ajuda - SE,2023,2023,37,Produto Interno Bruto a preços correntes
6,Município,40,Mil Reais,549070,2803302,Japaratuba - SE,2023,2023,37,Produto Interno Bruto a preços correntes
6,Município,40,Mil Reais,298620,2803401,Japoatã - SE,2023,2023,37,Produto Interno Bruto a preços correntes
6,Município,40,Mil Reais,2177825,2803500,Lagarto - SE,2023,2023,37,Produto Interno Bruto a preços correntes
6,Município,40,Mil Reais,638033,2803609,Laranjeiras - SE,2023,2023,37,Produto Interno Bruto a preços correntes
6,Município,40,Mil Reais,136318,2803708,Macambira - SE,2023,2023,37,Produto Interno Bruto a preços correntes
6,Município,40,Mil Reais,67244,2803807,Malhada dos Bois - SE,2023,2023,37,Produto Interno Bruto a preços correntes
6,Município,40,Mil Reais,224467,2803906,Malhador - SE,2023,2023,37,Produto Interno Bruto a preços correntes
6,Município,40,Mil Reais,320963,2804003,Maruim - SE,2023,2023,37,Produto Interno Bruto a preços correntes
6,Município,40,Mil Reais,280140,2804102,Moita Bonita - SE,2023,2023,37,Produto Interno Bruto a preços correntes
6,Município,40,Mil Reais,337201,2804201,Monte Alegre de Sergipe - SE,2023,2023,37,Produto Interno Bruto a preços correntes
6,Município,40,Mil Reais,112544,2804300,Muribeca - SE,2023,2023,37,Produto Interno Bruto a preços correntes
6,Município,40,Mil Reais,382705,2804409,Neópolis - SE,2023,2023,37,Produto Interno Bruto a preços correntes
6,Município,40,Mil Reais,209605,2804458,Nossa Senhora Aparecida - SE,2023,2023,37,Produto Interno Bruto a preços correntes
6,Município,40,Mil Reais,1048320,2804508,Nossa Senhora da Glória - SE,2023,2023,37,Produto Interno Bruto a preços correntes
6,Município,40,Mil Reais,540610,2804607,Nossa Senhora das Dores - SE,2023,2023,37,Produto Interno Bruto a preços correntes
6,Município,40,Mil Reais,115910,2804706,Nossa Senhora de Lourdes - SE,2023,2023,37,Produto Interno Bruto a preços correntes
6,Município,40,Mil Reais,2852077,2804805,Nossa Senhora do Socorro - SE,2023,2023,37,Produto Interno Bruto a preços correntes
6,Município,40,Mil Reais,219432,2804904,Pacatuba - SE,2023,2023,37,Produto Interno Bruto a preços correntes
6,Município,40,Mil Reais,74512,2805000,Pedra Mole - SE,2023,2023,37,Produto Interno Bruto a preços correntes
6,Município,40,Mil Reais,128570,2805109,Pedrinhas - SE,2023,2023,37,Produto Interno Bruto a preços correntes
6,Município,40,Mil Reais,141417,2805208,Pinhão - SE,2023,2023,37,Produto Interno Bruto a preços correntes
6,Município,40,Mil Reais,155336,2805307,Pirambu - SE,2023,2023,37,Produto Interno Bruto a preços correntes
6,Município,40,Mil Reais,763539,2805406,Poço Redondo - SE,2023,2023,37,Produto Interno Bruto a preços correntes
6,Município,40,Mil Reais,388823,2805505,Poço Verde - SE,2023,2023,37,Produto Interno Bruto a preços correntes
6,Município,40,Mil Reais,637808,2805604,Porto da Folha - SE,2023,2023,37,Produto Interno Bruto a preços correntes
6,Município,40,Mil Reais,614880,2805703,Propriá - SE,2023,2023,37,Produto Interno Bruto a preços correntes
6,Município,40,Mil Reais,419339,2805802,Riachão do Dantas - SE,2023,2023,37,Produto Interno Bruto a preços correntes
6,Município,40,Mil Reais,240563,2805901,Riachuelo - SE,2023,2023,37,Produto Interno Bruto a preços correntes
6,Município,40,Mil Reais,372071,2806008,Ribeirópolis - SE,2023,2023,37,Produto Interno Bruto a preços correntes
6,Município,40,Mil Reais,391878,2806107,Rosário do Catete - SE,2023,2023,37,Produto Interno Bruto a preços correntes
6,Município,40,Mil Reais,320943,2806206,Salgado - SE,2023,2023,37,Produto Interno Bruto a preços correntes
6,Município,40,Mil Reais,238278,2806305,Santa Luzia do Itanhy - SE,2023,2023,37,Produto Interno Bruto a preços correntes
6,Município,40,Mil Reais,160615,2806404,Santana do São Francisco - SE,2023,2023,37,Produto Interno Bruto a preços correntes
6,Município,40,Mil Reais,59186,2806503,Santa Rosa de Lima - SE,2023,2023,37,Produto Interno Bruto a preços correntes
6,Município,40,Mil Reais,227942,2806602,Santo Amaro das Brotas - SE,2023,2023,37,Produto Interno Bruto a preços correntes
6,Município,40,Mil Reais,1392938,2806701,São Cristóvão - SE,2023,2023,37,Produto Interno Bruto a preços correntes
6,Município,40,Mil Reais,161345,2806800,São Domingos - SE,2023,2023,37,Produto Interno Bruto a preços correntes
6,Município,40,Mil Reais,61511,2806909,São Francisco - SE,2023,2023,37,Produto Interno Bruto a preços correntes
6,Município,40,Mil Reais,79123,2807006,São Miguel do Aleixo - SE,2023,2023,37,Produto Interno Bruto a preços correntes
6,Município,40,Mil Reais,925387,2807105,Simão Dias - SE,2023,2023,37,Produto Interno Bruto a preços correntes
6,Município,40,Mil Reais,201981,2807204,Siriri - SE,2023,2023,37,Produto Interno Bruto a preços correntes
6,Município,40,Mil Reais,53467,2807303,Telha - SE,2023,2023,37,Produto Interno Bruto a preços correntes
6,Município,40,Mil Reais,1150010,2807402,Tobias Barreto - SE,2023,2023,37,Produto Interno Bruto a preços correntes
6,Município,40,Mil Reais,208833,2807501,Tomar do Geru - SE,2023,2023,37,Produto Interno Bruto a preços correntes
6,Município,40,Mil Reais,721872,2807600,Umbaúba - SE,2023,2023,37,Produto Interno Bruto a preços correntes
6,Município,40,Mil Reais,84854,2900108,Abaíra - BA,2023,2023,37,Produto Interno Bruto a preços correntes
6,Município,40,Mil Reais,224239,2900207,Abaré - BA,2023,2023,37,Produto Interno Bruto a preços correntes
6,Município,40,Mil Reais,186446,2900306,Acajutiba - BA,2023,2023,37,Produto Interno Bruto a preços correntes
6,Município,40,Mil Reais,275494,2900355,Adustina - BA,2023,2023,37,Produto Interno Bruto a preços correntes
6,Município,40,Mil Reais,174798,2900405,Água Fria - BA,2023,2023,37,Produto Interno Bruto a preços correntes
6,Município,40,Mil Reais,102934,2900504,Érico Cardoso - BA,2023,2023,37,Produto Interno Bruto a preços correntes
6,Município,40,Mil Reais,75418,2900603,Aiquara - BA,2023,2023,37,Produto Interno Bruto a preços correntes
6,Município,40,Mil Reais,5705227,2900702,Alagoinhas - BA,2023,2023,37,Produto Interno Bruto a preços correntes
6,Município,40,Mil Reais,439082,2900801,Alcobaça - BA,2023,2023,37,Produto Interno Bruto a preços correntes
6,Município,40,Mil Reais,79711,2900900,Almadina - BA,2023,2023,37,Produto Interno Bruto a preços correntes
6,Município,40,Mil Reais,608765,2901007,Amargosa - BA,2023,2023,37,Produto Interno Bruto a preços correntes
6,Município,40,Mil Reais,521349,2901106,Amélia Rodrigues - BA,2023,2023,37,Produto Interno Bruto a preços correntes
6,Município,40,Mil Reais,198616,2901155,América Dourada - BA,2023,2023,37,Produto Interno Bruto a preços correntes
6,Município,40,Mil Reais,299895,2901205,Anagé - BA,2023,2023,37,Produto Interno Bruto a preços correntes
6,Município,40,Mil Reais,178408,2901304,Andaraí - BA,2023,2023,37,Produto Interno Bruto a preços correntes
6,Município,40,Mil Reais,252206,2901353,Andorinha - BA,2023,2023,37,Produto Interno Bruto a preços correntes
6,Município,40,Mil Reais,229298,2901403,Angical - BA,2023,2023,37,Produto Interno Bruto a preços correntes
6,Município,40,Mil Reais,118552,2901502,Anguera - BA,2023,2023,37,Produto Interno Bruto a preços correntes
6,Município,40,Mil Reais,197870,2901601,Antas - BA,2023,2023,37,Produto Interno Bruto a preços correntes
6,Município,40,Mil Reais,138793,2901700,Antônio Cardoso - BA,2023,2023,37,Produto Interno Bruto a preços correntes
6,Município,40,Mil Reais,108500,2901809,Antônio Gonçalves - BA,2023,2023,37,Produto Interno Bruto a preços correntes
6,Município,40,Mil Reais,191758,2901908,Aporá - BA,2023,2023,37,Produto Interno Bruto a preços correntes
6,Município,40,Mil Reais,90729,2901957,Apuarema - BA,2023,2023,37,Produto Interno Bruto a preços correntes
6,Município,40,Mil Reais,174004,2902005,Aracatu - BA,2023,2023,37,Produto Interno Bruto a preços correntes
6,Município,40,Mil Reais,325622,2902054,Araçás - BA,2023,2023,37,Produto Interno Bruto a preços correntes
6,Município,40,Mil Reais,642812,2902104,Araci - BA,2023,2023,37,Produto Interno Bruto a preços correntes
6,Município,40,Mil Reais,138749,2902203,Aramari - BA,2023,2023,37,Produto Interno Bruto a preços correntes
6,Município,40,Mil Reais,135073,2902252,Arataca - BA,2023,2023,37,Produto Interno Bruto a preços correntes
6,Município,40,Mil Reais,107370,2902302,Aratuípe - BA,2023,2023,37,Produto Interno Bruto a preços correntes
6,Município,40,Mil Reais,180021,2902401,Aurelino Leal - BA,2023,2023,37,Produto Interno Bruto a preços correntes
6,Município,40,Mil Reais,362686,2902500,Baianópolis - BA,2023,2023,37,Produto Interno Bruto a preços correntes
6,Município,40,Mil Reais,226704,2902609,Baixa Grande - BA,2023,2023,37,Produto Interno Bruto a preços correntes
6,Município,40,Mil Reais,152081,2902658,Banzaê - BA,2023,2023,37,Produto Interno Bruto a preços correntes
6,Município,40,Mil Reais,558493,2902708,Barra - BA,2023,2023,37,Produto Interno Bruto a preços correntes
6,Município,40,Mil Reais,589439,2902807,Barra da Estiva - BA,2023,2023,37,Produto Interno Bruto a preços correntes
6,Município,40,Mil Reais,540750,2902906,Barra do Choça - BA,2023,2023,37,Produto Interno Bruto a preços correntes
6,Município,40,Mil Reais,143356,2903003,Barra do Mendes - BA,2023,2023,37,Produto Interno Bruto a preços correntes
6,Município,40,Mil Reais,107927,2903102,Barra do Rocha - BA,2023,2023,37,Produto Interno Bruto a preços correntes
6,Município,40,Mil Reais,9499499,2903201,Barreiras - BA,2023,2023,37,Produto Interno Bruto a preços correntes
6,Município,40,Mil Reais,137538,2903235,Barro Alto - BA,2023,2023,37,Produto Interno Bruto a preços correntes
6,Município,40,Mil Reais,289668,2903276,Barrocas - BA,2023,2023,37,Produto Interno Bruto a preços correntes
6,Município,40,Mil Reais,112869,2903300,Barro Preto - BA,2023,2023,37,Produto Interno Bruto a preços correntes
6,Município,40,Mil Reais,432368,2903409,Belmonte - BA,2023,2023,37,Produto Interno Bruto a preços correntes
6,Município,40,Mil Reais,217596,2903508,Belo Campo - BA,2023,2023,37,Produto Interno Bruto a preços correntes
6,Município,40,Mil Reais,234654,2903607,Biritinga - BA,2023,2023,37,Produto Interno Bruto a preços correntes
6,Município,40,Mil Reais,144910,2903706,Boa Nova - BA,2023,2023,37,Produto Interno Bruto a preços correntes
6,Município,40,Mil Reais,187249,2903805,Boa Vista do Tupim - BA,2023,2023,37,Produto Interno Bruto a preços correntes
6,Município,40,Mil Reais,1554154,2903904,Bom Jesus da Lapa - BA,2023,2023,37,Produto Interno Bruto a preços correntes
6,Município,40,Mil Reais,92366,2903953,Bom Jesus da Serra - BA,2023,2023,37,Produto Interno Bruto a preços correntes
6,Município,40,Mil Reais,146376,2904001,Boninal - BA,2023,2023,37,Produto Interno Bruto a preços correntes
6,Município,40,Mil Reais,265009,2904050,Bonito - BA,2023,2023,37,Produto Interno Bruto a preços correntes
6,Município,40,Mil Reais,221071,2904100,Boquira - BA,2023,2023,37,Produto Interno Bruto a preços correntes
6,Município,40,Mil Reais,132225,2904209,Botuporã - BA,2023,2023,37,Produto Interno Bruto a preços correntes
6,Município,40,Mil Reais,168676,2904308,Brejões - BA,2023,2023,37,Produto Interno Bruto a preços correntes
6,Município,40,Mil Reais,146903,2904407,Brejolândia - BA,2023,2023,37,Produto Interno Bruto a preços correntes
6,Município,40,Mil Reais,141253,2904506,Brotas de Macaúbas - BA,2023,2023,37,Produto Interno Bruto a preços correntes
6,Município,40,Mil Reais,1931839,2904605,Brumado - BA,2023,2023,37,Produto Interno Bruto a preços correntes
6,Município,40,Mil Reais,237932,2904704,Buerarema - BA,2023,2023,37,Produto Interno Bruto a preços correntes
6,Município,40,Mil Reais,191820,2904753,Buritirama - BA,2023,2023,37,Produto Interno Bruto a preços correntes
6,Município,40,Mil Reais,97532,2904803,Caatiba - BA,2023,2023,37,Produto Interno Bruto a preços correntes
6,Município,40,Mil Reais,186028,2904852,Cabaceiras do Paraguaçu - BA,2023,2023,37,Produto Interno Bruto a preços correntes
6,Município,40,Mil Reais,521416,2904902,Cachoeira - BA,2023,2023,37,Produto Interno Bruto a preços correntes
6,Município,40,Mil Reais,429993,2905008,Caculé - BA,2023,2023,37,Produto Interno Bruto a preços correntes
6,Município,40,Mil Reais,127401,2905107,Caém - BA,2023,2023,37,Produto Interno Bruto a preços correntes
6,Município,40,Mil Reais,114113,2905156,Caetanos - BA,2023,2023,37,Produto Interno Bruto a preços correntes
6,Município,40,Mil Reais,1216743,2905206,Caetité - BA,2023,2023,37,Produto Interno Bruto a preços correntes
6,Município,40,Mil Reais,277214,2905305,Cafarnaum - BA,2023,2023,37,Produto Interno Bruto a preços correntes
6,Município,40,Mil Reais,1442325,2905404,Cairu - BA,2023,2023,37,Produto Interno Bruto a preços correntes
6,Município,40,Mil Reais,138755,2905503,Caldeirão Grande - BA,2023,2023,37,Produto Interno Bruto a preços correntes
6,Município,40,Mil Reais,470760,2905602,Camacan - BA,2023,2023,37,Produto Interno Bruto a preços correntes
6,Município,40,Mil Reais,27418878,2905701,Camaçari - BA,2023,2023,37,Produto Interno Bruto a preços correntes
6,Município,40,Mil Reais,557662,2905800,Camamu - BA,2023,2023,37,Produto Interno Bruto a preços correntes
6,Município,40,Mil Reais,383421,2905909,Campo Alegre de Lourdes - BA,2023,2023,37,Produto Interno Bruto a preços correntes
6,Município,40,Mil Reais,1617786,2906006,Campo Formoso - BA,2023,2023,37,Produto Interno Bruto a preços correntes
6,Município,40,Mil Reais,110069,2906105,Canápolis - BA,2023,2023,37,Produto Interno Bruto a preços correntes
6,Município,40,Mil Reais,305656,2906204,Canarana - BA,2023,2023,37,Produto Interno Bruto a preços correntes
6,Município,40,Mil Reais,510979,2906303,Canavieiras - BA,2023,2023,37,Produto Interno Bruto a preços correntes
6,Município,40,Mil Reais,84961,2906402,Candeal - BA,2023,2023,37,Produto Interno Bruto a preços correntes
6,Município,40,Mil Reais,5750026,2906501,Candeias - BA,2023,2023,37,Produto Interno Bruto a preços correntes
6,Município,40,Mil Reais,170088,2906600,Candiba - BA,2023,2023,37,Produto Interno Bruto a preços correntes
6,Município,40,Mil Reais,289057,2906709,Cândido Sales - BA,2023,2023,37,Produto Interno Bruto a preços correntes
6,Município,40,Mil Reais,510493,2906808,Cansanção - BA,2023,2023,37,Produto Interno Bruto a preços correntes
6,Município,40,Mil Reais,203667,2906824,Canudos - BA,2023,2023,37,Produto Interno Bruto a preços correntes
6,Município,40,Mil Reais,164342,2906857,Capela do Alto Alegre - BA,2023,2023,37,Produto Interno Bruto a preços correntes
6,Município,40,Mil Reais,801016,2906873,Capim Grosso - BA,2023,2023,37,Produto Interno Bruto a preços correntes
6,Município,40,Mil Reais,123402,2906899,Caraíbas - BA,2023,2023,37,Produto Interno Bruto a preços correntes
6,Município,40,Mil Reais,413319,2906907,Caravelas - BA,2023,2023,37,Produto Interno Bruto a preços correntes
6,Município,40,Mil Reais,140042,2907004,Cardeal da Silva - BA,2023,2023,37,Produto Interno Bruto a preços correntes
6,Município,40,Mil Reais,377035,2907103,Carinhanha - BA,2023,2023,37,Produto Interno Bruto a preços correntes
6,Município,40,Mil Reais,1135276,2907202,Casa Nova - BA,2023,2023,37,Produto Interno Bruto a preços correntes
6,Município,40,Mil Reais,431938,2907301,Castro Alves - BA,2023,2023,37,Produto Interno Bruto a preços correntes
6,Município,40,Mil Reais,93082,2907400,Catolândia - BA,2023,2023,37,Produto Interno Bruto a preços correntes
6,Município,40,Mil Reais,928641,2907509,Catu - BA,2023,2023,37,Produto Interno Bruto a preços correntes
6,Município,40,Mil Reais,105134,2907558,Caturama - BA,2023,2023,37,Produto Interno Bruto a preços correntes
6,Município,40,Mil Reais,180701,2907608,Central - BA,2023,2023,37,Produto Interno Bruto a preços correntes
6,Município,40,Mil Reais,137581,2907707,Chorrochó - BA,2023,2023,37,Produto Interno Bruto a preços correntes
6,Município,40,Mil Reais,503222,2907806,Cícero Dantas - BA,2023,2023,37,Produto Interno Bruto a preços correntes
6,Município,40,Mil Reais,214616,2907905,Cipó - BA,2023,2023,37,Produto Interno Bruto a preços correntes
6,Município,40,Mil Reais,256643,2908002,Coaraci - BA,2023,2023,37,Produto Interno Bruto a preços correntes
6,Município,40,Mil Reais,733217,2908101,Cocos - BA,2023,2023,37,Produto Interno Bruto a preços correntes
6,Município,40,Mil Reais,430602,2908200,Conceição da Feira - BA,2023,2023,37,Produto Interno Bruto a preços correntes
6,Município,40,Mil Reais,236507,2908309,Conceição do Almeida - BA,2023,2023,37,Produto Interno Bruto a preços correntes
6,Município,40,Mil Reais,1122063,2908408,Conceição do Coité - BA,2023,2023,37,Produto Interno Bruto a preços correntes
6,Município,40,Mil Reais,2634469,2908507,Conceição do Jacuípe - BA,2023,2023,37,Produto Interno Bruto a preços correntes
6,Município,40,Mil Reais,365282,2908606,Conde - BA,2023,2023,37,Produto Interno Bruto a preços correntes
6,Município,40,Mil Reais,203311,2908705,Condeúba - BA,2023,2023,37,Produto Interno Bruto a preços correntes
6,Município,40,Mil Reais,63627,2908804,Contendas do Sincorá - BA,2023,2023,37,Produto Interno Bruto a preços correntes
6,Município,40,Mil Reais,325844,2908903,Coração de Maria - BA,2023,2023,37,Produto Interno Bruto a preços correntes
6,Município,40,Mil Reais,79050,2909000,Cordeiros - BA,2023,2023,37,Produto Interno Bruto a preços correntes
6,Município,40,Mil Reais,207786,2909109,Coribe - BA,2023,2023,37,Produto Interno Bruto a preços correntes
6,Município,40,Mil Reais,258088,2909208,Coronel João Sá - BA,2023,2023,37,Produto Interno Bruto a preços correntes
6,Município,40,Mil Reais,3806363,2909307,Correntina - BA,2023,2023,37,Produto Interno Bruto a preços correntes
6,Município,40,Mil Reais,214457,2909406,Cotegipe - BA,2023,2023,37,Produto Interno Bruto a preços correntes
6,Município,40,Mil Reais,57703,2909505,Cravolândia - BA,2023,2023,37,Produto Interno Bruto a preços correntes
6,Município,40,Mil Reais,262120,2909604,Crisópolis - BA,2023,2023,37,Produto Interno Bruto a preços correntes
6,Município,40,Mil Reais,218525,2909703,Cristópolis - BA,2023,2023,37,Produto Interno Bruto a preços correntes
6,Município,40,Mil Reais,1279175,2909802,Cruz das Almas - BA,2023,2023,37,Produto Interno Bruto a preços correntes
6,Município,40,Mil Reais,499932,2909901,Curaçá - BA,2023,2023,37,Produto Interno Bruto a preços correntes
6,Município,40,Mil Reais,155287,2910008,Dário Meira - BA,2023,2023,37,Produto Interno Bruto a preços correntes
6,Município,40,Mil Reais,2377818,2910057,Dias d'Ávila - BA,2023,2023,37,Produto Interno Bruto a preços correntes
6,Município,40,Mil Reais,177243,2910107,Dom Basílio - BA,2023,2023,37,Produto Interno Bruto a preços correntes
6,Município,40,Mil Reais,60840,2910206,Dom Macedo Costa - BA,2023,2023,37,Produto Interno Bruto a preços correntes
6,Município,40,Mil Reais,104130,2910305,Elísio Medrado - BA,2023,2023,37,Produto Interno Bruto a preços correntes
6,Município,40,Mil Reais,254828,2910404,Encruzilhada - BA,2023,2023,37,Produto Interno Bruto a preços correntes
6,Município,40,Mil Reais,790786,2910503,Entre Rios - BA,2023,2023,37,Produto Interno Bruto a preços correntes
6,Município,40,Mil Reais,810980,2910602,Esplanada - BA,2023,2023,37,Produto Interno Bruto a preços correntes
6,Município,40,Mil Reais,959548,2910701,Euclides da Cunha - BA,2023,2023,37,Produto Interno Bruto a preços correntes
6,Município,40,Mil Reais,4264493,2910727,Eunápolis - BA,2023,2023,37,Produto Interno Bruto a preços correntes
6,Município,40,Mil Reais,298891,2910750,Fátima - BA,2023,2023,37,Produto Interno Bruto a preços correntes
6,Município,40,Mil Reais,83140,2910776,Feira da Mata - BA,2023,2023,37,Produto Interno Bruto a preços correntes
6,Município,40,Mil Reais,21846455,2910800,Feira de Santana - BA,2023,2023,37,Produto Interno Bruto a preços correntes
6,Município,40,Mil Reais,201628,2910859,Filadélfia - BA,2023,2023,37,Produto Interno Bruto a preços correntes
6,Município,40,Mil Reais,88592,2910909,Firmino Alves - BA,2023,2023,37,Produto Interno Bruto a preços correntes
6,Município,40,Mil Reais,134079,2911006,Floresta Azul - BA,2023,2023,37,Produto Interno Bruto a preços correntes
6,Município,40,Mil Reais,5334933,2911105,Formosa do Rio Preto - BA,2023,2023,37,Produto Interno Bruto a preços correntes
6,Município,40,Mil Reais,598643,2911204,Gandu - BA,2023,2023,37,Produto Interno Bruto a preços correntes
6,Município,40,Mil Reais,64349,2911253,Gavião - BA,2023,2023,37,Produto Interno Bruto a preços correntes
6,Município,40,Mil Reais,563487,2911303,Gentio do Ouro - BA,2023,2023,37,Produto Interno Bruto a preços correntes
6,Município,40,Mil Reais,297615,2911402,Glória - BA,2023,2023,37,Produto Interno Bruto a preços correntes
6,Município,40,Mil Reais,91564,2911501,Gongogi - BA,2023,2023,37,Produto Interno Bruto a preços correntes
6,Município,40,Mil Reais,284847,2911600,Governador Mangabeira - BA,2023,2023,37,Produto Interno Bruto a preços correntes
6,Município,40,Mil Reais,86286,2911659,Guajeru - BA,2023,2023,37,Produto Interno Bruto a preços correntes
6,Município,40,Mil Reais,2028013,2911709,Guanambi - BA,2023,2023,37,Produto Interno Bruto a preços correntes
6,Município,40,Mil Reais,318837,2911808,Guaratinga - BA,2023,2023,37,Produto Interno Bruto a preços correntes
6,Município,40,Mil Reais,170531,2911857,Heliópolis - BA,2023,2023,37,Produto Interno Bruto a preços correntes
6,Município,40,Mil Reais,309737,2911907,Iaçu - BA,2023,2023,37,Produto Interno Bruto a preços correntes
6,Município,40,Mil Reais,121230,2912004,Ibiassucê - BA,2023,2023,37,Produto Interno Bruto a preços correntes
6,Município,40,Mil Reais,265632,2912103,Ibicaraí - BA,2023,2023,37,Produto Interno Bruto a preços correntes
6,Município,40,Mil Reais,517754,2912202,Ibicoara - BA,2023,2023,37,Produto Interno Bruto a preços correntes
6,Município,40,Mil Reais,224503,2912301,Ibicuí - BA,2023,2023,37,Produto Interno Bruto a preços correntes
6,Município,40,Mil Reais,201181,2912400,Ibipeba - BA,2023,2023,37,Produto Interno Bruto a preços correntes
6,Município,40,Mil Reais,155050,2912509,Ibipitanga - BA,2023,2023,37,Produto Interno Bruto a preços correntes
6,Município,40,Mil Reais,48874,2912608,Ibiquera - BA,2023,2023,37,Produto Interno Bruto a preços correntes
6,Município,40,Mil Reais,385351,2912707,Ibirapitanga - BA,2023,2023,37,Produto Interno Bruto a preços correntes
6,Município,40,Mil Reais,486182,2912806,Ibirapuã - BA,2023,2023,37,Produto Interno Bruto a preços correntes
6,Município,40,Mil Reais,274185,2912905,Ibirataia - BA,2023,2023,37,Produto Interno Bruto a preços correntes
6,Município,40,Mil Reais,145140,2913002,Ibitiara - BA,2023,2023,37,Produto Interno Bruto a preços correntes
6,Município,40,Mil Reais,181670,2913101,Ibititá - BA,2023,2023,37,Produto Interno Bruto a preços correntes
6,Município,40,Mil Reais,544229,2913200,Ibotirama - BA,2023,2023,37,Produto Interno Bruto a preços correntes
6,Município,40,Mil Reais,72148,2913309,Ichu - BA,2023,2023,37,Produto Interno Bruto a preços correntes
6,Município,40,Mil Reais,237186,2913408,Igaporã - BA,2023,2023,37,Produto Interno Bruto a preços correntes
6,Município,40,Mil Reais,248015,2913457,Igrapiúna - BA,2023,2023,37,Produto Interno Bruto a preços correntes
6,Município,40,Mil Reais,282578,2913507,Iguaí - BA,2023,2023,37,Produto Interno Bruto a preços correntes
6,Município,40,Mil Reais,7234381,2913606,Ilhéus - BA,2023,2023,37,Produto Interno Bruto a preços correntes
6,Município,40,Mil Reais,728057,2913705,Inhambupe - BA,2023,2023,37,Produto Interno Bruto a preços correntes
6,Município,40,Mil Reais,141404,2913804,Ipecaetá - BA,2023,2023,37,Produto Interno Bruto a preços correntes
6,Município,40,Mil Reais,714938,2913903,Ipiaú - BA,2023,2023,37,Produto Interno Bruto a preços correntes
6,Município,40,Mil Reais,799164,2914000,Ipirá - BA,2023,2023,37,Produto Interno Bruto a preços correntes
6,Município,40,Mil Reais,138064,2914109,Ipupiara - BA,2023,2023,37,Produto Interno Bruto a preços correntes
6,Município,40,Mil Reais,81310,2914208,Irajuba - BA,2023,2023,37,Produto Interno Bruto a preços correntes
6,Município,40,Mil Reais,128688,2914307,Iramaia - BA,2023,2023,37,Produto Interno Bruto a preços correntes
6,Município,40,Mil Reais,695113,2914406,Iraquara - BA,2023,2023,37,Produto Interno Bruto a preços correntes
6,Município,40,Mil Reais,385665,2914505,Irará - BA,2023,2023,37,Produto Interno Bruto a preços correntes
6,Município,40,Mil Reais,1963173,2914604,Irecê - BA,2023,2023,37,Produto Interno Bruto a preços correntes
6,Município,40,Mil Reais,669663,2914653,Itabela - BA,2023,2023,37,Produto Interno Bruto a preços correntes
6,Município,40,Mil Reais,1267187,2914703,Itaberaba - BA,2023,2023,37,Produto Interno Bruto a preços correntes
6,Município,40,Mil Reais,5152367,2914802,Itabuna - BA,2023,2023,37,Produto Interno Bruto a preços correntes
6,Município,40,Mil Reais,563115,2914901,Itacaré - BA,2023,2023,37,Produto Interno Bruto a preços correntes
6,Município,40,Mil Reais,151142,2915007,Itaeté - BA,2023,2023,37,Produto Interno Bruto a preços correntes
6,Município,40,Mil Reais,162850,2915106,Itagi - BA,2023,2023,37,Produto Interno Bruto a preços correntes
6,Município,40,Mil Reais,746823,2915205,Itagibá - BA,2023,2023,37,Produto Interno Bruto a preços correntes
6,Município,40,Mil Reais,153619,2915304,Itagimirim - BA,2023,2023,37,Produto Interno Bruto a preços correntes
6,Município,40,Mil Reais,173901,2915353,Itaguaçu da Bahia - BA,2023,2023,37,Produto Interno Bruto a preços correntes
6,Município,40,Mil Reais,110197,2915403,Itaju do Colônia - BA,2023,2023,37,Produto Interno Bruto a preços correntes
6,Município,40,Mil Reais,382795,2915502,Itajuípe - BA,2023,2023,37,Produto Interno Bruto a preços correntes
6,Município,40,Mil Reais,1395506,2915601,Itamaraju - BA,2023,2023,37,Produto Interno Bruto a preços correntes
6,Município,40,Mil Reais,118906,2915700,Itamari - BA,2023,2023,37,Produto Interno Bruto a preços correntes
6,Município,40,Mil Reais,403898,2915809,Itambé - BA,2023,2023,37,Produto Interno Bruto a preços correntes
6,Município,40,Mil Reais,110577,2915908,Itanagra - BA,2023,2023,37,Produto Interno Bruto a preços correntes
6,Município,40,Mil Reais,341096,2916005,Itanhém - BA,2023,2023,37,Produto Interno Bruto a preços correntes
6,Município,40,Mil Reais,298514,2916104,Itaparica - BA,2023,2023,37,Produto Interno Bruto a preços correntes
6,Município,40,Mil Reais,135712,2916203,Itapé - BA,2023,2023,37,Produto Interno Bruto a preços correntes
6,Município,40,Mil Reais,329116,2916302,Itapebi - BA,2023,2023,37,Produto Interno Bruto a preços correntes
6,Município,40,Mil Reais,1938472,2916401,Itapetinga - BA,2023,2023,37,Produto Interno Bruto a preços correntes
6,Município,40,Mil Reais,534863,2916500,Itapicuru - BA,2023,2023,37,Produto Interno Bruto a preços correntes
6,Município,40,Mil Reais,124199,2916609,Itapitanga - BA,2023,2023,37,Produto Interno Bruto a preços correntes
6,Município,40,Mil Reais,105758,2916708,Itaquara - BA,2023,2023,37,Produto Interno Bruto a preços correntes
6,Município,40,Mil Reais,375540,2916807,Itarantim - BA,2023,2023,37,Produto Interno Bruto a preços correntes
6,Município,40,Mil Reais,513401,2916856,Itatim - BA,2023,2023,37,Produto Interno Bruto a preços correntes
6,Município,40,Mil Reais,152011,2916906,Itiruçu - BA,2023,2023,37,Produto Interno Bruto a preços correntes
6,Município,40,Mil Reais,429678,2917003,Itiúba - BA,2023,2023,37,Produto Interno Bruto a preços correntes
6,Município,40,Mil Reais,281112,2917102,Itororó - BA,2023,2023,37,Produto Interno Bruto a preços correntes
6,Município,40,Mil Reais,341991,2917201,Ituaçu - BA,2023,2023,37,Produto Interno Bruto a preços correntes
6,Município,40,Mil Reais,420873,2917300,Ituberá - BA,2023,2023,37,Produto Interno Bruto a preços correntes
6,Município,40,Mil Reais,179353,2917334,Iuiu - BA,2023,2023,37,Produto Interno Bruto a preços correntes
6,Município,40,Mil Reais,1527845,2917359,Jaborandi - BA,2023,2023,37,Produto Interno Bruto a preços correntes
6,Município,40,Mil Reais,150696,2917409,Jacaraci - BA,2023,2023,37,Produto Interno Bruto a preços correntes
6,Município,40,Mil Reais,2030142,2917508,Jacobina - BA,2023,2023,37,Produto Interno Bruto a preços correntes
6,Município,40,Mil Reais,807069,2917607,Jaguaquara - BA,2023,2023,37,Produto Interno Bruto a preços correntes
6,Município,40,Mil Reais,805704,2917706,Jaguarari - BA,2023,2023,37,Produto Interno Bruto a preços correntes
6,Município,40,Mil Reais,261121,2917805,Jaguaripe - BA,2023,2023,37,Produto Interno Bruto a preços correntes
6,Município,40,Mil Reais,217807,2917904,Jandaíra - BA,2023,2023,37,Produto Interno Bruto a preços correntes
6,Município,40,Mil Reais,3882707,2918001,Jequié - BA,2023,2023,37,Produto Interno Bruto a preços correntes
6,Município,40,Mil Reais,623856,2918100,Jeremoabo - BA,2023,2023,37,Produto Interno Bruto a preços correntes
6,Município,40,Mil Reais,195943,2918209,Jiquiriçá - BA,2023,2023,37,Produto Interno Bruto a preços correntes
6,Município,40,Mil Reais,253023,2918308,Jitaúna - BA,2023,2023,37,Produto Interno Bruto a preços correntes
6,Município,40,Mil Reais,347835,2918357,João Dourado - BA,2023,2023,37,Produto Interno Bruto a preços correntes
6,Município,40,Mil Reais,6159604,2918407,Juazeiro - BA,2023,2023,37,Produto Interno Bruto a preços correntes
6,Município,40,Mil Reais,152424,2918456,Jucuruçu - BA,2023,2023,37,Produto Interno Bruto a preços correntes
6,Município,40,Mil Reais,151838,2918506,Jussara - BA,2023,2023,37,Produto Interno Bruto a preços correntes
6,Município,40,Mil Reais,90404,2918555,Jussari - BA,2023,2023,37,Produto Interno Bruto a preços correntes
6,Município,40,Mil Reais,87228,2918605,Jussiape - BA,2023,2023,37,Produto Interno Bruto a preços correntes
6,Município,40,Mil Reais,70953,2918704,Lafaiete Coutinho - BA,2023,2023,37,Produto Interno Bruto a preços correntes
6,Município,40,Mil Reais,147332,2918753,Lagoa Real - BA,2023,2023,37,Produto Interno Bruto a preços correntes
6,Município,40,Mil Reais,344541,2918803,Laje - BA,2023,2023,37,Produto Interno Bruto a preços correntes
6,Município,40,Mil Reais,132126,2918902,Lajedão - BA,2023,2023,37,Produto Interno Bruto a preços correntes
6,Município,40,Mil Reais,66280,2919009,Lajedinho - BA,2023,2023,37,Produto Interno Bruto a preços correntes
6,Município,40,Mil Reais,102350,2919058,Lajedo do Tabocal - BA,2023,2023,37,Produto Interno Bruto a preços correntes
6,Município,40,Mil Reais,83252,2919108,Lamarão - BA,2023,2023,37,Produto Interno Bruto a preços correntes
6,Município,40,Mil Reais,381812,2919157,Lapão - BA,2023,2023,37,Produto Interno Bruto a preços correntes
6,Município,40,Mil Reais,8918480,2919207,Lauro de Freitas - BA,2023,2023,37,Produto Interno Bruto a preços correntes
6,Município,40,Mil Reais,210370,2919306,Lençóis - BA,2023,2023,37,Produto Interno Bruto a preços correntes
6,Município,40,Mil Reais,165212,2919405,Licínio de Almeida - BA,2023,2023,37,Produto Interno Bruto a preços correntes
6,Município,40,Mil Reais,705491,2919504,Livramento de Nossa Senhora - BA,2023,2023,37,Produto Interno Bruto a preços correntes
6,Município,40,Mil Reais,11559024,2919553,Luís Eduardo Magalhães - BA,2023,2023,37,Produto Interno Bruto a preços correntes
6,Município,40,Mil Reais,108592,2919603,Macajuba - BA,2023,2023,37,Produto Interno Bruto a preços correntes
6,Município,40,Mil Reais,269681,2919702,Macarani - BA,2023,2023,37,Produto Interno Bruto a preços correntes
6,Município,40,Mil Reais,549586,2919801,Macaúbas - BA,2023,2023,37,Produto Interno Bruto a preços correntes
6,Município,40,Mil Reais,80972,2919900,Macururé - BA,2023,2023,37,Produto Interno Bruto a preços correntes
6,Município,40,Mil Reais,710438,2919926,Madre de Deus - BA,2023,2023,37,Produto Interno Bruto a preços correntes
6,Município,40,Mil Reais,81860,2919959,Maetinga - BA,2023,2023,37,Produto Interno Bruto a preços correntes
6,Município,40,Mil Reais,210896,2920007,Maiquinique - BA,2023,2023,37,Produto Interno Bruto a preços correntes
6,Município,40,Mil Reais,211982,2920106,Mairi - BA,2023,2023,37,Produto Interno Bruto a preços correntes
6,Município,40,Mil Reais,238293,2920205,Malhada - BA,2023,2023,37,Produto Interno Bruto a preços correntes
6,Município,40,Mil Reais,111365,2920304,Malhada de Pedras - BA,2023,2023,37,Produto Interno Bruto a preços correntes
6,Município,40,Mil Reais,165432,2920403,Manoel Vitorino - BA,2023,2023,37,Produto Interno Bruto a preços correntes
6,Município,40,Mil Reais,117787,2920452,Mansidão - BA,2023,2023,37,Produto Interno Bruto a preços correntes
6,Município,40,Mil Reais,692349,2920502,Maracás - BA,2023,2023,37,Produto Interno Bruto a preços correntes
6,Município,40,Mil Reais,479212,2920601,Maragogipe - BA,2023,2023,37,Produto Interno Bruto a preços correntes
6,Município,40,Mil Reais,434712,2920700,Maraú - BA,2023,2023,37,Produto Interno Bruto a preços correntes
6,Município,40,Mil Reais,119538,2920809,Marcionílio Souza - BA,2023,2023,37,Produto Interno Bruto a preços correntes
6,Município,40,Mil Reais,193317,2920908,Mascote - BA,2023,2023,37,Produto Interno Bruto a preços correntes
6,Município,40,Mil Reais,1734857,2921005,Mata de São João - BA,2023,2023,37,Produto Interno Bruto a preços correntes
6,Município,40,Mil Reais,123261,2921054,Matina - BA,2023,2023,37,Produto Interno Bruto a preços correntes
6,Município,40,Mil Reais,505592,2921104,Medeiros Neto - BA,2023,2023,37,Produto Interno Bruto a preços correntes
6,Município,40,Mil Reais,340200,2921203,Miguel Calmon - BA,2023,2023,37,Produto Interno Bruto a preços correntes
6,Município,40,Mil Reais,181064,2921302,Milagres - BA,2023,2023,37,Produto Interno Bruto a preços correntes
6,Município,40,Mil Reais,167191,2921401,Mirangaba - BA,2023,2023,37,Produto Interno Bruto a preços correntes
6,Município,40,Mil Reais,102822,2921450,Mirante - BA,2023,2023,37,Produto Interno Bruto a preços correntes
6,Município,40,Mil Reais,590805,2921500,Monte Santo - BA,2023,2023,37,Produto Interno Bruto a preços correntes
6,Município,40,Mil Reais,102667,2921609,Morpará - BA,2023,2023,37,Produto Interno Bruto a preços correntes
6,Município,40,Mil Reais,1565321,2921708,Morro do Chapéu - BA,2023,2023,37,Produto Interno Bruto a preços correntes
6,Município,40,Mil Reais,132840,2921807,Mortugaba - BA,2023,2023,37,Produto Interno Bruto a preços correntes
6,Município,40,Mil Reais,599591,2921906,Mucugê - BA,2023,2023,37,Produto Interno Bruto a preços correntes
6,Município,40,Mil Reais,3127407,2922003,Mucuri - BA,2023,2023,37,Produto Interno Bruto a preços correntes
6,Município,40,Mil Reais,283456,2922052,Mulungu do Morro - BA,2023,2023,37,Produto Interno Bruto a preços correntes
6,Município,40,Mil Reais,219477,2922102,Mundo Novo - BA,2023,2023,37,Produto Interno Bruto a preços correntes
6,Município,40,Mil Reais,86329,2922201,Muniz Ferreira - BA,2023,2023,37,Produto Interno Bruto a preços correntes
6,Município,40,Mil Reais,266937,2922250,Muquém do São Francisco - BA,2023,2023,37,Produto Interno Bruto a preços correntes
6,Município,40,Mil Reais,375977,2922300,Muritiba - BA,2023,2023,37,Produto Interno Bruto a preços correntes
6,Município,40,Mil Reais,511682,2922409,Mutuípe - BA,2023,2023,37,Produto Interno Bruto a preços correntes
6,Município,40,Mil Reais,463721,2922508,Nazaré - BA,2023,2023,37,Produto Interno Bruto a preços correntes
6,Município,40,Mil Reais,201028,2922607,Nilo Peçanha - BA,2023,2023,37,Produto Interno Bruto a preços correntes
6,Município,40,Mil Reais,184562,2922656,Nordestina - BA,2023,2023,37,Produto Interno Bruto a preços correntes
6,Município,40,Mil Reais,227966,2922706,Nova Canaã - BA,2023,2023,37,Produto Interno Bruto a preços correntes
6,Município,40,Mil Reais,121799,2922730,Nova Fátima - BA,2023,2023,37,Produto Interno Bruto a preços correntes
6,Município,40,Mil Reais,127888,2922755,Nova Ibiá - BA,2023,2023,37,Produto Interno Bruto a preços correntes
6,Município,40,Mil Reais,89840,2922805,Nova Itarana - BA,2023,2023,37,Produto Interno Bruto a preços correntes
6,Município,40,Mil Reais,93115,2922854,Nova Redenção - BA,2023,2023,37,Produto Interno Bruto a preços correntes
6,Município,40,Mil Reais,341842,2922904,Nova Soure - BA,2023,2023,37,Produto Interno Bruto a preços correntes
6,Município,40,Mil Reais,699744,2923001,Nova Viçosa - BA,2023,2023,37,Produto Interno Bruto a preços correntes
6,Município,40,Mil Reais,137372,2923035,Novo Horizonte - BA,2023,2023,37,Produto Interno Bruto a preços correntes
6,Município,40,Mil Reais,130774,2923050,Novo Triunfo - BA,2023,2023,37,Produto Interno Bruto a preços correntes
6,Município,40,Mil Reais,296049,2923100,Olindina - BA,2023,2023,37,Produto Interno Bruto a preços correntes
6,Município,40,Mil Reais,420124,2923209,Oliveira dos Brejinhos - BA,2023,2023,37,Produto Interno Bruto a preços correntes
6,Município,40,Mil Reais,110003,2923308,Ouriçangas - BA,2023,2023,37,Produto Interno Bruto a preços correntes
6,Município,40,Mil Reais,318032,2923357,Ourolândia - BA,2023,2023,37,Produto Interno Bruto a preços correntes
6,Município,40,Mil Reais,291639,2923407,Palmas de Monte Alto - BA,2023,2023,37,Produto Interno Bruto a preços correntes
6,Município,40,Mil Reais,153919,2923506,Palmeiras - BA,2023,2023,37,Produto Interno Bruto a preços correntes
6,Município,40,Mil Reais,310453,2923605,Paramirim - BA,2023,2023,37,Produto Interno Bruto a preços correntes
6,Município,40,Mil Reais,327813,2923704,Paratinga - BA,2023,2023,37,Produto Interno Bruto a preços correntes
6,Município,40,Mil Reais,559999,2923803,Paripiranga - BA,2023,2023,37,Produto Interno Bruto a preços correntes
6,Município,40,Mil Reais,135359,2923902,Pau Brasil - BA,2023,2023,37,Produto Interno Bruto a preços correntes
6,Município,40,Mil Reais,4258891,2924009,Paulo Afonso - BA,2023,2023,37,Produto Interno Bruto a preços correntes
6,Município,40,Mil Reais,166031,2924058,Pé de Serra - BA,2023,2023,37,Produto Interno Bruto a preços correntes
6,Município,40,Mil Reais,68924,2924108,Pedrão - BA,2023,2023,37,Produto Interno Bruto a preços correntes
6,Município,40,Mil Reais,178830,2924207,Pedro Alexandre - BA,2023,2023,37,Produto Interno Bruto a preços correntes
6,Município,40,Mil Reais,220692,2924306,Piatã - BA,2023,2023,37,Produto Interno Bruto a preços correntes
6,Município,40,Mil Reais,367179,2924405,Pilão Arcado - BA,2023,2023,37,Produto Interno Bruto a preços correntes
6,Município,40,Mil Reais,285213,2924504,Pindaí - BA,2023,2023,37,Produto Interno Bruto a preços correntes
6,Município,40,Mil Reais,215103,2924603,Pindobaçu - BA,2023,2023,37,Produto Interno Bruto a preços correntes
6,Município,40,Mil Reais,132345,2924652,Pintadas - BA,2023,2023,37,Produto Interno Bruto a preços correntes
6,Município,40,Mil Reais,157001,2924678,Piraí do Norte - BA,2023,2023,37,Produto Interno Bruto a preços correntes
6,Município,40,Mil Reais,92317,2924702,Piripá - BA,2023,2023,37,Produto Interno Bruto a preços correntes
6,Município,40,Mil Reais,218911,2924801,Piritiba - BA,2023,2023,37,Produto Interno Bruto a preços correntes
6,Município,40,Mil Reais,88316,2924900,Planaltino - BA,2023,2023,37,Produto Interno Bruto a preços correntes
6,Município,40,Mil Reais,324874,2925006,Planalto - BA,2023,2023,37,Produto Interno Bruto a preços correntes
6,Município,40,Mil Reais,681871,2925105,Poções - BA,2023,2023,37,Produto Interno Bruto a preços correntes
6,Município,40,Mil Reais,3036559,2925204,Pojuca - BA,2023,2023,37,Produto Interno Bruto a preços correntes
6,Município,40,Mil Reais,246410,2925253,Ponto Novo - BA,2023,2023,37,Produto Interno Bruto a preços correntes
6,Município,40,Mil Reais,5009894,2925303,Porto Seguro - BA,2023,2023,37,Produto Interno Bruto a preços correntes
6,Município,40,Mil Reais,151243,2925402,Potiraguá - BA,2023,2023,37,Produto Interno Bruto a preços correntes
6,Município,40,Mil Reais,776982,2925501,Prado - BA,2023,2023,37,Produto Interno Bruto a preços correntes
6,Município,40,Mil Reais,167733,2925600,Presidente Dutra - BA,2023,2023,37,Produto Interno Bruto a preços correntes
6,Município,40,Mil Reais,122014,2925709,Presidente Jânio Quadros - BA,2023,2023,37,Produto Interno Bruto a preços correntes
6,Município,40,Mil Reais,417933,2925758,Presidente Tancredo Neves - BA,2023,2023,37,Produto Interno Bruto a preços correntes
6,Município,40,Mil Reais,321603,2925808,Queimadas - BA,2023,2023,37,Produto Interno Bruto a preços correntes
6,Município,40,Mil Reais,277904,2925907,Quijingue - BA,2023,2023,37,Produto Interno Bruto a preços correntes
6,Município,40,Mil Reais,117642,2925931,Quixabeira - BA,2023,2023,37,Produto Interno Bruto a preços correntes
6,Município,40,Mil Reais,422266,2925956,Rafael Jambeiro - BA,2023,2023,37,Produto Interno Bruto a preços correntes
6,Município,40,Mil Reais,573383,2926004,Remanso - BA,2023,2023,37,Produto Interno Bruto a preços correntes
6,Município,40,Mil Reais,175548,2926103,Retirolândia - BA,2023,2023,37,Produto Interno Bruto a preços correntes
6,Município,40,Mil Reais,1896806,2926202,Riachão das Neves - BA,2023,2023,37,Produto Interno Bruto a preços correntes
6,Município,40,Mil Reais,565913,2926301,Riachão do Jacuípe - BA,2023,2023,37,Produto Interno Bruto a preços correntes
6,Município,40,Mil Reais,406700,2926400,Riacho de Santana - BA,2023,2023,37,Produto Interno Bruto a preços correntes
6,Município,40,Mil Reais,199747,2926509,Ribeira do Amparo - BA,2023,2023,37,Produto Interno Bruto a preços correntes
6,Município,40,Mil Reais,918880,2926608,Ribeira do Pombal - BA,2023,2023,37,Produto Interno Bruto a preços correntes
6,Município,40,Mil Reais,134074,2926657,Ribeirão do Largo - BA,2023,2023,37,Produto Interno Bruto a preços correntes
6,Município,40,Mil Reais,198436,2926707,Rio de Contas - BA,2023,2023,37,Produto Interno Bruto a preços correntes
6,Município,40,Mil Reais,143762,2926806,Rio do Antônio - BA,2023,2023,37,Produto Interno Bruto a preços correntes
6,Município,40,Mil Reais,119203,2926905,Rio do Pires - BA,2023,2023,37,Produto Interno Bruto a preços correntes
6,Município,40,Mil Reais,1275892,2927002,Rio Real - BA,2023,2023,37,Produto Interno Bruto a preços correntes
6,Município,40,Mil Reais,162518,2927101,Rodelas - BA,2023,2023,37,Produto Interno Bruto a preços correntes
6,Município,40,Mil Reais,537946,2927200,Ruy Barbosa - BA,2023,2023,37,Produto Interno Bruto a preços correntes
6,Município,40,Mil Reais,250081,2927309,Salinas da Margarida - BA,2023,2023,37,Produto Interno Bruto a preços correntes
6,Município,40,Mil Reais,76698777,2927408,Salvador - BA,2023,2023,37,Produto Interno Bruto a preços correntes
6,Município,40,Mil Reais,229692,2927507,Santa Bárbara - BA,2023,2023,37,Produto Interno Bruto a preços correntes
6,Município,40,Mil Reais,161580,2927606,Santa Brígida - BA,2023,2023,37,Produto Interno Bruto a preços correntes
6,Município,40,Mil Reais,649502,2927705,Santa Cruz Cabrália - BA,2023,2023,37,Produto Interno Bruto a preços correntes
6,Município,40,Mil Reais,77737,2927804,Santa Cruz da Vitória - BA,2023,2023,37,Produto Interno Bruto a preços correntes
6,Município,40,Mil Reais,113748,2927903,Santa Inês - BA,2023,2023,37,Produto Interno Bruto a preços correntes
6,Município,40,Mil Reais,678133,2928000,Santaluz - BA,2023,2023,37,Produto Interno Bruto a preços correntes
6,Município,40,Mil Reais,165145,2928059,Santa Luzia - BA,2023,2023,37,Produto Interno Bruto a preços correntes
6,Município,40,Mil Reais,696761,2928109,Santa Maria da Vitória - BA,2023,2023,37,Produto Interno Bruto a preços correntes
6,Município,40,Mil Reais,426643,2928208,Santana - BA,2023,2023,37,Produto Interno Bruto a preços correntes
6,Município,40,Mil Reais,84482,2928307,Santanópolis - BA,2023,2023,37,Produto Interno Bruto a preços correntes
6,Município,40,Mil Reais,389400,2928406,Santa Rita de Cássia - BA,2023,2023,37,Produto Interno Bruto a preços correntes
6,Município,40,Mil Reais,165369,2928505,Santa Terezinha - BA,2023,2023,37,Produto Interno Bruto a preços correntes
6,Município,40,Mil Reais,1375771,2928604,Santo Amaro - BA,2023,2023,37,Produto Interno Bruto a preços correntes
6,Município,40,Mil Reais,3028414,2928703,Santo Antônio de Jesus - BA,2023,2023,37,Produto Interno Bruto a preços correntes
6,Município,40,Mil Reais,1295366,2928802,Santo Estêvão - BA,2023,2023,37,Produto Interno Bruto a preços correntes
6,Município,40,Mil Reais,8525862,2928901,São Desidério - BA,2023,2023,37,Produto Interno Bruto a preços correntes
6,Município,40,Mil Reais,109020,2928950,São Domingos - BA,2023,2023,37,Produto Interno Bruto a preços correntes
6,Município,40,Mil Reais,198066,2929008,São Félix - BA,2023,2023,37,Produto Interno Bruto a preços correntes
6,Município,40,Mil Reais,276484,2929057,São Félix do Coribe - BA,2023,2023,37,Produto Interno Bruto a preços correntes
6,Município,40,Mil Reais,282891,2929107,São Felipe - BA,2023,2023,37,Produto Interno Bruto a preços correntes
6,Município,40,Mil Reais,26505737,2929206,São Francisco do Conde - BA,2023,2023,37,Produto Interno Bruto a preços correntes
6,Município,40,Mil Reais,193553,2929255,São Gabriel - BA,2023,2023,37,Produto Interno Bruto a preços correntes
6,Município,40,Mil Reais,1673386,2929305,São Gonçalo dos Campos - BA,2023,2023,37,Produto Interno Bruto a preços correntes
6,Município,40,Mil Reais,71407,2929354,São José da Vitória - BA,2023,2023,37,Produto Interno Bruto a preços correntes
6,Município,40,Mil Reais,154211,2929370,São José do Jacuípe - BA,2023,2023,37,Produto Interno Bruto a preços correntes
6,Município,40,Mil Reais,207568,2929404,São Miguel das Matas - BA,2023,2023,37,Produto Interno Bruto a preços correntes
6,Município,40,Mil Reais,957089,2929503,São Sebastião do Passé - BA,2023,2023,37,Produto Interno Bruto a preços correntes
6,Município,40,Mil Reais,343805,2929602,Sapeaçu - BA,2023,2023,37,Produto Interno Bruto a preços correntes
6,Município,40,Mil Reais,352993,2929701,Sátiro Dias - BA,2023,2023,37,Produto Interno Bruto a preços correntes
6,Município,40,Mil Reais,179572,2929750,Saubara - BA,2023,2023,37,Produto Interno Bruto a preços correntes
6,Município,40,Mil Reais,120918,2929800,Saúde - BA,2023,2023,37,Produto Interno Bruto a preços correntes
6,Município,40,Mil Reais,861825,2929909,Seabra - BA,2023,2023,37,Produto Interno Bruto a preços correntes
6,Município,40,Mil Reais,123933,2930006,Sebastião Laranjeiras - BA,2023,2023,37,Produto Interno Bruto a preços correntes
6,Município,40,Mil Reais,1260522,2930105,Senhor do Bonfim - BA,2023,2023,37,Produto Interno Bruto a preços correntes
6,Município,40,Mil Reais,521086,2930154,Serra do Ramalho - BA,2023,2023,37,Produto Interno Bruto a preços correntes
6,Município,40,Mil Reais,1566194,2930204,Sento Sé - BA,2023,2023,37,Produto Interno Bruto a preços correntes
6,Município,40,Mil Reais,261412,2930303,Serra Dourada - BA,2023,2023,37,Produto Interno Bruto a preços correntes
6,Município,40,Mil Reais,175258,2930402,Serra Preta - BA,2023,2023,37,Produto Interno Bruto a preços correntes
6,Município,40,Mil Reais,1420689,2930501,Serrinha - BA,2023,2023,37,Produto Interno Bruto a preços correntes
6,Município,40,Mil Reais,153750,2930600,Serrolândia - BA,2023,2023,37,Produto Interno Bruto a preços correntes
6,Município,40,Mil Reais,8508321,2930709,Simões Filho - BA,2023,2023,37,Produto Interno Bruto a preços correntes
6,Município,40,Mil Reais,154008,2930758,Sítio do Mato - BA,2023,2023,37,Produto Interno Bruto a preços correntes
6,Município,40,Mil Reais,168209,2930766,Sítio do Quinto - BA,2023,2023,37,Produto Interno Bruto a preços correntes
6,Município,40,Mil Reais,908544,2930774,Sobradinho - BA,2023,2023,37,Produto Interno Bruto a preços correntes
6,Município,40,Mil Reais,177203,2930808,Souto Soares - BA,2023,2023,37,Produto Interno Bruto a preços correntes
6,Município,40,Mil Reais,341963,2930907,Tabocas do Brejo Velho - BA,2023,2023,37,Produto Interno Bruto a preços correntes
6,Município,40,Mil Reais,315577,2931004,Tanhaçu - BA,2023,2023,37,Produto Interno Bruto a preços correntes
6,Município,40,Mil Reais,297435,2931053,Tanque Novo - BA,2023,2023,37,Produto Interno Bruto a preços correntes
6,Município,40,Mil Reais,83841,2931103,Tanquinho - BA,2023,2023,37,Produto Interno Bruto a preços correntes
6,Município,40,Mil Reais,254682,2931202,Taperoá - BA,2023,2023,37,Produto Interno Bruto a preços correntes
6,Município,40,Mil Reais,174265,2931301,Tapiramutá - BA,2023,2023,37,Produto Interno Bruto a preços correntes
6,Município,40,Mil Reais,3670771,2931350,Teixeira de Freitas - BA,2023,2023,37,Produto Interno Bruto a preços correntes
6,Município,40,Mil Reais,123381,2931400,Teodoro Sampaio - BA,2023,2023,37,Produto Interno Bruto a preços correntes
6,Município,40,Mil Reais,238098,2931509,Teofilândia - BA,2023,2023,37,Produto Interno Bruto a preços correntes
6,Município,40,Mil Reais,279612,2931608,Teolândia - BA,2023,2023,37,Produto Interno Bruto a preços correntes
6,Município,40,Mil Reais,164871,2931707,Terra Nova - BA,2023,2023,37,Produto Interno Bruto a preços correntes
6,Município,40,Mil Reais,172959,2931806,Tremedal - BA,2023,2023,37,Produto Interno Bruto a preços correntes
6,Município,40,Mil Reais,823511,2931905,Tucano - BA,2023,2023,37,Produto Interno Bruto a preços correntes
6,Município,40,Mil Reais,318312,2932002,Uauá - BA,2023,2023,37,Produto Interno Bruto a preços correntes
6,Município,40,Mil Reais,305087,2932101,Ubaíra - BA,2023,2023,37,Produto Interno Bruto a preços correntes
6,Município,40,Mil Reais,316059,2932200,Ubaitaba - BA,2023,2023,37,Produto Interno Bruto a preços correntes
6,Município,40,Mil Reais,264213,2932309,Ubatã - BA,2023,2023,37,Produto Interno Bruto a preços correntes
6,Município,40,Mil Reais,177265,2932408,Uibaí - BA,2023,2023,37,Produto Interno Bruto a preços correntes
6,Município,40,Mil Reais,238955,2932457,Umburanas - BA,2023,2023,37,Produto Interno Bruto a preços correntes
6,Município,40,Mil Reais,453711,2932507,Una - BA,2023,2023,37,Produto Interno Bruto a preços correntes
6,Município,40,Mil Reais,232370,2932606,Urandi - BA,2023,2023,37,Produto Interno Bruto a preços correntes
6,Município,40,Mil Reais,384146,2932705,Uruçuca - BA,2023,2023,37,Produto Interno Bruto a preços correntes
6,Município,40,Mil Reais,297919,2932804,Utinga - BA,2023,2023,37,Produto Interno Bruto a preços correntes
6,Município,40,Mil Reais,2194454,2932903,Valença - BA,2023,2023,37,Produto Interno Bruto a preços correntes
6,Município,40,Mil Reais,350571,2933000,Valente - BA,2023,2023,37,Produto Interno Bruto a preços correntes
6,Município,40,Mil Reais,152110,2933059,Várzea da Roça - BA,2023,2023,37,Produto Interno Bruto a preços correntes
6,Município,40,Mil Reais,154661,2933109,Várzea do Poço - BA,2023,2023,37,Produto Interno Bruto a preços correntes
6,Município,40,Mil Reais,573060,2933158,Várzea Nova - BA,2023,2023,37,Produto Interno Bruto a preços correntes
6,Município,40,Mil Reais,172935,2933174,Varzedo - BA,2023,2023,37,Produto Interno Bruto a preços correntes
6,Município,40,Mil Reais,709330,2933208,Vera Cruz - BA,2023,2023,37,Produto Interno Bruto a preços correntes
6,Município,40,Mil Reais,116334,2933257,Vereda - BA,2023,2023,37,Produto Interno Bruto a preços correntes
6,Município,40,Mil Reais,12666571,2933307,Vitória da Conquista - BA,2023,2023,37,Produto Interno Bruto a preços correntes
6,Município,40,Mil Reais,115311,2933406,Wagner - BA,2023,2023,37,Produto Interno Bruto a preços correntes
6,Município,40,Mil Reais,230492,2933455,Wanderley - BA,2023,2023,37,Produto Interno Bruto a preços correntes
6,Município,40,Mil Reais,424520,2933505,Wenceslau Guimarães - BA,2023,2023,37,Produto Interno Bruto a preços correntes
6,Município,40,Mil Reais,780080,2933604,Xique-Xique - BA,2023,2023,37,Produto Interno Bruto a preços correntes
6,Município,40,Mil Reais,190397,3100104,Abadia dos Dourados - MG,2023,2023,37,Produto Interno Bruto a preços correntes
6,Município,40,Mil Reais,641971,3100203,Abaeté - MG,2023,2023,37,Produto Interno Bruto a preços correntes
6,Município,40,Mil Reais,331512,3100302,Abre Campo - MG,2023,2023,37,Produto Interno Bruto a preços correntes
6,Município,40,Mil Reais,85066,3100401,Acaiaca - MG,2023,2023,37,Produto Interno Bruto a preços correntes
6,Município,40,Mil Reais,172094,3100500,Açucena - MG,2023,2023,37,Produto Interno Bruto a preços correntes
6,Município,40,Mil Reais,235422,3100609,Água Boa - MG,2023,2023,37,Produto Interno Bruto a preços correntes
6,Município,40,Mil Reais,330940,3100708,Água Comprida - MG,2023,2023,37,Produto Interno Bruto a preços correntes
6,Município,40,Mil Reais,111494,3100807,Aguanil - MG,2023,2023,37,Produto Interno Bruto a preços correntes
6,Município,40,Mil Reais,362826,3100906,Águas Formosas - MG,2023,2023,37,Produto Interno Bruto a preços correntes
6,Município,40,Mil Reais,278390,3101003,Águas Vermelhas - MG,2023,2023,37,Produto Interno Bruto a preços correntes
6,Município,40,Mil Reais,793376,3101102,Aimorés - MG,2023,2023,37,Produto Interno Bruto a preços correntes
6,Município,40,Mil Reais,154422,3101201,Aiuruoca - MG,2023,2023,37,Produto Interno Bruto a preços correntes
6,Município,40,Mil Reais,63840,3101300,Alagoa - MG,2023,2023,37,Produto Interno Bruto a preços correntes
6,Município,40,Mil Reais,90906,3101409,Albertina - MG,2023,2023,37,Produto Interno Bruto a preços correntes
6,Município,40,Mil Reais,1045759,3101508,Além Paraíba - MG,2023,2023,37,Produto Interno Bruto a preços correntes
6,Município,40,Mil Reais,3669899,3101607,Alfenas - MG,2023,2023,37,Produto Interno Bruto a preços correntes
6,Município,40,Mil Reais,176964,3101631,Alfredo Vasconcelos - MG,2023,2023,37,Produto Interno Bruto a preços correntes
6,Município,40,Mil Reais,813917,3101706,Almenara - MG,2023,2023,37,Produto Interno Bruto a preços correntes
6,Município,40,Mil Reais,112973,3101805,Alpercata - MG,2023,2023,37,Produto Interno Bruto a preços correntes
6,Município,40,Mil Reais,618618,3101904,Alpinópolis - MG,2023,2023,37,Produto Interno Bruto a preços correntes
6,Município,40,Mil Reais,332256,3102001,Alterosa - MG,2023,2023,37,Produto Interno Bruto a preços correntes
6,Município,40,Mil Reais,131678,3102050,Alto Caparaó - MG,2023,2023,37,Produto Interno Bruto a preços correntes
6,Município,40,Mil Reais,222897,3102100,Alto Rio Doce - MG,2023,2023,37,Produto Interno Bruto a preços correntes
6,Município,40,Mil Reais,64939,3102209,Alvarenga - MG,2023,2023,37,Produto Interno Bruto a preços correntes
6,Município,40,Mil Reais,402513,3102308,Alvinópolis - MG,2023,2023,37,Produto Interno Bruto a preços correntes
6,Município,40,Mil Reais,95009,3102407,Alvorada de Minas - MG,2023,2023,37,Produto Interno Bruto a preços correntes
6,Município,40,Mil Reais,71597,3102506,Amparo do Serra - MG,2023,2023,37,Produto Interno Bruto a preços correntes
6,Município,40,Mil Reais,1483245,3102605,Andradas - MG,2023,2023,37,Produto Interno Bruto a preços correntes
6,Município,40,Mil Reais,146445,3102704,Cachoeira de Pajeú - MG,2023,2023,37,Produto Interno Bruto a preços correntes
6,Município,40,Mil Reais,340782,3102803,Andrelândia - MG,2023,2023,37,Produto Interno Bruto a preços correntes
6,Município,40,Mil Reais,193853,3102852,Angelândia - MG,2023,2023,37,Produto Interno Bruto a preços correntes
6,Município,40,Mil Reais,412676,3102902,Antônio Carlos - MG,2023,2023,37,Produto Interno Bruto a preços correntes
6,Município,40,Mil Reais,535451,3103009,Antônio Dias - MG,2023,2023,37,Produto Interno Bruto a preços correntes
6,Município,40,Mil Reais,35792,3103108,Antônio Prado de Minas - MG,2023,2023,37,Produto Interno Bruto a preços correntes
6,Município,40,Mil Reais,75709,3103207,Araçaí - MG,2023,2023,37,Produto Interno Bruto a preços correntes
6,Município,40,Mil Reais,40166,3103306,Aracitaba - MG,2023,2023,37,Produto Interno Bruto a preços correntes
6,Município,40,Mil Reais,1081893,3103405,Araçuaí - MG,2023,2023,37,Produto Interno Bruto a preços correntes
6,Município,40,Mil Reais,6858534,3103504,Araguari - MG,2023,2023,37,Produto Interno Bruto a preços correntes
6,Município,40,Mil Reais,77723,3103603,Arantina - MG,2023,2023,37,Produto Interno Bruto a preços correntes
6,Município,40,Mil Reais,143377,3103702,Araponga - MG,2023,2023,37,Produto Interno Bruto a preços correntes
6,Município,40,Mil Reais,1209045,3103751,Araporã - MG,2023,2023,37,Produto Interno Bruto a preços correntes
6,Município,40,Mil Reais,249487,3103801,Arapuá - MG,2023,2023,37,Produto Interno Bruto a preços correntes
6,Município,40,Mil Reais,464947,3103900,Araújos - MG,2023,2023,37,Produto Interno Bruto a preços correntes
6,Município,40,Mil Reais,8847240,3104007,Araxá - MG,2023,2023,37,Produto Interno Bruto a preços correntes
6,Município,40,Mil Reais,460319,3104106,Arceburgo - MG,2023,2023,37,Produto Interno Bruto a preços correntes
6,Município,40,Mil Reais,3058033,3104205,Arcos - MG,2023,2023,37,Produto Interno Bruto a preços correntes
6,Município,40,Mil Reais,380056,3104304,Areado - MG,2023,2023,37,Produto Interno Bruto a preços correntes
6,Município,40,Mil Reais,51372,3104403,Argirita - MG,2023,2023,37,Produto Interno Bruto a preços correntes
6,Município,40,Mil Reais,86410,3104452,Aricanduva - MG,2023,2023,37,Produto Interno Bruto a preços correntes
6,Município,40,Mil Reais,544568,3104502,Arinos - MG,2023,2023,37,Produto Interno Bruto a preços correntes
6,Município,40,Mil Reais,453516,3104601,Astolfo Dutra - MG,2023,2023,37,Produto Interno Bruto a preços correntes
6,Município,40,Mil Reais,259696,3104700,Ataléia - MG,2023,2023,37,Produto Interno Bruto a preços correntes
6,Município,40,Mil Reais,113862,3104809,Augusto de Lima - MG,2023,2023,37,Produto Interno Bruto a preços correntes
6,Município,40,Mil Reais,451940,3104908,Baependi - MG,2023,2023,37,Produto Interno Bruto a preços correntes
6,Município,40,Mil Reais,132125,3105004,Baldim - MG,2023,2023,37,Produto Interno Bruto a preços correntes
6,Município,40,Mil Reais,861016,3105103,Bambuí - MG,2023,2023,37,Produto Interno Bruto a preços correntes
6,Município,40,Mil Reais,66317,3105202,Bandeira - MG,2023,2023,37,Produto Interno Bruto a preços correntes
6,Município,40,Mil Reais,113862,3105301,Bandeira do Sul - MG,2023,2023,37,Produto Interno Bruto a preços correntes
6,Município,40,Mil Reais,1547170,3105400,Barão de Cocais - MG,2023,2023,37,Produto Interno Bruto a preços correntes
6,Município,40,Mil Reais,73841,3105509,Barão do Monte Alto - MG,2023,2023,37,Produto Interno Bruto a preços correntes
6,Município,40,Mil Reais,4108617,3105608,Barbacena - MG,2023,2023,37,Produto Interno Bruto a preços correntes
6,Município,40,Mil Reais,101736,3105707,Barra Longa - MG,2023,2023,37,Produto Interno Bruto a preços correntes
6,Município,40,Mil Reais,801810,3105905,Barroso - MG,2023,2023,37,Produto Interno Bruto a preços correntes
6,Município,40,Mil Reais,407734,3106002,Bela Vista de Minas - MG,2023,2023,37,Produto Interno Bruto a preços correntes
6,Município,40,Mil Reais,79258,3106101,Belmiro Braga - MG,2023,2023,37,Produto Interno Bruto a preços correntes
6,Município,40,Mil Reais,130197671,3106200,Belo Horizonte - MG,2023,2023,37,Produto Interno Bruto a preços correntes
6,Município,40,Mil Reais,2329754,3106309,Belo Oriente - MG,2023,2023,37,Produto Interno Bruto a preços correntes
6,Município,40,Mil Reais,268616,3106408,Belo Vale - MG,2023,2023,37,Produto Interno Bruto a preços correntes
6,Município,40,Mil Reais,139373,3106507,Berilo - MG,2023,2023,37,Produto Interno Bruto a preços correntes
6,Município,40,Mil Reais,62780,3106606,Bertópolis - MG,2023,2023,37,Produto Interno Bruto a preços correntes
6,Município,40,Mil Reais,70041,3106655,Berizal - MG,2023,2023,37,Produto Interno Bruto a preços correntes
6,Município,40,Mil Reais,52614325,3106705,Betim - MG,2023,2023,37,Produto Interno Bruto a preços correntes
6,Município,40,Mil Reais,51305,3106804,Bias Fortes - MG,2023,2023,37,Produto Interno Bruto a preços correntes
6,Município,40,Mil Reais,357491,3106903,Bicas - MG,2023,2023,37,Produto Interno Bruto a preços correntes
6,Município,40,Mil Reais,75634,3107000,Biquinhas - MG,2023,2023,37,Produto Interno Bruto a preços correntes
6,Município,40,Mil Reais,1413664,3107109,Boa Esperança - MG,2023,2023,37,Produto Interno Bruto a preços correntes
6,Município,40,Mil Reais,105938,3107208,Bocaina de Minas - MG,2023,2023,37,Produto Interno Bruto a preços correntes
6,Município,40,Mil Reais,1435951,3107307,Bocaiúva - MG,2023,2023,37,Produto Interno Bruto a preços correntes
6,Município,40,Mil Reais,2193212,3107406,Bom Despacho - MG,2023,2023,37,Produto Interno Bruto a preços correntes
6,Município,40,Mil Reais,152445,3107505,Bom Jardim de Minas - MG,2023,2023,37,Produto Interno Bruto a preços correntes
6,Município,40,Mil Reais,203053,3107604,Bom Jesus da Penha - MG,2023,2023,37,Produto Interno Bruto a preços correntes
6,Município,40,Mil Reais,178433,3107703,Bom Jesus do Amparo - MG,2023,2023,37,Produto Interno Bruto a preços correntes
6,Município,40,Mil Reais,221368,3107802,Bom Jesus do Galho - MG,2023,2023,37,Produto Interno Bruto a preços correntes
6,Município,40,Mil Reais,209757,3107901,Bom Repouso - MG,2023,2023,37,Produto Interno Bruto a preços correntes
6,Município,40,Mil Reais,468363,3108008,Bom Sucesso - MG,2023,2023,37,Produto Interno Bruto a preços correntes
6,Município,40,Mil Reais,142868,3108107,Bonfim - MG,2023,2023,37,Produto Interno Bruto a preços correntes
6,Município,40,Mil Reais,473316,3108206,Bonfinópolis de Minas - MG,2023,2023,37,Produto Interno Bruto a preços correntes
6,Município,40,Mil Reais,127474,3108255,Bonito de Minas - MG,2023,2023,37,Produto Interno Bruto a preços correntes
6,Município,40,Mil Reais,465206,3108305,Borda da Mata - MG,2023,2023,37,Produto Interno Bruto a preços correntes
6,Município,40,Mil Reais,346227,3108404,Botelhos - MG,2023,2023,37,Produto Interno Bruto a preços correntes
6,Município,40,Mil Reais,85707,3108503,Botumirim - MG,2023,2023,37,Produto Interno Bruto a preços correntes
6,Município,40,Mil Reais,466969,3108552,Brasilândia de Minas - MG,2023,2023,37,Produto Interno Bruto a preços correntes
6,Município,40,Mil Reais,510728,3108602,Brasília de Minas - MG,2023,2023,37,Produto Interno Bruto a preços correntes
6,Município,40,Mil Reais,60376,3108701,Brás Pires - MG,2023,2023,37,Produto Interno Bruto a preços correntes
6,Município,40,Mil Reais,224250,3108800,Braúnas - MG,2023,2023,37,Produto Interno Bruto a preços correntes
6,Município,40,Mil Reais,277926,3108909,Brazópolis - MG,2023,2023,37,Produto Interno Bruto a preços correntes
6,Município,40,Mil Reais,2845330,3109006,Brumadinho - MG,2023,2023,37,Produto Interno Bruto a preços correntes
6,Município,40,Mil Reais,256721,3109105,Bueno Brandão - MG,2023,2023,37,Produto Interno Bruto a preços correntes
6,Município,40,Mil Reais,191748,3109204,Buenópolis - MG,2023,2023,37,Produto Interno Bruto a preços correntes
6,Município,40,Mil Reais,56472,3109253,Bugre - MG,2023,2023,37,Produto Interno Bruto a preços correntes
6,Município,40,Mil Reais,1446139,3109303,Buritis - MG,2023,2023,37,Produto Interno Bruto a preços correntes
6,Município,40,Mil Reais,852046,3109402,Buritizeiro - MG,2023,2023,37,Produto Interno Bruto a preços correntes
6,Município,40,Mil Reais,529789,3109451,Cabeceira Grande - MG,2023,2023,37,Produto Interno Bruto a preços correntes
6,Município,40,Mil Reais,320280,3109501,Cabo Verde - MG,2023,2023,37,Produto Interno Bruto a preços correntes
6,Município,40,Mil Reais,68105,3109600,Cachoeira da Prata - MG,2023,2023,37,Produto Interno Bruto a preços correntes
6,Município,40,Mil Reais,609745,3109709,Cachoeira de Minas - MG,2023,2023,37,Produto Interno Bruto a preços correntes
6,Município,40,Mil Reais,156900,3109808,Cachoeira Dourada - MG,2023,2023,37,Produto Interno Bruto a preços correntes
6,Município,40,Mil Reais,361894,3109907,Caetanópolis - MG,2023,2023,37,Produto Interno Bruto a preços correntes
6,Município,40,Mil Reais,1004131,3110004,Caeté - MG,2023,2023,37,Produto Interno Bruto a preços correntes
6,Município,40,Mil Reais,103764,3110103,Caiana - MG,2023,2023,37,Produto Interno Bruto a preços correntes
6,Município,40,Mil Reais,128296,3110202,Cajuri - MG,2023,2023,37,Produto Interno Bruto a preços correntes
6,Município,40,Mil Reais,372574,3110301,Caldas - MG,2023,2023,37,Produto Interno Bruto a preços correntes
6,Município,40,Mil Reais,89251,3110400,Camacho - MG,2023,2023,37,Produto Interno Bruto a preços correntes
6,Município,40,Mil Reais,1318310,3110509,Camanducaia - MG,2023,2023,37,Produto Interno Bruto a preços correntes
6,Município,40,Mil Reais,2451443,3110608,Cambuí - MG,2023,2023,37,Produto Interno Bruto a preços correntes
6,Município,40,Mil Reais,455159,3110707,Cambuquira - MG,2023,2023,37,Produto Interno Bruto a preços correntes
6,Município,40,Mil Reais,61167,3110806,Campanário - MG,2023,2023,37,Produto Interno Bruto a preços correntes
6,Município,40,Mil Reais,561947,3110905,Campanha - MG,2023,2023,37,Produto Interno Bruto a preços correntes
6,Município,40,Mil Reais,564549,3111002,Campestre - MG,2023,2023,37,Produto Interno Bruto a preços correntes
6,Município,40,Mil Reais,677668,3111101,Campina Verde - MG,2023,2023,37,Produto Interno Bruto a preços correntes
6,Município,40,Mil Reais,52497,3111150,Campo Azul - MG,2023,2023,37,Produto Interno Bruto a preços correntes
6,Município,40,Mil Reais,1458096,3111200,Campo Belo - MG,2023,2023,37,Produto Interno Bruto a preços correntes
6,Município,40,Mil Reais,244375,3111309,Campo do Meio - MG,2023,2023,37,Produto Interno Bruto a preços correntes
6,Município,40,Mil Reais,1054872,3111408,Campo Florido - MG,2023,2023,37,Produto Interno Bruto a preços correntes
6,Município,40,Mil Reais,524859,3111507,Campos Altos - MG,2023,2023,37,Produto Interno Bruto a preços correntes
6,Município,40,Mil Reais,841150,3111606,Campos Gerais - MG,2023,2023,37,Produto Interno Bruto a preços correntes
6,Município,40,Mil Reais,102039,3111705,Canaã - MG,2023,2023,37,Produto Interno Bruto a preços correntes
6,Município,40,Mil Reais,937761,3111804,Canápolis - MG,2023,2023,37,Produto Interno Bruto a preços correntes
6,Município,40,Mil Reais,95423,3111903,Cana Verde - MG,2023,2023,37,Produto Interno Bruto a preços correntes
6,Município,40,Mil Reais,442692,3112000,Candeias - MG,2023,2023,37,Produto Interno Bruto a preços correntes
6,Município,40,Mil Reais,63289,3112059,Cantagalo - MG,2023,2023,37,Produto Interno Bruto a preços correntes
6,Município,40,Mil Reais,129596,3112109,Caparaó - MG,2023,2023,37,Produto Interno Bruto a preços correntes
6,Município,40,Mil Reais,70184,3112208,Capela Nova - MG,2023,2023,37,Produto Interno Bruto a preços correntes
6,Município,40,Mil Reais,1111827,3112307,Capelinha - MG,2023,2023,37,Produto Interno Bruto a preços correntes
6,Município,40,Mil Reais,233338,3112406,Capetinga - MG,2023,2023,37,Produto Interno Bruto a preços correntes
6,Município,40,Mil Reais,179521,3112505,Capim Branco - MG,2023,2023,37,Produto Interno Bruto a preços correntes
6,Município,40,Mil Reais,861974,3112604,Capinópolis - MG,2023,2023,37,Produto Interno Bruto a preços correntes
6,Município,40,Mil Reais,71144,3112653,Capitão Andrade - MG,2023,2023,37,Produto Interno Bruto a preços correntes
6,Município,40,Mil Reais,580398,3112703,Capitão Enéas - MG,2023,2023,37,Produto Interno Bruto a preços correntes
6,Município,40,Mil Reais,443829,3112802,Capitólio - MG,2023,2023,37,Produto Interno Bruto a preços correntes
6,Município,40,Mil Reais,196872,3112901,Caputira - MG,2023,2023,37,Produto Interno Bruto a preços correntes
6,Município,40,Mil Reais,273823,3113008,Caraí - MG,2023,2023,37,Produto Interno Bruto a preços correntes
6,Município,40,Mil Reais,49306,3113107,Caranaíba - MG,2023,2023,37,Produto Interno Bruto a preços correntes
6,Município,40,Mil Reais,883369,3113206,Carandaí - MG,2023,2023,37,Produto Interno Bruto a preços correntes
6,Município,40,Mil Reais,780303,3113305,Carangola - MG,2023,2023,37,Produto Interno Bruto a preços correntes
6,Município,40,Mil Reais,2871549,3113404,Caratinga - MG,2023,2023,37,Produto Interno Bruto a preços correntes
6,Município,40,Mil Reais,199922,3113503,Carbonita - MG,2023,2023,37,Produto Interno Bruto a preços correntes
6,Município,40,Mil Reais,199576,3113602,Careaçu - MG,2023,2023,37,Produto Interno Bruto a preços correntes
6,Município,40,Mil Reais,629832,3113701,Carlos Chagas - MG,2023,2023,37,Produto Interno Bruto a preços correntes
6,Município,40,Mil Reais,45529,3113800,Carmésia - MG,2023,2023,37,Produto Interno Bruto a preços correntes
6,Município,40,Mil Reais,367738,3113909,Carmo da Cachoeira - MG,2023,2023,37,Produto Interno Bruto a preços correntes
6,Município,40,Mil Reais,315082,3114006,Carmo da Mata - MG,2023,2023,37,Produto Interno Bruto a preços correntes
6,Município,40,Mil Reais,330268,3114105,Carmo de Minas - MG,2023,2023,37,Produto Interno Bruto a preços correntes
6,Município,40,Mil Reais,779793,3114204,Carmo do Cajuru - MG,2023,2023,37,Produto Interno Bruto a preços correntes
6,Município,40,Mil Reais,1195269,3114303,Carmo do Paranaíba - MG,2023,2023,37,Produto Interno Bruto a preços correntes
6,Município,40,Mil Reais,843687,3114402,Carmo do Rio Claro - MG,2023,2023,37,Produto Interno Bruto a preços correntes
6,Município,40,Mil Reais,541381,3114501,Carmópolis de Minas - MG,2023,2023,37,Produto Interno Bruto a preços correntes
6,Município,40,Mil Reais,684512,3114550,Carneirinho - MG,2023,2023,37,Produto Interno Bruto a preços correntes
6,Município,40,Mil Reais,174307,3114600,Carrancas - MG,2023,2023,37,Produto Interno Bruto a preços correntes
6,Município,40,Mil Reais,86224,3114709,Carvalhópolis - MG,2023,2023,37,Produto Interno Bruto a preços correntes
6,Município,40,Mil Reais,103816,3114808,Carvalhos - MG,2023,2023,37,Produto Interno Bruto a preços correntes
6,Município,40,Mil Reais,81954,3114907,Casa Grande - MG,2023,2023,37,Produto Interno Bruto a preços correntes
6,Município,40,Mil Reais,101297,3115003,Cascalho Rico - MG,2023,2023,37,Produto Interno Bruto a preços correntes
6,Município,40,Mil Reais,519892,3115102,Cássia - MG,2023,2023,37,Produto Interno Bruto a preços correntes
6,Município,40,Mil Reais,87501,3115201,Conceição da Barra de Minas - MG,2023,2023,37,Produto Interno Bruto a preços correntes
6,Município,40,Mil Reais,2139616,3115300,Cataguases - MG,2023,2023,37,Produto Interno Bruto a preços correntes
6,Município,40,Mil Reais,1779684,3115359,Catas Altas - MG,2023,2023,37,Produto Interno Bruto a preços correntes
6,Município,40,Mil Reais,51640,3115409,Catas Altas da Noruega - MG,2023,2023,37,Produto Interno Bruto a preços correntes
6,Município,40,Mil Reais,109880,3115458,Catuji - MG,2023,2023,37,Produto Interno Bruto a preços correntes
6,Município,40,Mil Reais,70828,3115474,Catuti - MG,2023,2023,37,Produto Interno Bruto a preços correntes
6,Município,40,Mil Reais,464911,3115508,Caxambu - MG,2023,2023,37,Produto Interno Bruto a preços correntes
6,Município,40,Mil Reais,27975,3115607,Cedro do Abaeté - MG,2023,2023,37,Produto Interno Bruto a preços correntes
6,Município,40,Mil Reais,100034,3115706,Central de Minas - MG,2023,2023,37,Produto Interno Bruto a preços correntes
6,Município,40,Mil Reais,448883,3115805,Centralina - MG,2023,2023,37,Produto Interno Bruto a preços correntes
6,Município,40,Mil Reais,62304,3115904,Chácara - MG,2023,2023,37,Produto Interno Bruto a preços correntes
6,Município,40,Mil Reais,139736,3116001,Chalé - MG,2023,2023,37,Produto Interno Bruto a preços correntes
6,Município,40,Mil Reais,121416,3116100,Chapada do Norte - MG,2023,2023,37,Produto Interno Bruto a preços correntes
6,Município,40,Mil Reais,581137,3116159,Chapada Gaúcha - MG,2023,2023,37,Produto Interno Bruto a preços correntes
6,Município,40,Mil Reais,47110,3116209,Chiador - MG,2023,2023,37,Produto Interno Bruto a preços correntes
6,Município,40,Mil Reais,80891,3116308,Cipotânea - MG,2023,2023,37,Produto Interno Bruto a preços correntes
6,Município,40,Mil Reais,261983,3116407,Claraval - MG,2023,2023,37,Produto Interno Bruto a preços correntes
6,Município,40,Mil Reais,113053,3116506,Claro dos Poções - MG,2023,2023,37,Produto Interno Bruto a preços correntes
6,Município,40,Mil Reais,1426310,3116605,Cláudio - MG,2023,2023,37,Produto Interno Bruto a preços correntes
6,Município,40,Mil Reais,149609,3116704,Coimbra - MG,2023,2023,37,Produto Interno Bruto a preços correntes
6,Município,40,Mil Reais,134748,3116803,Coluna - MG,2023,2023,37,Produto Interno Bruto a preços correntes
6,Município,40,Mil Reais,225390,3116902,Comendador Gomes - MG,2023,2023,37,Produto Interno Bruto a preços correntes
6,Município,40,Mil Reais,84176,3117009,Comercinho - MG,2023,2023,37,Produto Interno Bruto a preços correntes
6,Município,40,Mil Reais,325806,3117108,Conceição da Aparecida - MG,2023,2023,37,Produto Interno Bruto a preços correntes
6,Município,40,Mil Reais,78790,3117207,Conceição das Pedras - MG,2023,2023,37,Produto Interno Bruto a preços correntes
6,Município,40,Mil Reais,1782238,3117306,Conceição das Alagoas - MG,2023,2023,37,Produto Interno Bruto a preços correntes
6,Município,40,Mil Reais,91447,3117405,Conceição de Ipanema - MG,2023,2023,37,Produto Interno Bruto a preços correntes
6,Município,40,Mil Reais,3194401,3117504,Conceição do Mato Dentro - MG,2023,2023,37,Produto Interno Bruto a preços correntes
6,Município,40,Mil Reais,313543,3117603,Conceição do Pará - MG,2023,2023,37,Produto Interno Bruto a preços correntes
6,Município,40,Mil Reais,352054,3117702,Conceição do Rio Verde - MG,2023,2023,37,Produto Interno Bruto a preços correntes
6,Município,40,Mil Reais,308533,3117801,Conceição dos Ouros - MG,2023,2023,37,Produto Interno Bruto a preços correntes
6,Município,40,Mil Reais,78705,3117836,Cônego Marinho - MG,2023,2023,37,Produto Interno Bruto a preços correntes
6,Município,40,Mil Reais,1617017,3117876,Confins - MG,2023,2023,37,Produto Interno Bruto a preços correntes
6,Município,40,Mil Reais,274057,3117900,Congonhal - MG,2023,2023,37,Produto Interno Bruto a preços correntes
6,Município,40,Mil Reais,7693794,3118007,Congonhas - MG,2023,2023,37,Produto Interno Bruto a preços correntes
6,Município,40,Mil Reais,63889,3118106,Congonhas do Norte - MG,2023,2023,37,Produto Interno Bruto a preços correntes
6,Município,40,Mil Reais,671619,3118205,Conquista - MG,2023,2023,37,Produto Interno Bruto a preços correntes
6,Município,40,Mil Reais,3482648,3118304,Conselheiro Lafaiete - MG,2023,2023,37,Produto Interno Bruto a preços correntes
6,Município,40,Mil Reais,500871,3118403,Conselheiro Pena - MG,2023,2023,37,Produto Interno Bruto a preços correntes
6,Município,40,Mil Reais,36259,3118502,Consolação - MG,2023,2023,37,Produto Interno Bruto a preços correntes
6,Município,40,Mil Reais,45092393,3118601,Contagem - MG,2023,2023,37,Produto Interno Bruto a preços correntes
6,Município,40,Mil Reais,279820,3118700,Coqueiral - MG,2023,2023,37,Produto Interno Bruto a preços correntes
6,Município,40,Mil Reais,357956,3118809,Coração de Jesus - MG,2023,2023,37,Produto Interno Bruto a preços correntes
6,Município,40,Mil Reais,164132,3118908,Cordisburgo - MG,2023,2023,37,Produto Interno Bruto a preços correntes
6,Município,40,Mil Reais,131187,3119005,Cordislândia - MG,2023,2023,37,Produto Interno Bruto a preços correntes
6,Município,40,Mil Reais,546844,3119104,Corinto - MG,2023,2023,37,Produto Interno Bruto a preços correntes
6,Município,40,Mil Reais,160041,3119203,Coroaci - MG,2023,2023,37,Produto Interno Bruto a preços correntes
6,Município,40,Mil Reais,2051785,3119302,Coromandel - MG,2023,2023,37,Produto Interno Bruto a preços correntes
6,Município,40,Mil Reais,2387846,3119401,Coronel Fabriciano - MG,2023,2023,37,Produto Interno Bruto a preços correntes
6,Município,40,Mil Reais,116044,3119500,Coronel Murta - MG,2023,2023,37,Produto Interno Bruto a preços correntes
6,Município,40,Mil Reais,72440,3119609,Coronel Pacheco - MG,2023,2023,37,Produto Interno Bruto a preços correntes
6,Município,40,Mil Reais,89841,3119708,Coronel Xavier Chaves - MG,2023,2023,37,Produto Interno Bruto a preços correntes
6,Município,40,Mil Reais,181310,3119807,Córrego Danta - MG,2023,2023,37,Produto Interno Bruto a preços correntes
6,Município,40,Mil Reais,65483,3119906,Córrego do Bom Jesus - MG,2023,2023,37,Produto Interno Bruto a preços correntes
6,Município,40,Mil Reais,508108,3119955,Córrego Fundo - MG,2023,2023,37,Produto Interno Bruto a preços correntes
6,Município,40,Mil Reais,63742,3120003,Córrego Novo - MG,2023,2023,37,Produto Interno Bruto a preços correntes
6,Município,40,Mil Reais,76758,3120102,Couto de Magalhães de Minas - MG,2023,2023,37,Produto Interno Bruto a preços correntes
6,Município,40,Mil Reais,92302,3120151,Crisólita - MG,2023,2023,37,Produto Interno Bruto a preços correntes
6,Município,40,Mil Reais,343069,3120201,Cristais - MG,2023,2023,37,Produto Interno Bruto a preços correntes
6,Município,40,Mil Reais,74447,3120300,Cristália - MG,2023,2023,37,Produto Interno Bruto a preços correntes
6,Município,40,Mil Reais,168668,3120409,Cristiano Otoni - MG,2023,2023,37,Produto Interno Bruto a preços correntes
6,Município,40,Mil Reais,316773,3120508,Cristina - MG,2023,2023,37,Produto Interno Bruto a preços correntes
6,Município,40,Mil Reais,100692,3120607,Crucilândia - MG,2023,2023,37,Produto Interno Bruto a preços correntes
6,Município,40,Mil Reais,183246,3120706,Cruzeiro da Fortaleza - MG,2023,2023,37,Produto Interno Bruto a preços correntes
6,Município,40,Mil Reais,421201,3120805,Cruzília - MG,2023,2023,37,Produto Interno Bruto a preços correntes
6,Município,40,Mil Reais,83623,3120839,Cuparaque - MG,2023,2023,37,Produto Interno Bruto a preços correntes
6,Município,40,Mil Reais,94747,3120870,Curral de Dentro - MG,2023,2023,37,Produto Interno Bruto a preços correntes
6,Município,40,Mil Reais,2706326,3120904,Curvelo - MG,2023,2023,37,Produto Interno Bruto a preços correntes
6,Município,40,Mil Reais,88055,3121001,Datas - MG,2023,2023,37,Produto Interno Bruto a preços correntes
6,Município,40,Mil Reais,141824,3121100,Delfim Moreira - MG,2023,2023,37,Produto Interno Bruto a preços correntes
6,Município,40,Mil Reais,355640,3121209,Delfinópolis - MG,2023,2023,37,Produto Interno Bruto a preços correntes
6,Município,40,Mil Reais,708459,3121258,Delta - MG,2023,2023,37,Produto Interno Bruto a preços correntes
6,Município,40,Mil Reais,116298,3121308,Descoberto - MG,2023,2023,37,Produto Interno Bruto a preços correntes
6,Município,40,Mil Reais,249745,3121407,Desterro de Entre Rios - MG,2023,2023,37,Produto Interno Bruto a preços correntes
6,Município,40,Mil Reais,62041,3121506,Desterro do Melo - MG,2023,2023,37,Produto Interno Bruto a preços correntes
6,Município,40,Mil Reais,1201221,3121605,Diamantina - MG,2023,2023,37,Produto Interno Bruto a preços correntes
6,Município,40,Mil Reais,55355,3121704,Diogo de Vasconcelos - MG,2023,2023,37,Produto Interno Bruto a preços correntes
6,Município,40,Mil Reais,104803,3121803,Dionísio - MG,2023,2023,37,Produto Interno Bruto a preços correntes
6,Município,40,Mil Reais,87003,3121902,Divinésia - MG,2023,2023,37,Produto Interno Bruto a preços correntes
6,Município,40,Mil Reais,442810,3122009,Divino - MG,2023,2023,37,Produto Interno Bruto a preços correntes
6,Município,40,Mil Reais,70321,3122108,Divino das Laranjeiras - MG,2023,2023,37,Produto Interno Bruto a preços correntes
6,Município,40,Mil Reais,91614,3122207,Divinolândia de Minas - MG,2023,2023,37,Produto Interno Bruto a preços correntes
6,Município,40,Mil Reais,9339332,3122306,Divinópolis - MG,2023,2023,37,Produto Interno Bruto a preços correntes
6,Município,40,Mil Reais,216686,3122355,Divisa Alegre - MG,2023,2023,37,Produto Interno Bruto a preços correntes
6,Município,40,Mil Reais,157089,3122405,Divisa Nova - MG,2023,2023,37,Produto Interno Bruto a preços correntes
6,Município,40,Mil Reais,118503,3122454,Divisópolis - MG,2023,2023,37,Produto Interno Bruto a preços correntes
6,Município,40,Mil Reais,85437,3122470,Dom Bosco - MG,2023,2023,37,Produto Interno Bruto a preços correntes
6,Município,40,Mil Reais,85391,3122504,Dom Cavati - MG,2023,2023,37,Produto Interno Bruto a preços correntes
6,Município,40,Mil Reais,81864,3122603,Dom Joaquim - MG,2023,2023,37,Produto Interno Bruto a preços correntes
6,Município,40,Mil Reais,128826,3122702,Dom Silvério - MG,2023,2023,37,Produto Interno Bruto a preços correntes
6,Município,40,Mil Reais,50704,3122801,Dom Viçoso - MG,2023,2023,37,Produto Interno Bruto a preços correntes
6,Município,40,Mil Reais,126627,3122900,Dona Euzébia - MG,2023,2023,37,Produto Interno Bruto a preços correntes
6,Município,40,Mil Reais,485977,3123007,Dores de Campos - MG,2023,2023,37,Produto Interno Bruto a preços correntes
6,Município,40,Mil Reais,190470,3123106,Dores de Guanhães - MG,2023,2023,37,Produto Interno Bruto a preços correntes
6,Município,40,Mil Reais,398845,3123205,Dores do Indaiá - MG,2023,2023,37,Produto Interno Bruto a preços correntes
6,Município,40,Mil Reais,76798,3123304,Dores do Turvo - MG,2023,2023,37,Produto Interno Bruto a preços correntes
6,Município,40,Mil Reais,134727,3123403,Doresópolis - MG,2023,2023,37,Produto Interno Bruto a preços correntes
6,Município,40,Mil Reais,88741,3123502,Douradoquara - MG,2023,2023,37,Produto Interno Bruto a preços correntes
6,Município,40,Mil Reais,154213,3123528,Durandé - MG,2023,2023,37,Produto Interno Bruto a preços correntes
6,Município,40,Mil Reais,948342,3123601,Elói Mendes - MG,2023,2023,37,Produto Interno Bruto a preços correntes
6,Município,40,Mil Reais,188885,3123700,Engenheiro Caldas - MG,2023,2023,37,Produto Interno Bruto a preços correntes
6,Município,40,Mil Reais,116459,3123809,Engenheiro Navarro - MG,2023,2023,37,Produto Interno Bruto a preços correntes
6,Município,40,Mil Reais,82275,3123858,Entre Folhas - MG,2023,2023,37,Produto Interno Bruto a preços correntes
6,Município,40,Mil Reais,417307,3123908,Entre Rios de Minas - MG,2023,2023,37,Produto Interno Bruto a preços correntes
6,Município,40,Mil Reais,576909,3124005,Ervália - MG,2023,2023,37,Produto Interno Bruto a preços correntes
6,Município,40,Mil Reais,1314691,3124104,Esmeraldas - MG,2023,2023,37,Produto Interno Bruto a preços correntes
6,Município,40,Mil Reais,570799,3124203,Espera Feliz - MG,2023,2023,37,Produto Interno Bruto a preços correntes
6,Município,40,Mil Reais,472197,3124302,Espinosa - MG,2023,2023,37,Produto Interno Bruto a preços correntes
6,Município,40,Mil Reais,151056,3124401,Espírito Santo do Dourado - MG,2023,2023,37,Produto Interno Bruto a preços correntes
6,Município,40,Mil Reais,572584,3124500,Estiva - MG,2023,2023,37,Produto Interno Bruto a preços correntes
6,Município,40,Mil Reais,51736,3124609,Estrela Dalva - MG,2023,2023,37,Produto Interno Bruto a preços correntes
6,Município,40,Mil Reais,163896,3124708,Estrela do Indaiá - MG,2023,2023,37,Produto Interno Bruto a preços correntes
6,Município,40,Mil Reais,458303,3124807,Estrela do Sul - MG,2023,2023,37,Produto Interno Bruto a preços correntes
6,Município,40,Mil Reais,243155,3124906,Eugenópolis - MG,2023,2023,37,Produto Interno Bruto a preços correntes
6,Município,40,Mil Reais,71576,3125002,Ewbank da Câmara - MG,2023,2023,37,Produto Interno Bruto a preços correntes
6,Município,40,Mil Reais,20204999,3125101,Extrema - MG,2023,2023,37,Produto Interno Bruto a preços correntes
6,Município,40,Mil Reais,68126,3125200,Fama - MG,2023,2023,37,Produto Interno Bruto a preços correntes
6,Município,40,Mil Reais,79466,3125309,Faria Lemos - MG,2023,2023,37,Produto Interno Bruto a preços correntes
6,Município,40,Mil Reais,90314,3125408,Felício dos Santos - MG,2023,2023,37,Produto Interno Bruto a preços correntes
6,Município,40,Mil Reais,59522,3125507,São Gonçalo do Rio Preto - MG,2023,2023,37,Produto Interno Bruto a preços correntes
6,Município,40,Mil Reais,91368,3125606,Felisburgo - MG,2023,2023,37,Produto Interno Bruto a preços correntes
6,Município,40,Mil Reais,315867,3125705,Felixlândia - MG,2023,2023,37,Produto Interno Bruto a preços correntes
6,Município,40,Mil Reais,55720,3125804,Fernandes Tourinho - MG,2023,2023,37,Produto Interno Bruto a preços correntes
6,Município,40,Mil Reais,163549,3125903,Ferros - MG,2023,2023,37,Produto Interno Bruto a preços correntes
6,Município,40,Mil Reais,184762,3125952,Fervedouro - MG,2023,2023,37,Produto Interno Bruto a preços correntes
6,Município,40,Mil Reais,182909,3126000,Florestal - MG,2023,2023,37,Produto Interno Bruto a preços correntes
6,Município,40,Mil Reais,2969264,3126109,Formiga - MG,2023,2023,37,Produto Interno Bruto a preços correntes
6,Município,40,Mil Reais,536208,3126208,Formoso - MG,2023,2023,37,Produto Interno Bruto a preços correntes
6,Município,40,Mil Reais,98575,3126307,Fortaleza de Minas - MG,2023,2023,37,Produto Interno Bruto a preços correntes
6,Município,40,Mil Reais,70961,3126406,Fortuna de Minas - MG,2023,2023,37,Produto Interno Bruto a preços correntes
6,Município,40,Mil Reais,91212,3126505,Francisco Badaró - MG,2023,2023,37,Produto Interno Bruto a preços correntes
6,Município,40,Mil Reais,106412,3126604,Francisco Dumont - MG,2023,2023,37,Produto Interno Bruto a preços correntes
6,Município,40,Mil Reais,532918,3126703,Francisco Sá - MG,2023,2023,37,Produto Interno Bruto a preços correntes
6,Município,40,Mil Reais,95098,3126752,Franciscópolis - MG,2023,2023,37,Produto Interno Bruto a preços correntes
6,Município,40,Mil Reais,91083,3126802,Frei Gaspar - MG,2023,2023,37,Produto Interno Bruto a preços correntes
6,Município,40,Mil Reais,173509,3126901,Frei Inocêncio - MG,2023,2023,37,Produto Interno Bruto a preços correntes
6,Município,40,Mil Reais,50933,3126950,Frei Lagonegro - MG,2023,2023,37,Produto Interno Bruto a preços correntes
6,Município,40,Mil Reais,1090434,3127008,Fronteira - MG,2023,2023,37,Produto Interno Bruto a preços correntes
6,Município,40,Mil Reais,57796,3127057,Fronteira dos Vales - MG,2023,2023,37,Produto Interno Bruto a preços correntes
6,Município,40,Mil Reais,57437,3127073,Fruta de Leite - MG,2023,2023,37,Produto Interno Bruto a preços correntes
6,Município,40,Mil Reais,4026769,3127107,Frutal - MG,2023,2023,37,Produto Interno Bruto a preços correntes
6,Município,40,Mil Reais,111148,3127206,Funilândia - MG,2023,2023,37,Produto Interno Bruto a preços correntes
6,Município,40,Mil Reais,126802,3127305,Galiléia - MG,2023,2023,37,Produto Interno Bruto a preços correntes
6,Município,40,Mil Reais,74869,3127339,Gameleiras - MG,2023,2023,37,Produto Interno Bruto a preços correntes
6,Município,40,Mil Reais,55390,3127354,Glaucilândia - MG,2023,2023,37,Produto Interno Bruto a preços correntes
6,Município,40,Mil Reais,57042,3127370,Goiabeira - MG,2023,2023,37,Produto Interno Bruto a preços correntes
6,Município,40,Mil Reais,104454,3127388,Goianá - MG,2023,2023,37,Produto Interno Bruto a preços correntes
6,Município,40,Mil Reais,124200,3127404,Gonçalves - MG,2023,2023,37,Produto Interno Bruto a preços correntes
6,Município,40,Mil Reais,92850,3127503,Gonzaga - MG,2023,2023,37,Produto Interno Bruto a preços correntes
6,Município,40,Mil Reais,205957,3127602,Gouveia - MG,2023,2023,37,Produto Interno Bruto a preços correntes
6,Município,40,Mil Reais,8612266,3127701,Governador Valadares - MG,2023,2023,37,Produto Interno Bruto a preços correntes
6,Município,40,Mil Reais,817459,3127800,Grão Mogol - MG,2023,2023,37,Produto Interno Bruto a preços correntes
6,Município,40,Mil Reais,51558,3127909,Grupiara - MG,2023,2023,37,Produto Interno Bruto a preços correntes
6,Município,40,Mil Reais,1284432,3128006,Guanhães - MG,2023,2023,37,Produto Interno Bruto a preços correntes
6,Município,40,Mil Reais,499822,3128105,Guapé - MG,2023,2023,37,Produto Interno Bruto a preços correntes
6,Município,40,Mil Reais,132454,3128204,Guaraciaba - MG,2023,2023,37,Produto Interno Bruto a preços correntes
6,Município,40,Mil Reais,83745,3128253,Guaraciama - MG,2023,2023,37,Produto Interno Bruto a preços correntes
6,Município,40,Mil Reais,811249,3128303,Guaranésia - MG,2023,2023,37,Produto Interno Bruto a preços correntes
6,Município,40,Mil Reais,226180,3128402,Guarani - MG,2023,2023,37,Produto Interno Bruto a preços correntes
6,Município,40,Mil Reais,72283,3128501,Guarará - MG,2023,2023,37,Produto Interno Bruto a preços correntes
6,Município,40,Mil Reais,889875,3128600,Guarda-Mor - MG,2023,2023,37,Produto Interno Bruto a preços correntes
6,Município,40,Mil Reais,2431560,3128709,Guaxupé - MG,2023,2023,37,Produto Interno Bruto a preços correntes
6,Município,40,Mil Reais,134343,3128808,Guidoval - MG,2023,2023,37,Produto Interno Bruto a preços correntes
6,Município,40,Mil Reais,359324,3128907,Guimarânia - MG,2023,2023,37,Produto Interno Bruto a preços correntes
6,Município,40,Mil Reais,135880,3129004,Guiricema - MG,2023,2023,37,Produto Interno Bruto a preços correntes
6,Município,40,Mil Reais,238368,3129103,Gurinhatã - MG,2023,2023,37,Produto Interno Bruto a preços correntes
6,Município,40,Mil Reais,156943,3129202,Heliodora - MG,2023,2023,37,Produto Interno Bruto a preços correntes
6,Município,40,Mil Reais,206569,3129301,Iapu - MG,2023,2023,37,Produto Interno Bruto a preços correntes
6,Município,40,Mil Reais,120875,3129400,Ibertioga - MG,2023,2023,37,Produto Interno Bruto a preços correntes
6,Município,40,Mil Reais,1701475,3129509,Ibiá - MG,2023,2023,37,Produto Interno Bruto a preços correntes
6,Município,40,Mil Reais,123724,3129608,Ibiaí - MG,2023,2023,37,Produto Interno Bruto a preços correntes
6,Município,40,Mil Reais,62188,3129657,Ibiracatu - MG,2023,2023,37,Produto Interno Bruto a preços correntes
6,Município,40,Mil Reais,895829,3129707,Ibiraci - MG,2023,2023,37,Produto Interno Bruto a preços correntes
6,Município,40,Mil Reais,3235632,3129806,Ibirité - MG,2023,2023,37,Produto Interno Bruto a preços correntes
6,Município,40,Mil Reais,75924,3129905,Ibitiúra de Minas - MG,2023,2023,37,Produto Interno Bruto a preços correntes
6,Município,40,Mil Reais,72846,3130002,Ibituruna - MG,2023,2023,37,Produto Interno Bruto a preços correntes
6,Município,40,Mil Reais,126584,3130051,Icaraí de Minas - MG,2023,2023,37,Produto Interno Bruto a preços correntes
6,Município,40,Mil Reais,1401824,3130101,Igarapé - MG,2023,2023,37,Produto Interno Bruto a preços correntes
6,Município,40,Mil Reais,831527,3130200,Igaratinga - MG,2023,2023,37,Produto Interno Bruto a preços correntes
6,Município,40,Mil Reais,569669,3130309,Iguatama - MG,2023,2023,37,Produto Interno Bruto a preços correntes
6,Município,40,Mil Reais,601865,3130408,Ijaci - MG,2023,2023,37,Produto Interno Bruto a preços correntes
6,Município,40,Mil Reais,314565,3130507,Ilicínea - MG,2023,2023,37,Produto Interno Bruto a preços correntes
6,Município,40,Mil Reais,129945,3130556,Imbé de Minas - MG,2023,2023,37,Produto Interno Bruto a preços correntes
6,Município,40,Mil Reais,175313,3130606,Inconfidentes - MG,2023,2023,37,Produto Interno Bruto a preços correntes
6,Município,40,Mil Reais,96825,3130655,Indaiabira - MG,2023,2023,37,Produto Interno Bruto a preços correntes
6,Município,40,Mil Reais,2150117,3130705,Indianópolis - MG,2023,2023,37,Produto Interno Bruto a preços correntes
6,Município,40,Mil Reais,163203,3130804,Ingaí - MG,2023,2023,37,Produto Interno Bruto a preços correntes
6,Município,40,Mil Reais,543260,3130903,Inhapim - MG,2023,2023,37,Produto Interno Bruto a preços correntes
6,Município,40,Mil Reais,157760,3131000,Inhaúma - MG,2023,2023,37,Produto Interno Bruto a preços correntes
6,Município,40,Mil Reais,109322,3131109,Inimutaba - MG,2023,2023,37,Produto Interno Bruto a preços correntes
6,Município,40,Mil Reais,225485,3131158,Ipaba - MG,2023,2023,37,Produto Interno Bruto a preços correntes
6,Município,40,Mil Reais,423411,3131208,Ipanema - MG,2023,2023,37,Produto Interno Bruto a preços correntes
6,Município,40,Mil Reais,16870239,3131307,Ipatinga - MG,2023,2023,37,Produto Interno Bruto a preços correntes
6,Município,40,Mil Reais,230521,3131406,Ipiaçu - MG,2023,2023,37,Produto Interno Bruto a preços correntes
6,Município,40,Mil Reais,223413,3131505,Ipuiúna - MG,2023,2023,37,Produto Interno Bruto a preços correntes
6,Município,40,Mil Reais,455214,3131604,Iraí de Minas - MG,2023,2023,37,Produto Interno Bruto a preços correntes
6,Município,40,Mil Reais,7434200,3131703,Itabira - MG,2023,2023,37,Produto Interno Bruto a preços correntes
6,Município,40,Mil Reais,182487,3131802,Itabirinha - MG,2023,2023,37,Produto Interno Bruto a preços correntes
6,Município,40,Mil Reais,7160444,3131901,Itabirito - MG,2023,2023,37,Produto Interno Bruto a preços correntes
6,Município,40,Mil Reais,72423,3132008,Itacambira - MG,2023,2023,37,Produto Interno Bruto a preços correntes
6,Município,40,Mil Reais,292850,3132107,Itacarambi - MG,2023,2023,37,Produto Interno Bruto a preços correntes
6,Município,40,Mil Reais,466010,3132206,Itaguara - MG,2023,2023,37,Produto Interno Bruto a preços correntes
6,Município,40,Mil Reais,143639,3132305,Itaipé - MG,2023,2023,37,Produto Interno Bruto a preços correntes
6,Município,40,Mil Reais,4497959,3132404,Itajubá - MG,2023,2023,37,Produto Interno Bruto a preços correntes
6,Município,40,Mil Reais,669900,3132503,Itamarandiba - MG,2023,2023,37,Produto Interno Bruto a preços correntes
6,Município,40,Mil Reais,73660,3132602,Itamarati de Minas - MG,2023,2023,37,Produto Interno Bruto a preços correntes
6,Município,40,Mil Reais,415055,3132701,Itambacuri - MG,2023,2023,37,Produto Interno Bruto a preços correntes
6,Município,40,Mil Reais,43138,3132800,Itambé do Mato Dentro - MG,2023,2023,37,Produto Interno Bruto a preços correntes
6,Município,40,Mil Reais,348467,3132909,Itamogi - MG,2023,2023,37,Produto Interno Bruto a preços correntes
6,Município,40,Mil Reais,1087903,3133006,Itamonte - MG,2023,2023,37,Produto Interno Bruto a preços correntes
6,Município,40,Mil Reais,649276,3133105,Itanhandu - MG,2023,2023,37,Produto Interno Bruto a preços correntes
6,Município,40,Mil Reais,178778,3133204,Itanhomi - MG,2023,2023,37,Produto Interno Bruto a preços correntes
6,Município,40,Mil Reais,375952,3133303,Itaobim - MG,2023,2023,37,Produto Interno Bruto a preços correntes
6,Município,40,Mil Reais,714872,3133402,Itapagipe - MG,2023,2023,37,Produto Interno Bruto a preços correntes
6,Município,40,Mil Reais,665952,3133501,Itapecerica - MG,2023,2023,37,Produto Interno Bruto a preços correntes
6,Município,40,Mil Reais,1698907,3133600,Itapeva - MG,2023,2023,37,Produto Interno Bruto a preços correntes
6,Município,40,Mil Reais,2434575,3133709,Itatiaiuçu - MG,2023,2023,37,Produto Interno Bruto a preços correntes
6,Município,40,Mil Reais,899163,3133758,Itaú de Minas - MG,2023,2023,37,Produto Interno Bruto a preços correntes
6,Município,40,Mil Reais,4975969,3133808,Itaúna - MG,2023,2023,37,Produto Interno Bruto a preços correntes
6,Município,40,Mil Reais,83986,3133907,Itaverava - MG,2023,2023,37,Produto Interno Bruto a preços correntes
6,Município,40,Mil Reais,283613,3134004,Itinga - MG,2023,2023,37,Produto Interno Bruto a preços correntes
6,Município,40,Mil Reais,163923,3134103,Itueta - MG,2023,2023,37,Produto Interno Bruto a preços correntes
6,Município,40,Mil Reais,4975265,3134202,Ituiutaba - MG,2023,2023,37,Produto Interno Bruto a preços correntes
6,Município,40,Mil Reais,110967,3134301,Itumirim - MG,2023,2023,37,Produto Interno Bruto a preços correntes
6,Município,40,Mil Reais,2864935,3134400,Iturama - MG,2023,2023,37,Produto Interno Bruto a preços correntes
6,Município,40,Mil Reais,221742,3134509,Itutinga - MG,2023,2023,37,Produto Interno Bruto a preços correntes
6,Município,40,Mil Reais,373789,3134608,Jaboticatubas - MG,2023,2023,37,Produto Interno Bruto a preços correntes
6,Município,40,Mil Reais,159690,3134707,Jacinto - MG,2023,2023,37,Produto Interno Bruto a preços correntes
6,Município,40,Mil Reais,186299,3134806,Jacuí - MG,2023,2023,37,Produto Interno Bruto a preços correntes
6,Município,40,Mil Reais,1708890,3134905,Jacutinga - MG,2023,2023,37,Produto Interno Bruto a preços correntes
6,Município,40,Mil Reais,157329,3135001,Jaguaraçu - MG,2023,2023,37,Produto Interno Bruto a preços correntes
6,Município,40,Mil Reais,969914,3135050,Jaíba - MG,2023,2023,37,Produto Interno Bruto a preços correntes
6,Município,40,Mil Reais,84853,3135076,Jampruca - MG,2023,2023,37,Produto Interno Bruto a preços correntes
6,Município,40,Mil Reais,1965161,3135100,Janaúba - MG,2023,2023,37,Produto Interno Bruto a preços correntes
6,Município,40,Mil Reais,1040489,3135209,Januária - MG,2023,2023,37,Produto Interno Bruto a preços correntes
6,Município,40,Mil Reais,126375,3135308,Japaraíba - MG,2023,2023,37,Produto Interno Bruto a preços correntes
6,Município,40,Mil Reais,100136,3135357,Japonvar - MG,2023,2023,37,Produto Interno Bruto a preços correntes
6,Município,40,Mil Reais,1689755,3135407,Jeceaba - MG,2023,2023,37,Produto Interno Bruto a preços correntes
6,Município,40,Mil Reais,87874,3135456,Jenipapo de Minas - MG,2023,2023,37,Produto Interno Bruto a preços correntes
6,Município,40,Mil Reais,245642,3135506,Jequeri - MG,2023,2023,37,Produto Interno Bruto a preços correntes
6,Município,40,Mil Reais,157284,3135605,Jequitaí - MG,2023,2023,37,Produto Interno Bruto a preços correntes
6,Município,40,Mil Reais,161753,3135704,Jequitibá - MG,2023,2023,37,Produto Interno Bruto a preços correntes
6,Município,40,Mil Reais,383948,3135803,Jequitinhonha - MG,2023,2023,37,Produto Interno Bruto a preços correntes
6,Município,40,Mil Reais,113093,3135902,Jesuânia - MG,2023,2023,37,Produto Interno Bruto a preços correntes
6,Município,40,Mil Reais,211126,3136009,Joaíma - MG,2023,2023,37,Produto Interno Bruto a preços correntes
6,Município,40,Mil Reais,120064,3136108,Joanésia - MG,2023,2023,37,Produto Interno Bruto a preços correntes
6,Município,40,Mil Reais,4286349,3136207,João Monlevade - MG,2023,2023,37,Produto Interno Bruto a preços correntes
6,Município,40,Mil Reais,2562732,3136306,João Pinheiro - MG,2023,2023,37,Produto Interno Bruto a preços correntes
6,Município,40,Mil Reais,83620,3136405,Joaquim Felício - MG,2023,2023,37,Produto Interno Bruto a preços correntes
6,Município,40,Mil Reais,129429,3136504,Jordânia - MG,2023,2023,37,Produto Interno Bruto a preços correntes
6,Município,40,Mil Reais,62251,3136520,José Gonçalves de Minas - MG,2023,2023,37,Produto Interno Bruto a preços correntes
6,Município,40,Mil Reais,113810,3136553,José Raydan - MG,2023,2023,37,Produto Interno Bruto a preços correntes
6,Município,40,Mil Reais,59635,3136579,Josenópolis - MG,2023,2023,37,Produto Interno Bruto a preços correntes
6,Município,40,Mil Reais,147089,3136603,Nova União - MG,2023,2023,37,Produto Interno Bruto a preços correntes
6,Município,40,Mil Reais,2124349,3136652,Juatuba - MG,2023,2023,37,Produto Interno Bruto a preços correntes
6,Município,40,Mil Reais,23271627,3136702,Juiz de Fora - MG,2023,2023,37,Produto Interno Bruto a preços correntes
6,Município,40,Mil Reais,63719,3136801,Juramento - MG,2023,2023,37,Produto Interno Bruto a preços correntes
6,Município,40,Mil Reais,303328,3136900,Juruaia - MG,2023,2023,37,Produto Interno Bruto a preços correntes
6,Município,40,Mil Reais,89871,3136959,Juvenília - MG,2023,2023,37,Produto Interno Bruto a preços correntes
6,Município,40,Mil Reais,168094,3137007,Ladainha - MG,2023,2023,37,Produto Interno Bruto a preços correntes
6,Município,40,Mil Reais,265409,3137106,Lagamar - MG,2023,2023,37,Produto Interno Bruto a preços correntes
6,Município,40,Mil Reais,2471545,3137205,Lagoa da Prata - MG,2023,2023,37,Produto Interno Bruto a preços correntes
6,Município,40,Mil Reais,65868,3137304,Lagoa dos Patos - MG,2023,2023,37,Produto Interno Bruto a preços correntes
6,Município,40,Mil Reais,376999,3137403,Lagoa Dourada - MG,2023,2023,37,Produto Interno Bruto a preços correntes
6,Município,40,Mil Reais,713683,3137502,Lagoa Formosa - MG,2023,2023,37,Produto Interno Bruto a preços correntes
6,Município,40,Mil Reais,312254,3137536,Lagoa Grande - MG,2023,2023,37,Produto Interno Bruto a preços correntes
6,Município,40,Mil Reais,2825380,3137601,Lagoa Santa - MG,2023,2023,37,Produto Interno Bruto a preços correntes
6,Município,40,Mil Reais,508139,3137700,Lajinha - MG,2023,2023,37,Produto Interno Bruto a preços correntes
6,Município,40,Mil Reais,538928,3137809,Lambari - MG,2023,2023,37,Produto Interno Bruto a preços correntes
6,Município,40,Mil Reais,66918,3137908,Lamim - MG,2023,2023,37,Produto Interno Bruto a preços correntes
6,Município,40,Mil Reais,116195,3138005,Laranjal - MG,2023,2023,37,Produto Interno Bruto a preços correntes
6,Município,40,Mil Reais,231342,3138104,Lassance - MG,2023,2023,37,Produto Interno Bruto a preços correntes
6,Município,40,Mil Reais,3916682,3138203,Lavras - MG,2023,2023,37,Produto Interno Bruto a preços correntes
6,Município,40,Mil Reais,67066,3138302,Leandro Ferreira - MG,2023,2023,37,Produto Interno Bruto a preços correntes
6,Município,40,Mil Reais,73646,3138351,Leme do Prado - MG,2023,2023,37,Produto Interno Bruto a preços correntes
6,Município,40,Mil Reais,1344583,3138401,Leopoldina - MG,2023,2023,37,Produto Interno Bruto a preços correntes
6,Município,40,Mil Reais,117803,3138500,Liberdade - MG,2023,2023,37,Produto Interno Bruto a preços correntes
6,Município,40,Mil Reais,432497,3138609,Lima Duarte - MG,2023,2023,37,Produto Interno Bruto a preços correntes
6,Município,40,Mil Reais,775261,3138625,Limeira do Oeste - MG,2023,2023,37,Produto Interno Bruto a preços correntes
6,Município,40,Mil Reais,110763,3138658,Lontra - MG,2023,2023,37,Produto Interno Bruto a preços correntes
6,Município,40,Mil Reais,155370,3138674,Luisburgo - MG,2023,2023,37,Produto Interno Bruto a preços correntes
6,Município,40,Mil Reais,82468,3138682,Luislândia - MG,2023,2023,37,Produto Interno Bruto a preços correntes
6,Município,40,Mil Reais,166134,3138708,Luminárias - MG,2023,2023,37,Produto Interno Bruto a preços correntes
6,Município,40,Mil Reais,863686,3138807,Luz - MG,2023,2023,37,Produto Interno Bruto a preços correntes
6,Município,40,Mil Reais,136850,3138906,Machacalis - MG,2023,2023,37,Produto Interno Bruto a preços correntes
6,Município,40,Mil Reais,1406358,3139003,Machado - MG,2023,2023,37,Produto Interno Bruto a preços correntes
6,Município,40,Mil Reais,408511,3139102,Madre de Deus de Minas - MG,2023,2023,37,Produto Interno Bruto a preços correntes
6,Município,40,Mil Reais,272762,3139201,Malacacheta - MG,2023,2023,37,Produto Interno Bruto a preços correntes
6,Município,40,Mil Reais,79983,3139250,Mamonas - MG,2023,2023,37,Produto Interno Bruto a preços correntes
6,Município,40,Mil Reais,315779,3139300,Manga - MG,2023,2023,37,Produto Interno Bruto a preços correntes
6,Município,40,Mil Reais,3710638,3139409,Manhuaçu - MG,2023,2023,37,Produto Interno Bruto a preços correntes
6,Município,40,Mil Reais,587887,3139508,Manhumirim - MG,2023,2023,37,Produto Interno Bruto a preços correntes
6,Município,40,Mil Reais,610897,3139607,Mantena - MG,2023,2023,37,Produto Interno Bruto a preços correntes
6,Município,40,Mil Reais,243502,3139706,Maravilhas - MG,2023,2023,37,Produto Interno Bruto a preços correntes
6,Município,40,Mil Reais,288911,3139805,Mar de Espanha - MG,2023,2023,37,Produto Interno Bruto a preços correntes
6,Município,40,Mil Reais,273430,3139904,Maria da Fé - MG,2023,2023,37,Produto Interno Bruto a preços correntes
6,Município,40,Mil Reais,4656946,3140001,Mariana - MG,2023,2023,37,Produto Interno Bruto a preços correntes
6,Município,40,Mil Reais,75214,3140100,Marilac - MG,2023,2023,37,Produto Interno Bruto a preços correntes
6,Município,40,Mil Reais,240477,3140159,Mário Campos - MG,2023,2023,37,Produto Interno Bruto a preços correntes
6,Município,40,Mil Reais,111015,3140209,Maripá de Minas - MG,2023,2023,37,Produto Interno Bruto a preços correntes
6,Município,40,Mil Reais,67779,3140308,Marliéria - MG,2023,2023,37,Produto Interno Bruto a preços correntes
6,Município,40,Mil Reais,61730,3140407,Marmelópolis - MG,2023,2023,37,Produto Interno Bruto a preços correntes
6,Município,40,Mil Reais,584258,3140506,Martinho Campos - MG,2023,2023,37,Produto Interno Bruto a preços correntes
6,Município,40,Mil Reais,298805,3140530,Martins Soares - MG,2023,2023,37,Produto Interno Bruto a preços correntes
6,Município,40,Mil Reais,112644,3140555,Mata Verde - MG,2023,2023,37,Produto Interno Bruto a preços correntes
6,Município,40,Mil Reais,76740,3140605,Materlândia - MG,2023,2023,37,Produto Interno Bruto a preços correntes
6,Município,40,Mil Reais,1095994,3140704,Mateus Leme - MG,2023,2023,37,Produto Interno Bruto a preços correntes
6,Município,40,Mil Reais,879159,3140803,Matias Barbosa - MG,2023,2023,37,Produto Interno Bruto a preços correntes
6,Município,40,Mil Reais,200579,3140852,Matias Cardoso - MG,2023,2023,37,Produto Interno Bruto a preços correntes
6,Município,40,Mil Reais,482096,3140902,Matipó - MG,2023,2023,37,Produto Interno Bruto a preços correntes
6,Município,40,Mil Reais,229089,3141009,Mato Verde - MG,2023,2023,37,Produto Interno Bruto a preços correntes
6,Município,40,Mil Reais,1895426,3141108,Matozinhos - MG,2023,2023,37,Produto Interno Bruto a preços correntes
6,Município,40,Mil Reais,128623,3141207,Matutina - MG,2023,2023,37,Produto Interno Bruto a preços correntes
6,Município,40,Mil Reais,273185,3141306,Medeiros - MG,2023,2023,37,Produto Interno Bruto a preços correntes
6,Município,40,Mil Reais,330715,3141405,Medina - MG,2023,2023,37,Produto Interno Bruto a preços correntes
6,Município,40,Mil Reais,98141,3141504,Mendes Pimentel - MG,2023,2023,37,Produto Interno Bruto a preços correntes
6,Município,40,Mil Reais,189388,3141603,Mercês - MG,2023,2023,37,Produto Interno Bruto a preços correntes
6,Município,40,Mil Reais,73562,3141702,Mesquita - MG,2023,2023,37,Produto Interno Bruto a preços correntes
6,Município,40,Mil Reais,412128,3141801,Minas Novas - MG,2023,2023,37,Produto Interno Bruto a preços correntes
6,Município,40,Mil Reais,199019,3141900,Minduri - MG,2023,2023,37,Produto Interno Bruto a preços correntes
6,Município,40,Mil Reais,193762,3142007,Mirabela - MG,2023,2023,37,Produto Interno Bruto a preços correntes
6,Município,40,Mil Reais,206069,3142106,Miradouro - MG,2023,2023,37,Produto Interno Bruto a preços correntes
6,Município,40,Mil Reais,368817,3142205,Miraí - MG,2023,2023,37,Produto Interno Bruto a preços correntes
6,Município,40,Mil Reais,57919,3142254,Miravânia - MG,2023,2023,37,Produto Interno Bruto a preços correntes
6,Município,40,Mil Reais,104132,3142304,Moeda - MG,2023,2023,37,Produto Interno Bruto a preços correntes
6,Município,40,Mil Reais,160124,3142403,Moema - MG,2023,2023,37,Produto Interno Bruto a preços correntes
6,Município,40,Mil Reais,41815,3142502,Monjolos - MG,2023,2023,37,Produto Interno Bruto a preços correntes
6,Município,40,Mil Reais,280175,3142601,Monsenhor Paulo - MG,2023,2023,37,Produto Interno Bruto a preços correntes
6,Município,40,Mil Reais,206964,3142700,Montalvânia - MG,2023,2023,37,Produto Interno Bruto a preços correntes
6,Município,40,Mil Reais,903721,3142809,Monte Alegre de Minas - MG,2023,2023,37,Produto Interno Bruto a preços correntes
6,Município,40,Mil Reais,325958,3142908,Monte Azul - MG,2023,2023,37,Produto Interno Bruto a preços correntes
6,Município,40,Mil Reais,486081,3143005,Monte Belo - MG,2023,2023,37,Produto Interno Bruto a preços correntes
6,Município,40,Mil Reais,1957161,3143104,Monte Carmelo - MG,2023,2023,37,Produto Interno Bruto a preços correntes
6,Município,40,Mil Reais,52678,3143153,Monte Formoso - MG,2023,2023,37,Produto Interno Bruto a preços correntes
6,Município,40,Mil Reais,632535,3143203,Monte Santo de Minas - MG,2023,2023,37,Produto Interno Bruto a preços correntes
6,Município,40,Mil Reais,13326239,3143302,Montes Claros - MG,2023,2023,37,Produto Interno Bruto a preços correntes
6,Município,40,Mil Reais,723678,3143401,Monte Sião - MG,2023,2023,37,Produto Interno Bruto a preços correntes
6,Município,40,Mil Reais,104692,3143450,Montezuma - MG,2023,2023,37,Produto Interno Bruto a preços correntes
6,Município,40,Mil Reais,570683,3143500,Morada Nova de Minas - MG,2023,2023,37,Produto Interno Bruto a preços correntes
6,Município,40,Mil Reais,62850,3143609,Morro da Garça - MG,2023,2023,37,Produto Interno Bruto a preços correntes
6,Município,40,Mil Reais,56083,3143708,Morro do Pilar - MG,2023,2023,37,Produto Interno Bruto a preços correntes
6,Município,40,Mil Reais,159929,3143807,Munhoz - MG,2023,2023,37,Produto Interno Bruto a preços correntes
6,Município,40,Mil Reais,3211391,3143906,Muriaé - MG,2023,2023,37,Produto Interno Bruto a preços correntes
6,Município,40,Mil Reais,662869,3144003,Mutum - MG,2023,2023,37,Produto Interno Bruto a preços correntes
6,Município,40,Mil Reais,742833,3144102,Muzambinho - MG,2023,2023,37,Produto Interno Bruto a preços correntes
6,Município,40,Mil Reais,40636,3144201,Nacip Raydan - MG,2023,2023,37,Produto Interno Bruto a preços correntes
6,Município,40,Mil Reais,1074889,3144300,Nanuque - MG,2023,2023,37,Produto Interno Bruto a preços correntes
6,Município,40,Mil Reais,108081,3144359,Naque - MG,2023,2023,37,Produto Interno Bruto a preços correntes
6,Município,40,Mil Reais,92799,3144375,Natalândia - MG,2023,2023,37,Produto Interno Bruto a preços correntes
6,Município,40,Mil Reais,133965,3144409,Natércia - MG,2023,2023,37,Produto Interno Bruto a preços correntes
6,Município,40,Mil Reais,826959,3144508,Nazareno - MG,2023,2023,37,Produto Interno Bruto a preços correntes
6,Município,40,Mil Reais,757417,3144607,Nepomuceno - MG,2023,2023,37,Produto Interno Bruto a preços correntes
6,Município,40,Mil Reais,166816,3144656,Ninheira - MG,2023,2023,37,Produto Interno Bruto a preços correntes
6,Município,40,Mil Reais,133538,3144672,Nova Belém - MG,2023,2023,37,Produto Interno Bruto a preços correntes
6,Município,40,Mil Reais,480775,3144706,Nova Era - MG,2023,2023,37,Produto Interno Bruto a preços correntes
6,Município,40,Mil Reais,12447551,3144805,Nova Lima - MG,2023,2023,37,Produto Interno Bruto a preços correntes
6,Município,40,Mil Reais,71916,3144904,Nova Módica - MG,2023,2023,37,Produto Interno Bruto a preços correntes
6,Município,40,Mil Reais,1581648,3145000,Nova Ponte - MG,2023,2023,37,Produto Interno Bruto a preços correntes
6,Município,40,Mil Reais,158901,3145059,Nova Porteirinha - MG,2023,2023,37,Produto Interno Bruto a preços correntes
6,Município,40,Mil Reais,492956,3145109,Nova Resende - MG,2023,2023,37,Produto Interno Bruto a preços correntes
6,Município,40,Mil Reais,3936358,3145208,Nova Serrana - MG,2023,2023,37,Produto Interno Bruto a preços correntes
6,Município,40,Mil Reais,416700,3145307,Novo Cruzeiro - MG,2023,2023,37,Produto Interno Bruto a preços correntes
6,Município,40,Mil Reais,150989,3145356,Novo Oriente de Minas - MG,2023,2023,37,Produto Interno Bruto a preços correntes
6,Município,40,Mil Reais,92594,3145372,Novorizonte - MG,2023,2023,37,Produto Interno Bruto a preços correntes
6,Município,40,Mil Reais,44676,3145406,Olaria - MG,2023,2023,37,Produto Interno Bruto a preços correntes
6,Município,40,Mil Reais,204857,3145455,Olhos-d'Água - MG,2023,2023,37,Produto Interno Bruto a preços correntes
6,Município,40,Mil Reais,55156,3145505,Olímpio Noronha - MG,2023,2023,37,Produto Interno Bruto a preços correntes
6,Município,40,Mil Reais,1463237,3145604,Oliveira - MG,2023,2023,37,Produto Interno Bruto a preços correntes
6,Município,40,Mil Reais,44412,3145703,Oliveira Fortes - MG,2023,2023,37,Produto Interno Bruto a preços correntes
6,Município,40,Mil Reais,82367,3145802,Onça de Pitangui - MG,2023,2023,37,Produto Interno Bruto a preços correntes
6,Município,40,Mil Reais,84109,3145851,Oratórios - MG,2023,2023,37,Produto Interno Bruto a preços correntes
6,Município,40,Mil Reais,146988,3145877,Orizânia - MG,2023,2023,37,Produto Interno Bruto a preços correntes
6,Município,40,Mil Reais,4310767,3145901,Ouro Branco - MG,2023,2023,37,Produto Interno Bruto a preços correntes
6,Município,40,Mil Reais,1223791,3146008,Ouro Fino - MG,2023,2023,37,Produto Interno Bruto a preços correntes
6,Município,40,Mil Reais,6765810,3146107,Ouro Preto - MG,2023,2023,37,Produto Interno Bruto a preços correntes
6,Município,40,Mil Reais,87363,3146206,Ouro Verde de Minas - MG,2023,2023,37,Produto Interno Bruto a preços correntes
6,Município,40,Mil Reais,68448,3146255,Padre Carvalho - MG,2023,2023,37,Produto Interno Bruto a preços correntes
6,Município,40,Mil Reais,254681,3146305,Padre Paraíso - MG,2023,2023,37,Produto Interno Bruto a preços correntes
6,Município,40,Mil Reais,98947,3146404,Paineiras - MG,2023,2023,37,Produto Interno Bruto a preços correntes
6,Município,40,Mil Reais,676496,3146503,Pains - MG,2023,2023,37,Produto Interno Bruto a preços correntes
6,Município,40,Mil Reais,73623,3146552,Pai Pedro - MG,2023,2023,37,Produto Interno Bruto a preços correntes
6,Município,40,Mil Reais,33859,3146602,Paiva - MG,2023,2023,37,Produto Interno Bruto a preços correntes
6,Município,40,Mil Reais,114459,3146701,Palma - MG,2023,2023,37,Produto Interno Bruto a preços correntes
6,Município,40,Mil Reais,82988,3146750,Palmópolis - MG,2023,2023,37,Produto Interno Bruto a preços correntes
6,Município,40,Mil Reais,378421,3146909,Papagaios - MG,2023,2023,37,Produto Interno Bruto a preços correntes
6,Município,40,Mil Reais,6798922,3147006,Paracatu - MG,2023,2023,37,Produto Interno Bruto a preços correntes
6,Município,40,Mil Reais,5161430,3147105,Pará de Minas - MG,2023,2023,37,Produto Interno Bruto a preços correntes
6,Município,40,Mil Reais,801200,3147204,Paraguaçu - MG,2023,2023,37,Produto Interno Bruto a preços correntes
6,Município,40,Mil Reais,769516,3147303,Paraisópolis - MG,2023,2023,37,Produto Interno Bruto a preços correntes
6,Município,40,Mil Reais,1108133,3147402,Paraopeba - MG,2023,2023,37,Produto Interno Bruto a preços correntes
6,Município,40,Mil Reais,30002,3147501,Passabém - MG,2023,2023,37,Produto Interno Bruto a preços correntes
6,Município,40,Mil Reais,739447,3147600,Passa Quatro - MG,2023,2023,37,Produto Interno Bruto a preços correntes
6,Município,40,Mil Reais,310555,3147709,Passa Tempo - MG,2023,2023,37,Produto Interno Bruto a preços correntes
6,Município,40,Mil Reais,47565,3147808,Passa Vinte - MG,2023,2023,37,Produto Interno Bruto a preços correntes
6,Município,40,Mil Reais,4080106,3147907,Passos - MG,2023,2023,37,Produto Interno Bruto a preços correntes
6,Município,40,Mil Reais,61642,3147956,Patis - MG,2023,2023,37,Produto Interno Bruto a preços correntes
6,Município,40,Mil Reais,8151369,3148004,Patos de Minas - MG,2023,2023,37,Produto Interno Bruto a preços correntes
6,Município,40,Mil Reais,4895785,3148103,Patrocínio - MG,2023,2023,37,Produto Interno Bruto a preços correntes
6,Município,40,Mil Reais,152118,3148202,Patrocínio do Muriaé - MG,2023,2023,37,Produto Interno Bruto a preços correntes
6,Município,40,Mil Reais,143373,3148301,Paula Cândido - MG,2023,2023,37,Produto Interno Bruto a preços correntes
6,Município,40,Mil Reais,80481,3148400,Paulistas - MG,2023,2023,37,Produto Interno Bruto a preços correntes
6,Município,40,Mil Reais,111033,3148509,Pavão - MG,2023,2023,37,Produto Interno Bruto a preços correntes
6,Município,40,Mil Reais,293485,3148608,Peçanha - MG,2023,2023,37,Produto Interno Bruto a preços correntes
6,Município,40,Mil Reais,428870,3148707,Pedra Azul - MG,2023,2023,37,Produto Interno Bruto a preços correntes
6,Município,40,Mil Reais,124988,3148756,Pedra Bonita - MG,2023,2023,37,Produto Interno Bruto a preços correntes
6,Município,40,Mil Reais,65218,3148806,Pedra do Anta - MG,2023,2023,37,Produto Interno Bruto a preços correntes
6,Município,40,Mil Reais,133810,3148905,Pedra do Indaiá - MG,2023,2023,37,Produto Interno Bruto a preços correntes
6,Município,40,Mil Reais,65492,3149002,Pedra Dourada - MG,2023,2023,37,Produto Interno Bruto a preços correntes
6,Município,40,Mil Reais,221497,3149101,Pedralva - MG,2023,2023,37,Produto Interno Bruto a preços correntes
6,Município,40,Mil Reais,132256,3149150,Pedras de Maria da Cruz - MG,2023,2023,37,Produto Interno Bruto a preços correntes
6,Município,40,Mil Reais,333527,3149200,Pedrinópolis - MG,2023,2023,37,Produto Interno Bruto a preços correntes
6,Município,40,Mil Reais,2514377,3149309,Pedro Leopoldo - MG,2023,2023,37,Produto Interno Bruto a preços correntes
6,Município,40,Mil Reais,37357,3149408,Pedro Teixeira - MG,2023,2023,37,Produto Interno Bruto a preços correntes
6,Município,40,Mil Reais,78666,3149507,Pequeri - MG,2023,2023,37,Produto Interno Bruto a preços correntes
6,Município,40,Mil Reais,103925,3149606,Pequi - MG,2023,2023,37,Produto Interno Bruto a preços correntes
6,Município,40,Mil Reais,378766,3149705,Perdigão - MG,2023,2023,37,Produto Interno Bruto a preços correntes
6,Município,40,Mil Reais,2577884,3149804,Perdizes - MG,2023,2023,37,Produto Interno Bruto a preços correntes
6,Município,40,Mil Reais,811684,3149903,Perdões - MG,2023,2023,37,Produto Interno Bruto a preços correntes
6,Município,40,Mil Reais,119988,3149952,Periquito - MG,2023,2023,37,Produto Interno Bruto a preços correntes
6,Município,40,Mil Reais,57197,3150000,Pescador - MG,2023,2023,37,Produto Interno Bruto a preços correntes
6,Município,40,Mil Reais,114475,3150109,Piau - MG,2023,2023,37,Produto Interno Bruto a preços correntes
6,Município,40,Mil Reais,214395,3150158,Piedade de Caratinga - MG,2023,2023,37,Produto Interno Bruto a preços correntes
6,Município,40,Mil Reais,76207,3150208,Piedade de Ponte Nova - MG,2023,2023,37,Produto Interno Bruto a preços correntes
6,Município,40,Mil Reais,135158,3150307,Piedade do Rio Grande - MG,2023,2023,37,Produto Interno Bruto a preços correntes
6,Município,40,Mil Reais,128442,3150406,Piedade dos Gerais - MG,2023,2023,37,Produto Interno Bruto a preços correntes
6,Município,40,Mil Reais,314466,3150505,Pimenta - MG,2023,2023,37,Produto Interno Bruto a preços correntes
6,Município,40,Mil Reais,70142,3150539,Pingo-d'Água - MG,2023,2023,37,Produto Interno Bruto a preços correntes
6,Município,40,Mil Reais,94230,3150570,Pintópolis - MG,2023,2023,37,Produto Interno Bruto a preços correntes
6,Município,40,Mil Reais,248565,3150604,Piracema - MG,2023,2023,37,Produto Interno Bruto a preços correntes
6,Município,40,Mil Reais,639003,3150703,Pirajuba - MG,2023,2023,37,Produto Interno Bruto a preços correntes
6,Município,40,Mil Reais,253176,3150802,Piranga - MG,2023,2023,37,Produto Interno Bruto a preços correntes
6,Município,40,Mil Reais,118615,3150901,Piranguçu - MG,2023,2023,37,Produto Interno Bruto a preços correntes
6,Município,40,Mil Reais,171573,3151008,Piranguinho - MG,2023,2023,37,Produto Interno Bruto a preços correntes
6,Município,40,Mil Reais,707928,3151107,Pirapetinga - MG,2023,2023,37,Produto Interno Bruto a preços correntes
6,Município,40,Mil Reais,3361259,3151206,Pirapora - MG,2023,2023,37,Produto Interno Bruto a preços correntes
6,Município,40,Mil Reais,246401,3151305,Piraúba - MG,2023,2023,37,Produto Interno Bruto a preços correntes
6,Município,40,Mil Reais,702867,3151404,Pitangui - MG,2023,2023,37,Produto Interno Bruto a preços correntes
6,Município,40,Mil Reais,1568574,3151503,Piumhi - MG,2023,2023,37,Produto Interno Bruto a preços correntes
6,Município,40,Mil Reais,843201,3151602,Planura - MG,2023,2023,37,Produto Interno Bruto a preços correntes
6,Município,40,Mil Reais,548879,3151701,Poço Fundo - MG,2023,2023,37,Produto Interno Bruto a preços correntes
6,Município,40,Mil Reais,10732908,3151800,Poços de Caldas - MG,2023,2023,37,Produto Interno Bruto a preços correntes
6,Município,40,Mil Reais,151974,3151909,Pocrane - MG,2023,2023,37,Produto Interno Bruto a preços correntes
6,Município,40,Mil Reais,1229908,3152006,Pompéu - MG,2023,2023,37,Produto Interno Bruto a preços correntes
6,Município,40,Mil Reais,2594059,3152105,Ponte Nova - MG,2023,2023,37,Produto Interno Bruto a preços correntes
6,Município,40,Mil Reais,63931,3152131,Ponto Chique - MG,2023,2023,37,Produto Interno Bruto a preços correntes
6,Município,40,Mil Reais,149416,3152170,Ponto dos Volantes - MG,2023,2023,37,Produto Interno Bruto a preços correntes
6,Município,40,Mil Reais,625525,3152204,Porteirinha - MG,2023,2023,37,Produto Interno Bruto a preços correntes
6,Município,40,Mil Reais,151759,3152303,Porto Firme - MG,2023,2023,37,Produto Interno Bruto a preços correntes
6,Município,40,Mil Reais,213766,3152402,Poté - MG,2023,2023,37,Produto Interno Bruto a preços correntes
6,Município,40,Mil Reais,14201206,3152501,Pouso Alegre - MG,2023,2023,37,Produto Interno Bruto a preços correntes
6,Município,40,Mil Reais,542609,3152600,Pouso Alto - MG,2023,2023,37,Produto Interno Bruto a preços correntes
6,Município,40,Mil Reais,257819,3152709,Prados - MG,2023,2023,37,Produto Interno Bruto a preços correntes
6,Município,40,Mil Reais,1702675,3152808,Prata - MG,2023,2023,37,Produto Interno Bruto a preços correntes
6,Município,40,Mil Reais,249604,3152907,Pratápolis - MG,2023,2023,37,Produto Interno Bruto a preços correntes
6,Município,40,Mil Reais,230172,3153004,Pratinha - MG,2023,2023,37,Produto Interno Bruto a preços correntes
6,Município,40,Mil Reais,80596,3153103,Presidente Bernardes - MG,2023,2023,37,Produto Interno Bruto a preços correntes
6,Município,40,Mil Reais,62647,3153202,Presidente Juscelino - MG,2023,2023,37,Produto Interno Bruto a preços correntes
6,Município,40,Mil Reais,45373,3153301,Presidente Kubitschek - MG,2023,2023,37,Produto Interno Bruto a preços correntes
6,Município,40,Mil Reais,904883,3153400,Presidente Olegário - MG,2023,2023,37,Produto Interno Bruto a preços correntes
6,Município,40,Mil Reais,160653,3153509,Alto Jequitibá - MG,2023,2023,37,Produto Interno Bruto a preços correntes
6,Município,40,Mil Reais,333022,3153608,Prudente de Morais - MG,2023,2023,37,Produto Interno Bruto a preços correntes
6,Município,40,Mil Reais,89894,3153707,Quartel Geral - MG,2023,2023,37,Produto Interno Bruto a preços correntes
6,Município,40,Mil Reais,51169,3153806,Queluzito - MG,2023,2023,37,Produto Interno Bruto a preços correntes
6,Município,40,Mil Reais,232669,3153905,Raposos - MG,2023,2023,37,Produto Interno Bruto a preços correntes
6,Município,40,Mil Reais,497923,3154002,Raul Soares - MG,2023,2023,37,Produto Interno Bruto a preços correntes
6,Município,40,Mil Reais,152511,3154101,Recreio - MG,2023,2023,37,Produto Interno Bruto a preços correntes
6,Município,40,Mil Reais,131257,3154150,Reduto - MG,2023,2023,37,Produto Interno Bruto a preços correntes
6,Município,40,Mil Reais,243888,3154200,Resende Costa - MG,2023,2023,37,Produto Interno Bruto a preços correntes
6,Município,40,Mil Reais,376309,3154309,Resplendor - MG,2023,2023,37,Produto Interno Bruto a preços correntes
6,Município,40,Mil Reais,507032,3154408,Ressaquinha - MG,2023,2023,37,Produto Interno Bruto a preços correntes
6,Município,40,Mil Reais,187878,3154457,Riachinho - MG,2023,2023,37,Produto Interno Bruto a preços correntes
6,Município,40,Mil Reais,301730,3154507,Riacho dos Machados - MG,2023,2023,37,Produto Interno Bruto a preços correntes
6,Município,40,Mil Reais,6336695,3154606,Ribeirão das Neves - MG,2023,2023,37,Produto Interno Bruto a preços correntes
6,Município,40,Mil Reais,132863,3154705,Ribeirão Vermelho - MG,2023,2023,37,Produto Interno Bruto a preços correntes
6,Município,40,Mil Reais,260362,3154804,Rio Acima - MG,2023,2023,37,Produto Interno Bruto a preços correntes
6,Município,40,Mil Reais,277814,3154903,Rio Casca - MG,2023,2023,37,Produto Interno Bruto a preços correntes
6,Município,40,Mil Reais,107641,3155009,Rio Doce - MG,2023,2023,37,Produto Interno Bruto a preços correntes
6,Município,40,Mil Reais,68107,3155108,Rio do Prado - MG,2023,2023,37,Produto Interno Bruto a preços correntes
6,Município,40,Mil Reais,75489,3155207,Rio Espera - MG,2023,2023,37,Produto Interno Bruto a preços correntes
6,Município,40,Mil Reais,138279,3155306,Rio Manso - MG,2023,2023,37,Produto Interno Bruto a preços correntes
6,Município,40,Mil Reais,143556,3155405,Rio Novo - MG,2023,2023,37,Produto Interno Bruto a preços correntes
6,Município,40,Mil Reais,1148101,3155504,Rio Paranaíba - MG,2023,2023,37,Produto Interno Bruto a preços correntes
6,Município,40,Mil Reais,404312,3155603,Rio Pardo de Minas - MG,2023,2023,37,Produto Interno Bruto a preços correntes
6,Município,40,Mil Reais,270261,3155702,Rio Piracicaba - MG,2023,2023,37,Produto Interno Bruto a preços correntes
6,Município,40,Mil Reais,574081,3155801,Rio Pomba - MG,2023,2023,37,Produto Interno Bruto a preços correntes
6,Município,40,Mil Reais,82690,3155900,Rio Preto - MG,2023,2023,37,Produto Interno Bruto a preços correntes
6,Município,40,Mil Reais,177450,3156007,Rio Vermelho - MG,2023,2023,37,Produto Interno Bruto a preços correntes
6,Município,40,Mil Reais,124811,3156106,Ritápolis - MG,2023,2023,37,Produto Interno Bruto a preços correntes
6,Município,40,Mil Reais,187591,3156205,Rochedo de Minas - MG,2023,2023,37,Produto Interno Bruto a preços correntes
6,Município,40,Mil Reais,704898,3156304,Rodeiro - MG,2023,2023,37,Produto Interno Bruto a preços correntes
6,Município,40,Mil Reais,288148,3156403,Romaria - MG,2023,2023,37,Produto Interno Bruto a preços correntes
6,Município,40,Mil Reais,90798,3156452,Rosário da Limeira - MG,2023,2023,37,Produto Interno Bruto a preços correntes
6,Município,40,Mil Reais,85775,3156502,Rubelita - MG,2023,2023,37,Produto Interno Bruto a preços correntes
6,Município,40,Mil Reais,139214,3156601,Rubim - MG,2023,2023,37,Produto Interno Bruto a preços correntes
6,Município,40,Mil Reais,3837192,3156700,Sabará - MG,2023,2023,37,Produto Interno Bruto a preços correntes
6,Município,40,Mil Reais,415038,3156809,Sabinópolis - MG,2023,2023,37,Produto Interno Bruto a preços correntes
6,Município,40,Mil Reais,2387150,3156908,Sacramento - MG,2023,2023,37,Produto Interno Bruto a preços correntes
6,Município,40,Mil Reais,903694,3157005,Salinas - MG,2023,2023,37,Produto Interno Bruto a preços correntes
6,Município,40,Mil Reais,118710,3157104,Salto da Divisa - MG,2023,2023,37,Produto Interno Bruto a preços correntes
6,Município,40,Mil Reais,1019088,3157203,Santa Bárbara - MG,2023,2023,37,Produto Interno Bruto a preços correntes
6,Município,40,Mil Reais,153222,3157252,Santa Bárbara do Leste - MG,2023,2023,37,Produto Interno Bruto a preços correntes
6,Município,40,Mil Reais,71438,3157278,Santa Bárbara do Monte Verde - MG,2023,2023,37,Produto Interno Bruto a preços correntes
6,Município,40,Mil Reais,78007,3157302,Santa Bárbara do Tugúrio - MG,2023,2023,37,Produto Interno Bruto a preços correntes
6,Município,40,Mil Reais,154995,3157336,Santa Cruz de Minas - MG,2023,2023,37,Produto Interno Bruto a preços correntes
6,Município,40,Mil Reais,59169,3157377,Santa Cruz de Salinas - MG,2023,2023,37,Produto Interno Bruto a preços correntes
6,Município,40,Mil Reais,90331,3157401,Santa Cruz do Escalvado - MG,2023,2023,37,Produto Interno Bruto a preços correntes
6,Município,40,Mil Reais,58652,3157500,Santa Efigênia de Minas - MG,2023,2023,37,Produto Interno Bruto a preços correntes
6,Município,40,Mil Reais,70867,3157609,Santa Fé de Minas - MG,2023,2023,37,Produto Interno Bruto a preços correntes
6,Município,40,Mil Reais,69029,3157658,Santa Helena de Minas - MG,2023,2023,37,Produto Interno Bruto a preços correntes
6,Município,40,Mil Reais,912073,3157708,Santa Juliana - MG,2023,2023,37,Produto Interno Bruto a preços correntes
6,Município,40,Mil Reais,6608097,3157807,Santa Luzia - MG,2023,2023,37,Produto Interno Bruto a preços correntes
6,Município,40,Mil Reais,497578,3157906,Santa Margarida - MG,2023,2023,37,Produto Interno Bruto a preços correntes
6,Município,40,Mil Reais,327050,3158003,Santa Maria de Itabira - MG,2023,2023,37,Produto Interno Bruto a preços correntes
6,Município,40,Mil Reais,60852,3158102,Santa Maria do Salto - MG,2023,2023,37,Produto Interno Bruto a preços correntes
6,Município,40,Mil Reais,223266,3158201,Santa Maria do Suaçuí - MG,2023,2023,37,Produto Interno Bruto a preços correntes
6,Município,40,Mil Reais,258303,3158300,Santana da Vargem - MG,2023,2023,37,Produto Interno Bruto a preços correntes
6,Município,40,Mil Reais,61153,3158409,Santana de Cataguases - MG,2023,2023,37,Produto Interno Bruto a preços correntes
6,Município,40,Mil Reais,135533,3158508,Santana de Pirapama - MG,2023,2023,37,Produto Interno Bruto a preços correntes
6,Município,40,Mil Reais,84574,3158607,Santana do Deserto - MG,2023,2023,37,Produto Interno Bruto a preços correntes
6,Município,40,Mil Reais,48322,3158706,Santana do Garambéu - MG,2023,2023,37,Produto Interno Bruto a preços correntes
6,Município,40,Mil Reais,129242,3158805,Santana do Jacaré - MG,2023,2023,37,Produto Interno Bruto a preços correntes
6,Município,40,Mil Reais,227887,3158904,Santana do Manhuaçu - MG,2023,2023,37,Produto Interno Bruto a preços correntes
6,Município,40,Mil Reais,1250978,3158953,Santana do Paraíso - MG,2023,2023,37,Produto Interno Bruto a preços correntes
6,Município,40,Mil Reais,139841,3159001,Santana do Riacho - MG,2023,2023,37,Produto Interno Bruto a preços correntes
6,Município,40,Mil Reais,64537,3159100,Santana dos Montes - MG,2023,2023,37,Produto Interno Bruto a preços correntes
6,Município,40,Mil Reais,249061,3159209,Santa Rita de Caldas - MG,2023,2023,37,Produto Interno Bruto a preços correntes
6,Município,40,Mil Reais,87242,3159308,Santa Rita de Jacutinga - MG,2023,2023,37,Produto Interno Bruto a preços correntes
6,Município,40,Mil Reais,208456,3159357,Santa Rita de Minas - MG,2023,2023,37,Produto Interno Bruto a preços correntes
6,Município,40,Mil Reais,72264,3159407,Santa Rita de Ibitipoca - MG,2023,2023,37,Produto Interno Bruto a preços correntes
6,Município,40,Mil Reais,233545,3159506,Santa Rita do Itueto - MG,2023,2023,37,Produto Interno Bruto a preços correntes
6,Município,40,Mil Reais,2514298,3159605,Santa Rita do Sapucaí - MG,2023,2023,37,Produto Interno Bruto a preços correntes
6,Município,40,Mil Reais,119336,3159704,Santa Rosa da Serra - MG,2023,2023,37,Produto Interno Bruto a preços correntes
6,Município,40,Mil Reais,1006615,3159803,Santa Vitória - MG,2023,2023,37,Produto Interno Bruto a preços correntes
6,Município,40,Mil Reais,477372,3159902,Santo Antônio do Amparo - MG,2023,2023,37,Produto Interno Bruto a preços correntes
6,Município,40,Mil Reais,79245,3160009,Santo Antônio do Aventureiro - MG,2023,2023,37,Produto Interno Bruto a preços correntes
6,Município,40,Mil Reais,102566,3160108,Santo Antônio do Grama - MG,2023,2023,37,Produto Interno Bruto a preços correntes
6,Município,40,Mil Reais,59343,3160207,Santo Antônio do Itambé - MG,2023,2023,37,Produto Interno Bruto a preços correntes
6,Município,40,Mil Reais,131044,3160306,Santo Antônio do Jacinto - MG,2023,2023,37,Produto Interno Bruto a preços correntes
6,Município,40,Mil Reais,942155,3160405,Santo Antônio do Monte - MG,2023,2023,37,Produto Interno Bruto a preços correntes
6,Município,40,Mil Reais,84684,3160454,Santo Antônio do Retiro - MG,2023,2023,37,Produto Interno Bruto a preços correntes
6,Município,40,Mil Reais,38142,3160504,Santo Antônio do Rio Abaixo - MG,2023,2023,37,Produto Interno Bruto a preços correntes
6,Município,40,Mil Reais,71685,3160603,Santo Hipólito - MG,2023,2023,37,Produto Interno Bruto a preços correntes
6,Município,40,Mil Reais,1259406,3160702,Santos Dumont - MG,2023,2023,37,Produto Interno Bruto a preços correntes
6,Município,40,Mil Reais,96683,3160801,São Bento Abade - MG,2023,2023,37,Produto Interno Bruto a preços correntes
6,Município,40,Mil Reais,100032,3160900,São Brás do Suaçuí - MG,2023,2023,37,Produto Interno Bruto a preços correntes
6,Município,40,Mil Reais,120618,3160959,São Domingos das Dores - MG,2023,2023,37,Produto Interno Bruto a preços correntes
6,Município,40,Mil Reais,402896,3161007,São Domingos do Prata - MG,2023,2023,37,Produto Interno Bruto a preços correntes
6,Município,40,Mil Reais,59108,3161056,São Félix de Minas - MG,2023,2023,37,Produto Interno Bruto a preços correntes
6,Município,40,Mil Reais,859289,3161106,São Francisco - MG,2023,2023,37,Produto Interno Bruto a preços correntes
6,Município,40,Mil Reais,231806,3161205,São Francisco de Paula - MG,2023,2023,37,Produto Interno Bruto a preços correntes
6,Município,40,Mil Reais,249352,3161304,São Francisco de Sales - MG,2023,2023,37,Produto Interno Bruto a preços correntes
6,Município,40,Mil Reais,89843,3161403,São Francisco do Glória - MG,2023,2023,37,Produto Interno Bruto a preços correntes
6,Município,40,Mil Reais,351897,3161502,São Geraldo - MG,2023,2023,37,Produto Interno Bruto a preços correntes
6,Município,40,Mil Reais,53463,3161601,São Geraldo da Piedade - MG,2023,2023,37,Produto Interno Bruto a preços correntes
6,Município,40,Mil Reais,56811,3161650,São Geraldo do Baixio - MG,2023,2023,37,Produto Interno Bruto a preços correntes
6,Município,40,Mil Reais,376329,3161700,São Gonçalo do Abaeté - MG,2023,2023,37,Produto Interno Bruto a preços correntes
6,Município,40,Mil Reais,380221,3161809,São Gonçalo do Pará - MG,2023,2023,37,Produto Interno Bruto a preços correntes
6,Município,40,Mil Reais,3766222,3161908,São Gonçalo do Rio Abaixo - MG,2023,2023,37,Produto Interno Bruto a preços correntes
6,Município,40,Mil Reais,1189277,3162005,São Gonçalo do Sapucaí - MG,2023,2023,37,Produto Interno Bruto a preços correntes
6,Município,40,Mil Reais,1555361,3162104,São Gotardo - MG,2023,2023,37,Produto Interno Bruto a preços correntes
6,Município,40,Mil Reais,294819,3162203,São João Batista do Glória - MG,2023,2023,37,Produto Interno Bruto a preços correntes
6,Município,40,Mil Reais,73610,3162252,São João da Lagoa - MG,2023,2023,37,Produto Interno Bruto a preços correntes
6,Município,40,Mil Reais,65323,3162302,São João da Mata - MG,2023,2023,37,Produto Interno Bruto a preços correntes
6,Município,40,Mil Reais,358301,3162401,São João da Ponte - MG,2023,2023,37,Produto Interno Bruto a preços correntes
6,Município,40,Mil Reais,119038,3162450,São João das Missões - MG,2023,2023,37,Produto Interno Bruto a preços correntes
6,Município,40,Mil Reais,3505346,3162500,São João del Rei - MG,2023,2023,37,Produto Interno Bruto a preços correntes
6,Município,40,Mil Reais,245232,3162559,São João do Manhuaçu - MG,2023,2023,37,Produto Interno Bruto a preços correntes
6,Município,40,Mil Reais,92757,3162575,São João do Manteninha - MG,2023,2023,37,Produto Interno Bruto a preços correntes
6,Município,40,Mil Reais,129881,3162609,São João do Oriente - MG,2023,2023,37,Produto Interno Bruto a preços correntes
6,Município,40,Mil Reais,52787,3162658,São João do Pacuí - MG,2023,2023,37,Produto Interno Bruto a preços correntes
6,Município,40,Mil Reais,343637,3162708,São João do Paraíso - MG,2023,2023,37,Produto Interno Bruto a preços correntes
6,Município,40,Mil Reais,292736,3162807,São João Evangelista - MG,2023,2023,37,Produto Interno Bruto a preços correntes
6,Município,40,Mil Reais,672478,3162906,São João Nepomuceno - MG,2023,2023,37,Produto Interno Bruto a preços correntes
6,Município,40,Mil Reais,1065144,3162922,São Joaquim de Bicas - MG,2023,2023,37,Produto Interno Bruto a preços correntes
6,Município,40,Mil Reais,911245,3162948,São José da Barra - MG,2023,2023,37,Produto Interno Bruto a preços correntes
6,Município,40,Mil Reais,1026319,3162955,São José da Lapa - MG,2023,2023,37,Produto Interno Bruto a preços correntes
6,Município,40,Mil Reais,53062,3163003,São José da Safira - MG,2023,2023,37,Produto Interno Bruto a preços correntes
6,Município,40,Mil Reais,136884,3163102,São José da Varginha - MG,2023,2023,37,Produto Interno Bruto a preços correntes
6,Município,40,Mil Reais,78981,3163201,São José do Alegre - MG,2023,2023,37,Produto Interno Bruto a preços correntes
6,Município,40,Mil Reais,60348,3163300,São José do Divino - MG,2023,2023,37,Produto Interno Bruto a preços correntes
6,Município,40,Mil Reais,87323,3163409,São José do Goiabal - MG,2023,2023,37,Produto Interno Bruto a preços correntes
6,Município,40,Mil Reais,157541,3163508,São José do Jacuri - MG,2023,2023,37,Produto Interno Bruto a preços correntes
6,Município,40,Mil Reais,56992,3163607,São José do Mantimento - MG,2023,2023,37,Produto Interno Bruto a preços correntes
6,Município,40,Mil Reais,1412020,3163706,São Lourenço - MG,2023,2023,37,Produto Interno Bruto a preços correntes
6,Município,40,Mil Reais,129740,3163805,São Miguel do Anta - MG,2023,2023,37,Produto Interno Bruto a preços correntes
6,Município,40,Mil Reais,157484,3163904,São Pedro da União - MG,2023,2023,37,Produto Interno Bruto a preços correntes
6,Município,40,Mil Reais,160626,3164001,São Pedro dos Ferros - MG,2023,2023,37,Produto Interno Bruto a preços correntes
6,Município,40,Mil Reais,117362,3164100,São Pedro do Suaçuí - MG,2023,2023,37,Produto Interno Bruto a preços correntes
6,Município,40,Mil Reais,228105,3164209,São Romão - MG,2023,2023,37,Produto Interno Bruto a preços correntes
6,Município,40,Mil Reais,424172,3164308,São Roque de Minas - MG,2023,2023,37,Produto Interno Bruto a preços correntes
6,Município,40,Mil Reais,718487,3164407,São Sebastião da Bela Vista - MG,2023,2023,37,Produto Interno Bruto a preços correntes
6,Município,40,Mil Reais,64187,3164431,São Sebastião da Vargem Alegre - MG,2023,2023,37,Produto Interno Bruto a preços correntes
6,Município,40,Mil Reais,128460,3164472,São Sebastião do Anta - MG,2023,2023,37,Produto Interno Bruto a preços correntes
6,Município,40,Mil Reais,126120,3164506,São Sebastião do Maranhão - MG,2023,2023,37,Produto Interno Bruto a preços correntes
6,Município,40,Mil Reais,882568,3164605,São Sebastião do Oeste - MG,2023,2023,37,Produto Interno Bruto a preços correntes
6,Município,40,Mil Reais,2834250,3164704,São Sebastião do Paraíso - MG,2023,2023,37,Produto Interno Bruto a preços correntes
6,Município,40,Mil Reais,31555,3164803,São Sebastião do Rio Preto - MG,2023,2023,37,Produto Interno Bruto a preços correntes
6,Município,40,Mil Reais,48145,3164902,São Sebastião do Rio Verde - MG,2023,2023,37,Produto Interno Bruto a preços correntes
6,Município,40,Mil Reais,280531,3165008,São Tiago - MG,2023,2023,37,Produto Interno Bruto a preços correntes
6,Município,40,Mil Reais,236784,3165107,São Tomás de Aquino - MG,2023,2023,37,Produto Interno Bruto a preços correntes
6,Município,40,Mil Reais,159506,3165206,São Tomé das Letras - MG,2023,2023,37,Produto Interno Bruto a preços correntes
6,Município,40,Mil Reais,248336,3165305,São Vicente de Minas - MG,2023,2023,37,Produto Interno Bruto a preços correntes
6,Município,40,Mil Reais,174274,3165404,Sapucaí-Mirim - MG,2023,2023,37,Produto Interno Bruto a preços correntes
6,Município,40,Mil Reais,85294,3165503,Sardoá - MG,2023,2023,37,Produto Interno Bruto a preços correntes
6,Município,40,Mil Reais,1642522,3165537,Sarzedo - MG,2023,2023,37,Produto Interno Bruto a preços correntes
6,Município,40,Mil Reais,135060,3165552,Setubinha - MG,2023,2023,37,Produto Interno Bruto a preços correntes
6,Município,40,Mil Reais,41763,3165560,Sem-Peixe - MG,2023,2023,37,Produto Interno Bruto a preços correntes
6,Município,40,Mil Reais,115730,3165578,Senador Amaral - MG,2023,2023,37,Produto Interno Bruto a preços correntes
6,Município,40,Mil Reais,48570,3165602,Senador Cortes - MG,2023,2023,37,Produto Interno Bruto a preços correntes
6,Município,40,Mil Reais,142956,3165701,Senador Firmino - MG,2023,2023,37,Produto Interno Bruto a preços correntes
6,Município,40,Mil Reais,43395,3165800,Senador José Bento - MG,2023,2023,37,Produto Interno Bruto a preços correntes
6,Município,40,Mil Reais,92679,3165909,Senador Modestino Gonçalves - MG,2023,2023,37,Produto Interno Bruto a preços correntes
6,Município,40,Mil Reais,91128,3166006,Senhora de Oliveira - MG,2023,2023,37,Produto Interno Bruto a preços correntes
6,Município,40,Mil Reais,56070,3166105,Senhora do Porto - MG,2023,2023,37,Produto Interno Bruto a preços correntes
6,Município,40,Mil Reais,138814,3166204,Senhora dos Remédios - MG,2023,2023,37,Produto Interno Bruto a preços correntes
6,Município,40,Mil Reais,156438,3166303,Sericita - MG,2023,2023,37,Produto Interno Bruto a preços correntes
6,Município,40,Mil Reais,54766,3166402,Seritinga - MG,2023,2023,37,Produto Interno Bruto a preços correntes
6,Município,40,Mil Reais,56049,3166501,Serra Azul de Minas - MG,2023,2023,37,Produto Interno Bruto a preços correntes
6,Município,40,Mil Reais,25562,3166600,Serra da Saudade - MG,2023,2023,37,Produto Interno Bruto a preços correntes
6,Município,40,Mil Reais,159079,3166709,Serra dos Aimorés - MG,2023,2023,37,Produto Interno Bruto a preços correntes
6,Município,40,Mil Reais,898489,3166808,Serra do Salitre - MG,2023,2023,37,Produto Interno Bruto a preços correntes
6,Município,40,Mil Reais,202565,3166907,Serrania - MG,2023,2023,37,Produto Interno Bruto a preços correntes
6,Município,40,Mil Reais,61271,3166956,Serranópolis de Minas - MG,2023,2023,37,Produto Interno Bruto a preços correntes
6,Município,40,Mil Reais,48320,3167004,Serranos - MG,2023,2023,37,Produto Interno Bruto a preços correntes
6,Município,40,Mil Reais,386923,3167103,Serro - MG,2023,2023,37,Produto Interno Bruto a preços correntes
6,Município,40,Mil Reais,14904465,3167202,Sete Lagoas - MG,2023,2023,37,Produto Interno Bruto a preços correntes
6,Município,40,Mil Reais,45007,3167301,Silveirânia - MG,2023,2023,37,Produto Interno Bruto a preços correntes
6,Município,40,Mil Reais,178703,3167400,Silvianópolis - MG,2023,2023,37,Produto Interno Bruto a preços correntes
6,Município,40,Mil Reais,116089,3167509,Simão Pereira - MG,2023,2023,37,Produto Interno Bruto a preços correntes
6,Município,40,Mil Reais,371230,3167608,Simonésia - MG,2023,2023,37,Produto Interno Bruto a preços correntes
6,Município,40,Mil Reais,82141,3167707,Sobrália - MG,2023,2023,37,Produto Interno Bruto a preços correntes
6,Município,40,Mil Reais,104147,3167806,Soledade de Minas - MG,2023,2023,37,Produto Interno Bruto a preços correntes
6,Município,40,Mil Reais,86585,3167905,Tabuleiro - MG,2023,2023,37,Produto Interno Bruto a preços correntes
6,Município,40,Mil Reais,705373,3168002,Taiobeiras - MG,2023,2023,37,Produto Interno Bruto a preços correntes
6,Município,40,Mil Reais,59981,3168051,Taparuba - MG,2023,2023,37,Produto Interno Bruto a preços correntes
6,Município,40,Mil Reais,631716,3168101,Tapira - MG,2023,2023,37,Produto Interno Bruto a preços correntes
6,Município,40,Mil Reais,70281,3168200,Tapiraí - MG,2023,2023,37,Produto Interno Bruto a preços correntes
6,Município,40,Mil Reais,84703,3168309,Taquaraçu de Minas - MG,2023,2023,37,Produto Interno Bruto a preços correntes
6,Município,40,Mil Reais,236378,3168408,Tarumirim - MG,2023,2023,37,Produto Interno Bruto a preços correntes
6,Município,40,Mil Reais,220040,3168507,Teixeiras - MG,2023,2023,37,Produto Interno Bruto a preços correntes
6,Município,40,Mil Reais,3540248,3168606,Teófilo Otoni - MG,2023,2023,37,Produto Interno Bruto a preços correntes
6,Município,40,Mil Reais,4648992,3168705,Timóteo - MG,2023,2023,37,Produto Interno Bruto a preços correntes
6,Município,40,Mil Reais,297551,3168804,Tiradentes - MG,2023,2023,37,Produto Interno Bruto a preços correntes
6,Município,40,Mil Reais,441044,3168903,Tiros - MG,2023,2023,37,Produto Interno Bruto a preços correntes
6,Município,40,Mil Reais,450784,3169000,Tocantins - MG,2023,2023,37,Produto Interno Bruto a preços correntes
6,Município,40,Mil Reais,82673,3169059,Tocos do Moji - MG,2023,2023,37,Produto Interno Bruto a preços correntes
6,Município,40,Mil Reais,125618,3169109,Toledo - MG,2023,2023,37,Produto Interno Bruto a preços correntes
6,Município,40,Mil Reais,168052,3169208,Tombos - MG,2023,2023,37,Produto Interno Bruto a preços correntes
6,Município,40,Mil Reais,3568710,3169307,Três Corações - MG,2023,2023,37,Produto Interno Bruto a preços correntes
6,Município,40,Mil Reais,2582531,3169356,Três Marias - MG,2023,2023,37,Produto Interno Bruto a preços correntes
6,Município,40,Mil Reais,2288500,3169406,Três Pontas - MG,2023,2023,37,Produto Interno Bruto a preços correntes
6,Município,40,Mil Reais,94510,3169505,Tumiritinga - MG,2023,2023,37,Produto Interno Bruto a preços correntes
6,Município,40,Mil Reais,1400211,3169604,Tupaciguara - MG,2023,2023,37,Produto Interno Bruto a preços correntes
6,Município,40,Mil Reais,486869,3169703,Turmalina - MG,2023,2023,37,Produto Interno Bruto a preços correntes
6,Município,40,Mil Reais,158832,3169802,Turvolândia - MG,2023,2023,37,Produto Interno Bruto a preços correntes
6,Município,40,Mil Reais,4462212,3169901,Ubá - MG,2023,2023,37,Produto Interno Bruto a preços correntes
6,Município,40,Mil Reais,142057,3170008,Ubaí - MG,2023,2023,37,Produto Interno Bruto a preços correntes
6,Município,40,Mil Reais,227184,3170057,Ubaporanga - MG,2023,2023,37,Produto Interno Bruto a preços correntes
6,Município,40,Mil Reais,23689377,3170107,Uberaba - MG,2023,2023,37,Produto Interno Bruto a preços correntes
6,Município,40,Mil Reais,51065684,3170206,Uberlândia - MG,2023,2023,37,Produto Interno Bruto a preços correntes
6,Município,40,Mil Reais,54271,3170305,Umburatiba - MG,2023,2023,37,Produto Interno Bruto a preços correntes
6,Município,40,Mil Reais,5221529,3170404,Unaí - MG,2023,2023,37,Produto Interno Bruto a preços correntes
6,Município,40,Mil Reais,187679,3170438,União de Minas - MG,2023,2023,37,Produto Interno Bruto a preços correntes
6,Município,40,Mil Reais,96142,3170479,Uruana de Minas - MG,2023,2023,37,Produto Interno Bruto a preços correntes
6,Município,40,Mil Reais,356137,3170503,Urucânia - MG,2023,2023,37,Produto Interno Bruto a preços correntes
6,Município,40,Mil Reais,230887,3170529,Urucuia - MG,2023,2023,37,Produto Interno Bruto a preços correntes
6,Município,40,Mil Reais,86774,3170578,Vargem Alegre - MG,2023,2023,37,Produto Interno Bruto a preços correntes
6,Município,40,Mil Reais,92402,3170602,Vargem Bonita - MG,2023,2023,37,Produto Interno Bruto a preços correntes
6,Município,40,Mil Reais,77007,3170651,Vargem Grande do Rio Pardo - MG,2023,2023,37,Produto Interno Bruto a preços correntes
6,Município,40,Mil Reais,10068568,3170701,Varginha - MG,2023,2023,37,Produto Interno Bruto a preços correntes
6,Município,40,Mil Reais,361878,3170750,Varjão de Minas - MG,2023,2023,37,Produto Interno Bruto a preços correntes
6,Município,40,Mil Reais,1351754,3170800,Várzea da Palma - MG,2023,2023,37,Produto Interno Bruto a preços correntes
6,Município,40,Mil Reais,235098,3170909,Varzelândia - MG,2023,2023,37,Produto Interno Bruto a preços correntes
6,Município,40,Mil Reais,1203159,3171006,Vazante - MG,2023,2023,37,Produto Interno Bruto a preços correntes
6,Município,40,Mil Reais,136751,3171030,Verdelândia - MG,2023,2023,37,Produto Interno Bruto a preços correntes
6,Município,40,Mil Reais,114943,3171071,Veredinha - MG,2023,2023,37,Produto Interno Bruto a preços correntes
6,Município,40,Mil Reais,306968,3171105,Veríssimo - MG,2023,2023,37,Produto Interno Bruto a preços correntes
6,Município,40,Mil Reais,87809,3171154,Vermelho Novo - MG,2023,2023,37,Produto Interno Bruto a preços correntes
6,Município,40,Mil Reais,3619031,3171204,Vespasiano - MG,2023,2023,37,Produto Interno Bruto a preços correntes
6,Município,40,Mil Reais,2234764,3171303,Viçosa - MG,2023,2023,37,Produto Interno Bruto a preços correntes
6,Município,40,Mil Reais,69385,3171402,Vieiras - MG,2023,2023,37,Produto Interno Bruto a preços correntes
6,Município,40,Mil Reais,58002,3171501,Mathias Lobato - MG,2023,2023,37,Produto Interno Bruto a preços correntes
6,Município,40,Mil Reais,162588,3171600,Virgem da Lapa - MG,2023,2023,37,Produto Interno Bruto a preços correntes
6,Município,40,Mil Reais,238863,3171709,Virgínia - MG,2023,2023,37,Produto Interno Bruto a preços correntes
6,Município,40,Mil Reais,210992,3171808,Virginópolis - MG,2023,2023,37,Produto Interno Bruto a preços correntes
6,Município,40,Mil Reais,67748,3171907,Virgolândia - MG,2023,2023,37,Produto Interno Bruto a preços correntes
6,Município,40,Mil Reais,2052278,3172004,Visconde do Rio Branco - MG,2023,2023,37,Produto Interno Bruto a preços correntes
6,Município,40,Mil Reais,146386,3172103,Volta Grande - MG,2023,2023,37,Produto Interno Bruto a preços correntes
6,Município,40,Mil Reais,43767,3172202,Wenceslau Braz - MG,2023,2023,37,Produto Interno Bruto a preços correntes
6,Município,40,Mil Reais,740220,3200102,Afonso Cláudio - ES,2023,2023,37,Produto Interno Bruto a preços correntes
6,Município,40,Mil Reais,313558,3200136,Águia Branca - ES,2023,2023,37,Produto Interno Bruto a preços correntes
6,Município,40,Mil Reais,234307,3200169,Água Doce do Norte - ES,2023,2023,37,Produto Interno Bruto a preços correntes
6,Município,40,Mil Reais,702107,3200201,Alegre - ES,2023,2023,37,Produto Interno Bruto a preços correntes
6,Município,40,Mil Reais,565385,3200300,Alfredo Chaves - ES,2023,2023,37,Produto Interno Bruto a preços correntes
6,Município,40,Mil Reais,152485,3200359,Alto Rio Novo - ES,2023,2023,37,Produto Interno Bruto a preços correntes
6,Município,40,Mil Reais,2317579,3200409,Anchieta - ES,2023,2023,37,Produto Interno Bruto a preços correntes
6,Município,40,Mil Reais,146814,3200508,Apiacá - ES,2023,2023,37,Produto Interno Bruto a preços correntes
6,Município,40,Mil Reais,7724839,3200607,Aracruz - ES,2023,2023,37,Produto Interno Bruto a preços correntes
6,Município,40,Mil Reais,453839,3200706,Atílio Vivácqua - ES,2023,2023,37,Produto Interno Bruto a preços correntes
6,Município,40,Mil Reais,910611,3200805,Baixo Guandu - ES,2023,2023,37,Produto Interno Bruto a preços correntes
6,Município,40,Mil Reais,1326677,3200904,Barra de São Francisco - ES,2023,2023,37,Produto Interno Bruto a preços correntes
6,Município,40,Mil Reais,372418,3201001,Boa Esperança - ES,2023,2023,37,Produto Interno Bruto a preços correntes
6,Município,40,Mil Reais,269758,3201100,Bom Jesus do Norte - ES,2023,2023,37,Produto Interno Bruto a preços correntes
6,Município,40,Mil Reais,342658,3201159,Brejetuba - ES,2023,2023,37,Produto Interno Bruto a preços correntes
6,Município,40,Mil Reais,7593554,3201209,Cachoeiro de Itapemirim - ES,2023,2023,37,Produto Interno Bruto a preços correntes
6,Município,40,Mil Reais,19710843,3201308,Cariacica - ES,2023,2023,37,Produto Interno Bruto a preços correntes
6,Município,40,Mil Reais,1395638,3201407,Castelo - ES,2023,2023,37,Produto Interno Bruto a preços correntes
6,Município,40,Mil Reais,5157945,3201506,Colatina - ES,2023,2023,37,Produto Interno Bruto a preços correntes
6,Município,40,Mil Reais,676074,3201605,Conceição da Barra - ES,2023,2023,37,Produto Interno Bruto a preços correntes
6,Município,40,Mil Reais,356679,3201704,Conceição do Castelo - ES,2023,2023,37,Produto Interno Bruto a preços correntes
6,Município,40,Mil Reais,101958,3201803,Divino de São Lourenço - ES,2023,2023,37,Produto Interno Bruto a preços correntes
6,Município,40,Mil Reais,1294974,3201902,Domingos Martins - ES,2023,2023,37,Produto Interno Bruto a preços correntes
6,Município,40,Mil Reais,232278,3202009,Dores do Rio Preto - ES,2023,2023,37,Produto Interno Bruto a preços correntes
6,Município,40,Mil Reais,481243,3202108,Ecoporanga - ES,2023,2023,37,Produto Interno Bruto a preços correntes
6,Município,40,Mil Reais,595415,3202207,Fundão - ES,2023,2023,37,Produto Interno Bruto a preços correntes
6,Município,40,Mil Reais,428413,3202256,Governador Lindenberg - ES,2023,2023,37,Produto Interno Bruto a preços correntes
6,Município,40,Mil Reais,783590,3202306,Guaçuí - ES,2023,2023,37,Produto Interno Bruto a preços correntes
6,Município,40,Mil Reais,3391095,3202405,Guarapari - ES,2023,2023,37,Produto Interno Bruto a preços correntes
6,Município,40,Mil Reais,560947,3202454,Ibatiba - ES,2023,2023,37,Produto Interno Bruto a preços correntes
6,Município,40,Mil Reais,359707,3202504,Ibiraçu - ES,2023,2023,37,Produto Interno Bruto a preços correntes
6,Município,40,Mil Reais,206693,3202553,Ibitirama - ES,2023,2023,37,Produto Interno Bruto a preços correntes
6,Município,40,Mil Reais,385081,3202603,Iconha - ES,2023,2023,37,Produto Interno Bruto a preços correntes
6,Município,40,Mil Reais,280698,3202652,Irupi - ES,2023,2023,37,Produto Interno Bruto a preços correntes
6,Município,40,Mil Reais,453183,3202702,Itaguaçu - ES,2023,2023,37,Produto Interno Bruto a preços correntes
6,Município,40,Mil Reais,6134486,3202801,Itapemirim - ES,2023,2023,37,Produto Interno Bruto a preços correntes
6,Município,40,Mil Reais,441241,3202900,Itarana - ES,2023,2023,37,Produto Interno Bruto a preços correntes
6,Município,40,Mil Reais,722976,3203007,Iúna - ES,2023,2023,37,Produto Interno Bruto a preços correntes
6,Município,40,Mil Reais,1252073,3203056,Jaguaré - ES,2023,2023,37,Produto Interno Bruto a preços correntes
6,Município,40,Mil Reais,218904,3203106,Jerônimo Monteiro - ES,2023,2023,37,Produto Interno Bruto a preços correntes
6,Município,40,Mil Reais,615682,3203130,João Neiva - ES,2023,2023,37,Produto Interno Bruto a preços correntes
6,Município,40,Mil Reais,272934,3203163,Laranja da Terra - ES,2023,2023,37,Produto Interno Bruto a preços correntes
6,Município,40,Mil Reais,10014356,3203205,Linhares - ES,2023,2023,37,Produto Interno Bruto a preços correntes
6,Município,40,Mil Reais,250803,3203304,Mantenópolis - ES,2023,2023,37,Produto Interno Bruto a preços correntes
6,Município,40,Mil Reais,7102418,3203320,Marataízes - ES,2023,2023,37,Produto Interno Bruto a preços correntes
6,Município,40,Mil Reais,682791,3203346,Marechal Floriano - ES,2023,2023,37,Produto Interno Bruto a preços correntes
6,Município,40,Mil Reais,404453,3203353,Marilândia - ES,2023,2023,37,Produto Interno Bruto a preços correntes
6,Município,40,Mil Reais,702863,3203403,Mimoso do Sul - ES,2023,2023,37,Produto Interno Bruto a preços correntes
6,Município,40,Mil Reais,564549,3203502,Montanha - ES,2023,2023,37,Produto Interno Bruto a preços correntes
6,Município,40,Mil Reais,136015,3203601,Mucurici - ES,2023,2023,37,Produto Interno Bruto a preços correntes
6,Município,40,Mil Reais,509938,3203700,Muniz Freire - ES,2023,2023,37,Produto Interno Bruto a preços correntes
6,Município,40,Mil Reais,307885,3203809,Muqui - ES,2023,2023,37,Produto Interno Bruto a preços correntes
6,Município,40,Mil Reais,1886121,3203908,Nova Venécia - ES,2023,2023,37,Produto Interno Bruto a preços correntes
6,Município,40,Mil Reais,467082,3204005,Pancas - ES,2023,2023,37,Produto Interno Bruto a preços correntes
6,Município,40,Mil Reais,545057,3204054,Pedro Canário - ES,2023,2023,37,Produto Interno Bruto a preços correntes
6,Município,40,Mil Reais,1024676,3204104,Pinheiros - ES,2023,2023,37,Produto Interno Bruto a preços correntes
6,Município,40,Mil Reais,1056103,3204203,Piúma - ES,2023,2023,37,Produto Interno Bruto a preços correntes
6,Município,40,Mil Reais,141034,3204252,Ponto Belo - ES,2023,2023,37,Produto Interno Bruto a preços correntes
6,Município,40,Mil Reais,7368211,3204302,Presidente Kennedy - ES,2023,2023,37,Produto Interno Bruto a preços correntes
6,Município,40,Mil Reais,787898,3204351,Rio Bananal - ES,2023,2023,37,Produto Interno Bruto a preços correntes
6,Município,40,Mil Reais,293579,3204401,Rio Novo do Sul - ES,2023,2023,37,Produto Interno Bruto a preços correntes
6,Município,40,Mil Reais,439644,3204500,Santa Leopoldina - ES,2023,2023,37,Produto Interno Bruto a preços correntes
6,Município,40,Mil Reais,2592685,3204559,Santa Maria de Jetibá - ES,2023,2023,37,Produto Interno Bruto a preços correntes
6,Município,40,Mil Reais,820679,3204609,Santa Teresa - ES,2023,2023,37,Produto Interno Bruto a preços correntes
6,Município,40,Mil Reais,391545,3204658,São Domingos do Norte - ES,2023,2023,37,Produto Interno Bruto a preços correntes
6,Município,40,Mil Reais,988351,3204708,São Gabriel da Palha - ES,2023,2023,37,Produto Interno Bruto a preços correntes
6,Município,40,Mil Reais,230812,3204807,São José do Calçado - ES,2023,2023,37,Produto Interno Bruto a preços correntes
6,Município,40,Mil Reais,4355437,3204906,São Mateus - ES,2023,2023,37,Produto Interno Bruto a preços correntes
6,Município,40,Mil Reais,301801,3204955,São Roque do Canaã - ES,2023,2023,37,Produto Interno Bruto a preços correntes
6,Município,40,Mil Reais,37649155,3205002,Serra - ES,2023,2023,37,Produto Interno Bruto a preços correntes
6,Município,40,Mil Reais,911932,3205010,Sooretama - ES,2023,2023,37,Produto Interno Bruto a preços correntes
6,Município,40,Mil Reais,523374,3205036,Vargem Alta - ES,2023,2023,37,Produto Interno Bruto a preços correntes
6,Município,40,Mil Reais,945412,3205069,Venda Nova do Imigrante - ES,2023,2023,37,Produto Interno Bruto a preços correntes
6,Município,40,Mil Reais,5957536,3205101,Viana - ES,2023,2023,37,Produto Interno Bruto a preços correntes
6,Município,40,Mil Reais,213352,3205150,Vila Pavão - ES,2023,2023,37,Produto Interno Bruto a preços correntes
6,Município,40,Mil Reais,615692,3205176,Vila Valério - ES,2023,2023,37,Produto Interno Bruto a preços correntes
6,Município,40,Mil Reais,19711328,3205200,Vila Velha - ES,2023,2023,37,Produto Interno Bruto a preços correntes
6,Município,40,Mil Reais,28257606,3205309,Vitória - ES,2023,2023,37,Produto Interno Bruto a preços correntes
6,Município,40,Mil Reais,11900498,3300100,Angra dos Reis - RJ,2023,2023,37,Produto Interno Bruto a preços correntes
6,Município,40,Mil Reais,301129,3300159,Aperibé - RJ,2023,2023,37,Produto Interno Bruto a preços correntes
6,Município,40,Mil Reais,13156181,3300209,Araruama - RJ,2023,2023,37,Produto Interno Bruto a preços correntes
6,Município,40,Mil Reais,597072,3300225,Areal - RJ,2023,2023,37,Produto Interno Bruto a preços correntes
6,Município,40,Mil Reais,5019621,3300233,Armação dos Búzios - RJ,2023,2023,37,Produto Interno Bruto a preços correntes
6,Município,40,Mil Reais,9335374,3300258,Arraial do Cabo - RJ,2023,2023,37,Produto Interno Bruto a preços correntes
6,Município,40,Mil Reais,3225723,3300308,Barra do Piraí - RJ,2023,2023,37,Produto Interno Bruto a preços correntes
6,Município,40,Mil Reais,6831115,3300407,Barra Mansa - RJ,2023,2023,37,Produto Interno Bruto a preços correntes
6,Município,40,Mil Reais,9686339,3300456,Belford Roxo - RJ,2023,2023,37,Produto Interno Bruto a preços correntes
6,Município,40,Mil Reais,1018920,3300506,Bom Jardim - RJ,2023,2023,37,Produto Interno Bruto a preços correntes
6,Município,40,Mil Reais,1207611,3300605,Bom Jesus do Itabapoana - RJ,2023,2023,37,Produto Interno Bruto a preços correntes
6,Município,40,Mil Reais,16964472,3300704,Cabo Frio - RJ,2023,2023,37,Produto Interno Bruto a preços correntes
6,Município,40,Mil Reais,1702402,3300803,Cachoeiras de Macacu - RJ,2023,2023,37,Produto Interno Bruto a preços correntes
6,Município,40,Mil Reais,479568,3300902,Cambuci - RJ,2023,2023,37,Produto Interno Bruto a preços correntes
6,Município,40,Mil Reais,1045633,3300936,Carapebus - RJ,2023,2023,37,Produto Interno Bruto a preços correntes
6,Município,40,Mil Reais,633562,3300951,Comendador Levy Gasparian - RJ,2023,2023,37,Produto Interno Bruto a preços correntes
6,Município,40,Mil Reais,42953469,3301009,Campos dos Goytacazes - RJ,2023,2023,37,Produto Interno Bruto a preços correntes
6,Município,40,Mil Reais,1075296,3301108,Cantagalo - RJ,2023,2023,37,Produto Interno Bruto a preços correntes
6,Município,40,Mil Reais,393125,3301157,Cardoso Moreira - RJ,2023,2023,37,Produto Interno Bruto a preços correntes
6,Município,40,Mil Reais,671866,3301207,Carmo - RJ,2023,2023,37,Produto Interno Bruto a preços correntes
6,Município,40,Mil Reais,3363239,3301306,Casimiro de Abreu - RJ,2023,2023,37,Produto Interno Bruto a preços correntes
6,Município,40,Mil Reais,504000,3301405,Conceição de Macabu - RJ,2023,2023,37,Produto Interno Bruto a preços correntes
6,Município,40,Mil Reais,530533,3301504,Cordeiro - RJ,2023,2023,37,Produto Interno Bruto a preços correntes
6,Município,40,Mil Reais,285448,3301603,Duas Barras - RJ,2023,2023,37,Produto Interno Bruto a preços correntes
6,Município,40,Mil Reais,70068007,3301702,Duque de Caxias - RJ,2023,2023,37,Produto Interno Bruto a preços correntes
6,Município,40,Mil Reais,320438,3301801,Engenheiro Paulo de Frontin - RJ,2023,2023,37,Produto Interno Bruto a preços correntes
6,Município,40,Mil Reais,1589983,3301850,Guapimirim - RJ,2023,2023,37,Produto Interno Bruto a preços correntes
6,Município,40,Mil Reais,814661,3301876,Iguaba Grande - RJ,2023,2023,37,Produto Interno Bruto a preços correntes
6,Município,40,Mil Reais,6278393,3301900,Itaboraí - RJ,2023,2023,37,Produto Interno Bruto a preços correntes
6,Município,40,Mil Reais,11383962,3302007,Itaguaí - RJ,2023,2023,37,Produto Interno Bruto a preços correntes
6,Município,40,Mil Reais,431493,3302056,Italva - RJ,2023,2023,37,Produto Interno Bruto a preços correntes
6,Município,40,Mil Reais,756489,3302106,Itaocara - RJ,2023,2023,37,Produto Interno Bruto a preços correntes
6,Município,40,Mil Reais,4067637,3302205,Itaperuna - RJ,2023,2023,37,Produto Interno Bruto a preços correntes
6,Município,40,Mil Reais,6988685,3302254,Itatiaia - RJ,2023,2023,37,Produto Interno Bruto a preços correntes
6,Município,40,Mil Reais,1874798,3302270,Japeri - RJ,2023,2023,37,Produto Interno Bruto a preços correntes
6,Município,40,Mil Reais,208603,3302304,Laje do Muriaé - RJ,2023,2023,37,Produto Interno Bruto a preços correntes
6,Município,40,Mil Reais,22394860,3302403,Macaé - RJ,2023,2023,37,Produto Interno Bruto a preços correntes
6,Município,40,Mil Reais,282626,3302452,Macuco - RJ,2023,2023,37,Produto Interno Bruto a preços correntes
6,Município,40,Mil Reais,5301411,3302502,Magé - RJ,2023,2023,37,Produto Interno Bruto a preços correntes
6,Município,40,Mil Reais,3443660,3302601,Mangaratiba - RJ,2023,2023,37,Produto Interno Bruto a preços correntes
6,Município,40,Mil Reais,134092034,3302700,Maricá - RJ,2023,2023,37,Produto Interno Bruto a preços correntes
6,Município,40,Mil Reais,444764,3302809,Mendes - RJ,2023,2023,37,Produto Interno Bruto a preços correntes
6,Município,40,Mil Reais,3029007,3302858,Mesquita - RJ,2023,2023,37,Produto Interno Bruto a preços correntes
6,Município,40,Mil Reais,847198,3302908,Miguel Pereira - RJ,2023,2023,37,Produto Interno Bruto a preços correntes
6,Município,40,Mil Reais,742077,3303005,Miracema - RJ,2023,2023,37,Produto Interno Bruto a preços correntes
6,Município,40,Mil Reais,408436,3303104,Natividade - RJ,2023,2023,37,Produto Interno Bruto a preços correntes
6,Município,40,Mil Reais,3339769,3303203,Nilópolis - RJ,2023,2023,37,Produto Interno Bruto a preços correntes
6,Município,40,Mil Reais,76268005,3303302,Niterói - RJ,2023,2023,37,Produto Interno Bruto a preços correntes
6,Município,40,Mil Reais,7367567,3303401,Nova Friburgo - RJ,2023,2023,37,Produto Interno Bruto a preços correntes
6,Município,40,Mil Reais,20518624,3303500,Nova Iguaçu - RJ,2023,2023,37,Produto Interno Bruto a preços correntes
6,Município,40,Mil Reais,1085489,3303609,Paracambi - RJ,2023,2023,37,Produto Interno Bruto a preços correntes
6,Município,40,Mil Reais,1399157,3303708,Paraíba do Sul - RJ,2023,2023,37,Produto Interno Bruto a preços correntes
6,Município,40,Mil Reais,6324392,3303807,Paraty - RJ,2023,2023,37,Produto Interno Bruto a preços correntes
6,Município,40,Mil Reais,862740,3303856,Paty do Alferes - RJ,2023,2023,37,Produto Interno Bruto a preços correntes
6,Município,40,Mil Reais,19907335,3303906,Petrópolis - RJ,2023,2023,37,Produto Interno Bruto a preços correntes
6,Município,40,Mil Reais,1187697,3303955,Pinheiral - RJ,2023,2023,37,Produto Interno Bruto a preços correntes
6,Município,40,Mil Reais,3388747,3304003,Piraí - RJ,2023,2023,37,Produto Interno Bruto a preços correntes
6,Município,40,Mil Reais,559253,3304102,Porciúncula - RJ,2023,2023,37,Produto Interno Bruto a preços correntes
6,Município,40,Mil Reais,3205582,3304110,Porto Real - RJ,2023,2023,37,Produto Interno Bruto a preços correntes
6,Município,40,Mil Reais,400781,3304128,Quatis - RJ,2023,2023,37,Produto Interno Bruto a preços correntes
6,Município,40,Mil Reais,4938812,3304144,Queimados - RJ,2023,2023,37,Produto Interno Bruto a preços correntes
6,Município,40,Mil Reais,5669644,3304151,Quissamã - RJ,2023,2023,37,Produto Interno Bruto a preços correntes
6,Município,40,Mil Reais,12267696,3304201,Resende - RJ,2023,2023,37,Produto Interno Bruto a preços correntes
6,Município,40,Mil Reais,2038466,3304300,Rio Bonito - RJ,2023,2023,37,Produto Interno Bruto a preços correntes
6,Município,40,Mil Reais,577431,3304409,Rio Claro - RJ,2023,2023,37,Produto Interno Bruto a preços correntes
6,Município,40,Mil Reais,338695,3304508,Rio das Flores - RJ,2023,2023,37,Produto Interno Bruto a preços correntes
6,Município,40,Mil Reais,10599898,3304524,Rio das Ostras - RJ,2023,2023,37,Produto Interno Bruto a preços correntes
6,Município,40,Mil Reais,418462360,3304557,Rio de Janeiro - RJ,2023,2023,37,Produto Interno Bruto a preços correntes
6,Município,40,Mil Reais,275098,3304607,Santa Maria Madalena - RJ,2023,2023,37,Produto Interno Bruto a preços correntes
6,Município,40,Mil Reais,1686337,3304706,Santo Antônio de Pádua - RJ,2023,2023,37,Produto Interno Bruto a preços correntes
6,Município,40,Mil Reais,1481367,3304755,São Francisco de Itabapoana - RJ,2023,2023,37,Produto Interno Bruto a preços correntes
6,Município,40,Mil Reais,985938,3304805,São Fidélis - RJ,2023,2023,37,Produto Interno Bruto a preços correntes
6,Município,40,Mil Reais,23063689,3304904,São Gonçalo - RJ,2023,2023,37,Produto Interno Bruto a preços correntes
6,Município,40,Mil Reais,13986152,3305000,São João da Barra - RJ,2023,2023,37,Produto Interno Bruto a preços correntes
6,Município,40,Mil Reais,11534047,3305109,São João de Meriti - RJ,2023,2023,37,Produto Interno Bruto a preços correntes
6,Município,40,Mil Reais,232730,3305133,São José de Ubá - RJ,2023,2023,37,Produto Interno Bruto a preços correntes
6,Município,40,Mil Reais,941645,3305158,São José do Vale do Rio Preto - RJ,2023,2023,37,Produto Interno Bruto a preços correntes
6,Município,40,Mil Reais,3359011,3305208,São Pedro da Aldeia - RJ,2023,2023,37,Produto Interno Bruto a preços correntes
6,Município,40,Mil Reais,272845,3305307,São Sebastião do Alto - RJ,2023,2023,37,Produto Interno Bruto a preços correntes
6,Município,40,Mil Reais,1227721,3305406,Sapucaia - RJ,2023,2023,37,Produto Interno Bruto a preços correntes
6,Município,40,Mil Reais,64701140,3305505,Saquarema - RJ,2023,2023,37,Produto Interno Bruto a preços correntes
6,Município,40,Mil Reais,3760076,3305554,Seropédica - RJ,2023,2023,37,Produto Interno Bruto a preços correntes
6,Município,40,Mil Reais,705912,3305604,Silva Jardim - RJ,2023,2023,37,Produto Interno Bruto a preços correntes
6,Município,40,Mil Reais,733841,3305703,Sumidouro - RJ,2023,2023,37,Produto Interno Bruto a preços correntes
6,Município,40,Mil Reais,858815,3305752,Tanguá - RJ,2023,2023,37,Produto Interno Bruto a preços correntes
6,Município,40,Mil Reais,7104546,3305802,Teresópolis - RJ,2023,2023,37,Produto Interno Bruto a preços correntes
6,Município,40,Mil Reais,290439,3305901,Trajano de Moraes - RJ,2023,2023,37,Produto Interno Bruto a preços correntes
6,Município,40,Mil Reais,6017636,3306008,Três Rios - RJ,2023,2023,37,Produto Interno Bruto a preços correntes
6,Município,40,Mil Reais,3104489,3306107,Valença - RJ,2023,2023,37,Produto Interno Bruto a preços correntes
6,Município,40,Mil Reais,407915,3306156,Varre-Sai - RJ,2023,2023,37,Produto Interno Bruto a preços correntes
6,Município,40,Mil Reais,1472880,3306206,Vassouras - RJ,2023,2023,37,Produto Interno Bruto a preços correntes
6,Município,40,Mil Reais,15307615,3306305,Volta Redonda - RJ,2023,2023,37,Produto Interno Bruto a preços correntes
6,Município,40,Mil Reais,1705895,3500105,Adamantina - SP,2023,2023,37,Produto Interno Bruto a preços correntes
6,Município,40,Mil Reais,215283,3500204,Adolfo - SP,2023,2023,37,Produto Interno Bruto a preços correntes
6,Município,40,Mil Reais,1773843,3500303,Aguaí - SP,2023,2023,37,Produto Interno Bruto a preços correntes
6,Município,40,Mil Reais,272359,3500402,Águas da Prata - SP,2023,2023,37,Produto Interno Bruto a preços correntes
6,Município,40,Mil Reais,801115,3500501,Águas de Lindóia - SP,2023,2023,37,Produto Interno Bruto a preços correntes
6,Município,40,Mil Reais,375562,3500550,Águas de Santa Bárbara - SP,2023,2023,37,Produto Interno Bruto a preços correntes
6,Município,40,Mil Reais,185390,3500600,Águas de São Pedro - SP,2023,2023,37,Produto Interno Bruto a preços correntes
6,Município,40,Mil Reais,3415809,3500709,Agudos - SP,2023,2023,37,Produto Interno Bruto a preços correntes
6,Município,40,Mil Reais,160252,3500758,Alambari - SP,2023,2023,37,Produto Interno Bruto a preços correntes
6,Município,40,Mil Reais,158137,3500808,Alfredo Marcondes - SP,2023,2023,37,Produto Interno Bruto a preços correntes
6,Município,40,Mil Reais,210529,3500907,Altair - SP,2023,2023,37,Produto Interno Bruto a preços correntes
6,Município,40,Mil Reais,946538,3501004,Altinópolis - SP,2023,2023,37,Produto Interno Bruto a preços correntes
6,Município,40,Mil Reais,172396,3501103,Alto Alegre - SP,2023,2023,37,Produto Interno Bruto a preços correntes
6,Município,40,Mil Reais,3438994,3501152,Alumínio - SP,2023,2023,37,Produto Interno Bruto a preços correntes
6,Município,40,Mil Reais,175598,3501202,Álvares Florence - SP,2023,2023,37,Produto Interno Bruto a preços correntes
6,Município,40,Mil Reais,859771,3501301,Álvares Machado - SP,2023,2023,37,Produto Interno Bruto a preços correntes
6,Município,40,Mil Reais,69377,3501400,Álvaro de Carvalho - SP,2023,2023,37,Produto Interno Bruto a preços correntes
6,Município,40,Mil Reais,82613,3501509,Alvinlândia - SP,2023,2023,37,Produto Interno Bruto a preços correntes
6,Município,40,Mil Reais,17600566,3501608,Americana - SP,2023,2023,37,Produto Interno Bruto a preços correntes
6,Município,40,Mil Reais,1504962,3501707,Américo Brasiliense - SP,2023,2023,37,Produto Interno Bruto a preços correntes
6,Município,40,Mil Reais,175848,3501806,Américo de Campos - SP,2023,2023,37,Produto Interno Bruto a preços correntes
6,Município,40,Mil Reais,6698469,3501905,Amparo - SP,2023,2023,37,Produto Interno Bruto a preços correntes
6,Município,40,Mil Reais,266292,3502002,Analândia - SP,2023,2023,37,Produto Interno Bruto a preços correntes
6,Município,40,Mil Reais,4464940,3502101,Andradina - SP,2023,2023,37,Produto Interno Bruto a preços correntes
6,Município,40,Mil Reais,1776475,3502200,Angatuba - SP,2023,2023,37,Produto Interno Bruto a preços correntes
6,Município,40,Mil Reais,315144,3502309,Anhembi - SP,2023,2023,37,Produto Interno Bruto a preços correntes
6,Município,40,Mil Reais,132376,3502408,Anhumas - SP,2023,2023,37,Produto Interno Bruto a preços correntes
6,Município,40,Mil Reais,1369699,3502507,Aparecida - SP,2023,2023,37,Produto Interno Bruto a preços correntes
6,Município,40,Mil Reais,225794,3502606,Aparecida d'Oeste - SP,2023,2023,37,Produto Interno Bruto a preços correntes
6,Município,40,Mil Reais,1235626,3502705,Apiaí - SP,2023,2023,37,Produto Interno Bruto a preços correntes
6,Município,40,Mil Reais,4832077,3502754,Araçariguama - SP,2023,2023,37,Produto Interno Bruto a preços correntes
6,Município,40,Mil Reais,11457740,3502804,Araçatuba - SP,2023,2023,37,Produto Interno Bruto a preços correntes
6,Município,40,Mil Reais,1523194,3502903,Araçoiaba da Serra - SP,2023,2023,37,Produto Interno Bruto a preços correntes
6,Município,40,Mil Reais,219179,3503000,Aramina - SP,2023,2023,37,Produto Interno Bruto a preços correntes
6,Município,40,Mil Reais,217238,3503109,Arandu - SP,2023,2023,37,Produto Interno Bruto a preços correntes
6,Município,40,Mil Reais,53236,3503158,Arapeí - SP,2023,2023,37,Produto Interno Bruto a preços correntes
6,Município,40,Mil Reais,14689500,3503208,Araraquara - SP,2023,2023,37,Produto Interno Bruto a preços correntes
6,Município,40,Mil Reais,10022873,3503307,Araras - SP,2023,2023,37,Produto Interno Bruto a preços correntes
6,Município,40,Mil Reais,136329,3503356,Arco-Íris - SP,2023,2023,37,Produto Interno Bruto a preços correntes
6,Município,40,Mil Reais,301110,3503406,Arealva - SP,2023,2023,37,Produto Interno Bruto a preços correntes
6,Município,40,Mil Reais,75042,3503505,Areias - SP,2023,2023,37,Produto Interno Bruto a preços correntes
6,Município,40,Mil Reais,221707,3503604,Areiópolis - SP,2023,2023,37,Produto Interno Bruto a preços correntes
6,Município,40,Mil Reais,1252002,3503703,Ariranha - SP,2023,2023,37,Produto Interno Bruto a preços correntes
6,Município,40,Mil Reais,2162833,3503802,Artur Nogueira - SP,2023,2023,37,Produto Interno Bruto a preços correntes
6,Município,40,Mil Reais,10426127,3503901,Arujá - SP,2023,2023,37,Produto Interno Bruto a preços correntes
6,Município,40,Mil Reais,65851,3503950,Aspásia - SP,2023,2023,37,Produto Interno Bruto a preços correntes
6,Município,40,Mil Reais,4682609,3504008,Assis - SP,2023,2023,37,Produto Interno Bruto a preços correntes
6,Município,40,Mil Reais,9426584,3504107,Atibaia - SP,2023,2023,37,Produto Interno Bruto a preços correntes
6,Município,40,Mil Reais,443572,3504206,Auriflama - SP,2023,2023,37,Produto Interno Bruto a preços correntes
6,Município,40,Mil Reais,500953,3504305,Avaí - SP,2023,2023,37,Produto Interno Bruto a preços correntes
6,Município,40,Mil Reais,295755,3504404,Avanhandava - SP,2023,2023,37,Produto Interno Bruto a preços correntes
6,Município,40,Mil Reais,4408538,3504503,Avaré - SP,2023,2023,37,Produto Interno Bruto a preços correntes
6,Município,40,Mil Reais,762195,3504602,Bady Bassitt - SP,2023,2023,37,Produto Interno Bruto a preços correntes
6,Município,40,Mil Reais,82895,3504701,Balbinos - SP,2023,2023,37,Produto Interno Bruto a preços correntes
6,Município,40,Mil Reais,367871,3504800,Bálsamo - SP,2023,2023,37,Produto Interno Bruto a preços correntes
6,Município,40,Mil Reais,282444,3504909,Bananal - SP,2023,2023,37,Produto Interno Bruto a preços correntes
6,Município,40,Mil Reais,80403,3505005,Barão de Antonina - SP,2023,2023,37,Produto Interno Bruto a preços correntes
6,Município,40,Mil Reais,186923,3505104,Barbosa - SP,2023,2023,37,Produto Interno Bruto a preços correntes
6,Município,40,Mil Reais,1863764,3505203,Bariri - SP,2023,2023,37,Produto Interno Bruto a preços correntes
6,Município,40,Mil Reais,2077901,3505302,Barra Bonita - SP,2023,2023,37,Produto Interno Bruto a preços correntes
6,Município,40,Mil Reais,202870,3505351,Barra do Chapéu - SP,2023,2023,37,Produto Interno Bruto a preços correntes
6,Município,40,Mil Reais,145159,3505401,Barra do Turvo - SP,2023,2023,37,Produto Interno Bruto a preços correntes
6,Município,40,Mil Reais,6715414,3505500,Barretos - SP,2023,2023,37,Produto Interno Bruto a preços correntes
6,Município,40,Mil Reais,737580,3505609,Barrinha - SP,2023,2023,37,Produto Interno Bruto a preços correntes
6,Município,40,Mil Reais,71646710,3505708,Barueri - SP,2023,2023,37,Produto Interno Bruto a preços correntes
6,Município,40,Mil Reais,1596603,3505807,Bastos - SP,2023,2023,37,Produto Interno Bruto a preços correntes
6,Município,40,Mil Reais,3328690,3505906,Batatais - SP,2023,2023,37,Produto Interno Bruto a preços correntes
6,Município,40,Mil Reais,20654759,3506003,Bauru - SP,2023,2023,37,Produto Interno Bruto a preços correntes
6,Município,40,Mil Reais,5343661,3506102,Bebedouro - SP,2023,2023,37,Produto Interno Bruto a preços correntes
6,Município,40,Mil Reais,288020,3506201,Bento de Abreu - SP,2023,2023,37,Produto Interno Bruto a preços correntes
6,Município,40,Mil Reais,605499,3506300,Bernardino de Campos - SP,2023,2023,37,Produto Interno Bruto a preços correntes
6,Município,40,Mil Reais,2663550,3506359,Bertioga - SP,2023,2023,37,Produto Interno Bruto a preços correntes
6,Município,40,Mil Reais,307745,3506409,Bilac - SP,2023,2023,37,Produto Interno Bruto a preços correntes
6,Município,40,Mil Reais,4866490,3506508,Birigui - SP,2023,2023,37,Produto Interno Bruto a preços correntes
6,Município,40,Mil Reais,1111541,3506607,Biritiba Mirim - SP,2023,2023,37,Produto Interno Bruto a preços correntes
6,Município,40,Mil Reais,633216,3506706,Boa Esperança do Sul - SP,2023,2023,37,Produto Interno Bruto a preços correntes
6,Município,40,Mil Reais,381376,3506805,Bocaina - SP,2023,2023,37,Produto Interno Bruto a preços correntes
6,Município,40,Mil Reais,309773,3506904,Bofete - SP,2023,2023,37,Produto Interno Bruto a preços correntes
6,Município,40,Mil Reais,4474130,3507001,Boituva - SP,2023,2023,37,Produto Interno Bruto a preços correntes
6,Município,40,Mil Reais,1627411,3507100,Bom Jesus dos Perdões - SP,2023,2023,37,Produto Interno Bruto a preços correntes
6,Município,40,Mil Reais,77487,3507159,Bom Sucesso de Itararé - SP,2023,2023,37,Produto Interno Bruto a preços correntes
6,Município,40,Mil Reais,120962,3507209,Borá - SP,2023,2023,37,Produto Interno Bruto a preços correntes
6,Município,40,Mil Reais,657535,3507308,Boracéia - SP,2023,2023,37,Produto Interno Bruto a preços correntes
6,Município,40,Mil Reais,704921,3507407,Borborema - SP,2023,2023,37,Produto Interno Bruto a preços correntes
6,Município,40,Mil Reais,118452,3507456,Borebi - SP,2023,2023,37,Produto Interno Bruto a preços correntes
6,Município,40,Mil Reais,7992148,3507506,Botucatu - SP,2023,2023,37,Produto Interno Bruto a preços correntes
6,Município,40,Mil Reais,10443288,3507605,Bragança Paulista - SP,2023,2023,37,Produto Interno Bruto a preços correntes
6,Município,40,Mil Reais,157855,3507704,Braúna - SP,2023,2023,37,Produto Interno Bruto a preços correntes
6,Município,40,Mil Reais,90697,3507753,Brejo Alegre - SP,2023,2023,37,Produto Interno Bruto a preços correntes
6,Município,40,Mil Reais,1210305,3507803,Brodowski - SP,2023,2023,37,Produto Interno Bruto a preços correntes
6,Município,40,Mil Reais,1555980,3507902,Brotas - SP,2023,2023,37,Produto Interno Bruto a preços correntes
6,Município,40,Mil Reais,907833,3508009,Buri - SP,2023,2023,37,Produto Interno Bruto a preços correntes
6,Município,40,Mil Reais,746204,3508108,Buritama - SP,2023,2023,37,Produto Interno Bruto a preços correntes
6,Município,40,Mil Reais,305568,3508207,Buritizal - SP,2023,2023,37,Produto Interno Bruto a preços correntes
6,Município,40,Mil Reais,177481,3508306,Cabrália Paulista - SP,2023,2023,37,Produto Interno Bruto a preços correntes
6,Município,40,Mil Reais,7240981,3508405,Cabreúva - SP,2023,2023,37,Produto Interno Bruto a preços correntes
6,Município,40,Mil Reais,6516271,3508504,Caçapava - SP,2023,2023,37,Produto Interno Bruto a preços correntes
6,Município,40,Mil Reais,847786,3508603,Cachoeira Paulista - SP,2023,2023,37,Produto Interno Bruto a preços correntes
6,Município,40,Mil Reais,554109,3508702,Caconde - SP,2023,2023,37,Produto Interno Bruto a preços correntes
6,Município,40,Mil Reais,930635,3508801,Cafelândia - SP,2023,2023,37,Produto Interno Bruto a preços correntes
6,Município,40,Mil Reais,88015,3508900,Caiabu - SP,2023,2023,37,Produto Interno Bruto a preços correntes
6,Município,40,Mil Reais,5507619,3509007,Caieiras - SP,2023,2023,37,Produto Interno Bruto a preços correntes
6,Município,40,Mil Reais,111895,3509106,Caiuá - SP,2023,2023,37,Produto Interno Bruto a preços correntes
6,Município,40,Mil Reais,28984602,3509205,Cajamar - SP,2023,2023,37,Produto Interno Bruto a preços correntes
6,Município,40,Mil Reais,1987670,3509254,Cajati - SP,2023,2023,37,Produto Interno Bruto a preços correntes
6,Município,40,Mil Reais,275001,3509304,Cajobi - SP,2023,2023,37,Produto Interno Bruto a preços correntes
6,Município,40,Mil Reais,1123799,3509403,Cajuru - SP,2023,2023,37,Produto Interno Bruto a preços correntes
6,Município,40,Mil Reais,211436,3509452,Campina do Monte Alegre - SP,2023,2023,37,Produto Interno Bruto a preços correntes
6,Município,40,Mil Reais,91968328,3509502,Campinas - SP,2023,2023,37,Produto Interno Bruto a preços correntes
6,Município,40,Mil Reais,3233935,3509601,Campo Limpo Paulista - SP,2023,2023,37,Produto Interno Bruto a preços correntes
6,Município,40,Mil Reais,1946799,3509700,Campos do Jordão - SP,2023,2023,37,Produto Interno Bruto a preços correntes
6,Município,40,Mil Reais,342295,3509809,Campos Novos Paulista - SP,2023,2023,37,Produto Interno Bruto a preços correntes
6,Município,40,Mil Reais,330538,3509908,Cananéia - SP,2023,2023,37,Produto Interno Bruto a preços correntes
6,Município,40,Mil Reais,121017,3509957,Canas - SP,2023,2023,37,Produto Interno Bruto a preços correntes
6,Município,40,Mil Reais,2482755,3510005,Cândido Mota - SP,2023,2023,37,Produto Interno Bruto a preços correntes
6,Município,40,Mil Reais,157951,3510104,Cândido Rodrigues - SP,2023,2023,37,Produto Interno Bruto a preços correntes
6,Município,40,Mil Reais,218328,3510153,Canitar - SP,2023,2023,37,Produto Interno Bruto a preços correntes
6,Município,40,Mil Reais,1668882,3510203,Capão Bonito - SP,2023,2023,37,Produto Interno Bruto a preços correntes
6,Município,40,Mil Reais,536048,3510302,Capela do Alto - SP,2023,2023,37,Produto Interno Bruto a preços correntes
6,Município,40,Mil Reais,3824460,3510401,Capivari - SP,2023,2023,37,Produto Interno Bruto a preços correntes
6,Município,40,Mil Reais,5822815,3510500,Caraguatatuba - SP,2023,2023,37,Produto Interno Bruto a preços correntes
6,Município,40,Mil Reais,8436817,3510609,Carapicuíba - SP,2023,2023,37,Produto Interno Bruto a preços correntes
6,Município,40,Mil Reais,440025,3510708,Cardoso - SP,2023,2023,37,Produto Interno Bruto a preços correntes
6,Município,40,Mil Reais,1494279,3510807,Casa Branca - SP,2023,2023,37,Produto Interno Bruto a preços correntes
6,Município,40,Mil Reais,306056,3510906,Cássia dos Coqueiros - SP,2023,2023,37,Produto Interno Bruto a preços correntes
6,Município,40,Mil Reais,2275541,3511003,Castilho - SP,2023,2023,37,Produto Interno Bruto a preços correntes
6,Município,40,Mil Reais,7029953,3511102,Catanduva - SP,2023,2023,37,Produto Interno Bruto a preços correntes
6,Município,40,Mil Reais,196946,3511201,Catiguá - SP,2023,2023,37,Produto Interno Bruto a preços correntes
6,Município,40,Mil Reais,808870,3511300,Cedral - SP,2023,2023,37,Produto Interno Bruto a preços correntes
6,Município,40,Mil Reais,1400618,3511409,Cerqueira César - SP,2023,2023,37,Produto Interno Bruto a preços correntes
6,Município,40,Mil Reais,2891328,3511508,Cerquilho - SP,2023,2023,37,Produto Interno Bruto a preços correntes
6,Município,40,Mil Reais,1215884,3511607,Cesário Lange - SP,2023,2023,37,Produto Interno Bruto a preços correntes
6,Município,40,Mil Reais,790607,3511706,Charqueada - SP,2023,2023,37,Produto Interno Bruto a preços correntes
6,Município,40,Mil Reais,254107,3511904,Clementina - SP,2023,2023,37,Produto Interno Bruto a preços correntes
6,Município,40,Mil Reais,2052576,3512001,Colina - SP,2023,2023,37,Produto Interno Bruto a preços correntes
6,Município,40,Mil Reais,743433,3512100,Colômbia - SP,2023,2023,37,Produto Interno Bruto a preços correntes
6,Município,40,Mil Reais,1093664,3512209,Conchal - SP,2023,2023,37,Produto Interno Bruto a preços correntes
6,Município,40,Mil Reais,551103,3512308,Conchas - SP,2023,2023,37,Produto Interno Bruto a preços correntes
6,Município,40,Mil Reais,4167915,3512407,Cordeirópolis - SP,2023,2023,37,Produto Interno Bruto a preços correntes
6,Município,40,Mil Reais,335405,3512506,Coroados - SP,2023,2023,37,Produto Interno Bruto a preços correntes
6,Município,40,Mil Reais,165849,3512605,Coronel Macedo - SP,2023,2023,37,Produto Interno Bruto a preços correntes
6,Município,40,Mil Reais,354604,3512704,Corumbataí - SP,2023,2023,37,Produto Interno Bruto a preços correntes
6,Município,40,Mil Reais,2313364,3512803,Cosmópolis - SP,2023,2023,37,Produto Interno Bruto a preços correntes
6,Município,40,Mil Reais,878427,3512902,Cosmorama - SP,2023,2023,37,Produto Interno Bruto a preços correntes
6,Município,40,Mil Reais,19060773,3513009,Cotia - SP,2023,2023,37,Produto Interno Bruto a preços correntes
6,Município,40,Mil Reais,2357353,3513108,Cravinhos - SP,2023,2023,37,Produto Interno Bruto a preços correntes
6,Município,40,Mil Reais,449171,3513207,Cristais Paulista - SP,2023,2023,37,Produto Interno Bruto a preços correntes
6,Município,40,Mil Reais,218199,3513306,Cruzália - SP,2023,2023,37,Produto Interno Bruto a preços correntes
6,Município,40,Mil Reais,4281962,3513405,Cruzeiro - SP,2023,2023,37,Produto Interno Bruto a preços correntes
6,Município,40,Mil Reais,27813388,3513504,Cubatão - SP,2023,2023,37,Produto Interno Bruto a preços correntes
6,Município,40,Mil Reais,432941,3513603,Cunha - SP,2023,2023,37,Produto Interno Bruto a preços correntes
6,Município,40,Mil Reais,2584483,3513702,Descalvado - SP,2023,2023,37,Produto Interno Bruto a preços correntes
6,Município,40,Mil Reais,21229085,3513801,Diadema - SP,2023,2023,37,Produto Interno Bruto a preços correntes
6,Município,40,Mil Reais,99485,3513850,Dirce Reis - SP,2023,2023,37,Produto Interno Bruto a preços correntes
6,Município,40,Mil Reais,528584,3513900,Divinolândia - SP,2023,2023,37,Produto Interno Bruto a preços correntes
6,Município,40,Mil Reais,213755,3514007,Dobrada - SP,2023,2023,37,Produto Interno Bruto a preços correntes
6,Município,40,Mil Reais,1187097,3514106,Dois Córregos - SP,2023,2023,37,Produto Interno Bruto a preços correntes
6,Município,40,Mil Reais,84390,3514205,Dolcinópolis - SP,2023,2023,37,Produto Interno Bruto a preços correntes
6,Município,40,Mil Reais,1178140,3514304,Dourado - SP,2023,2023,37,Produto Interno Bruto a preços correntes
6,Município,40,Mil Reais,1855224,3514403,Dracena - SP,2023,2023,37,Produto Interno Bruto a preços correntes
6,Município,40,Mil Reais,435780,3514502,Duartina - SP,2023,2023,37,Produto Interno Bruto a preços correntes
6,Município,40,Mil Reais,414002,3514601,Dumont - SP,2023,2023,37,Produto Interno Bruto a preços correntes
6,Município,40,Mil Reais,187403,3514700,Echaporã - SP,2023,2023,37,Produto Interno Bruto a preços correntes
6,Município,40,Mil Reais,423995,3514809,Eldorado - SP,2023,2023,37,Produto Interno Bruto a preços correntes
6,Município,40,Mil Reais,2159509,3514908,Elias Fausto - SP,2023,2023,37,Produto Interno Bruto a preços correntes
6,Município,40,Mil Reais,121971,3514924,Elisiário - SP,2023,2023,37,Produto Interno Bruto a preços correntes
6,Município,40,Mil Reais,93032,3514957,Embaúba - SP,2023,2023,37,Produto Interno Bruto a preços correntes
6,Município,40,Mil Reais,17290650,3515004,Embu das Artes - SP,2023,2023,37,Produto Interno Bruto a preços correntes
6,Município,40,Mil Reais,1742920,3515103,Embu-Guaçu - SP,2023,2023,37,Produto Interno Bruto a preços correntes
6,Município,40,Mil Reais,97866,3515129,Emilianópolis - SP,2023,2023,37,Produto Interno Bruto a preços correntes
6,Município,40,Mil Reais,814390,3515152,Engenheiro Coelho - SP,2023,2023,37,Produto Interno Bruto a preços correntes
6,Município,40,Mil Reais,2715247,3515186,Espírito Santo do Pinhal - SP,2023,2023,37,Produto Interno Bruto a preços correntes
6,Município,40,Mil Reais,181809,3515194,Espírito Santo do Turvo - SP,2023,2023,37,Produto Interno Bruto a preços correntes
6,Município,40,Mil Reais,1317163,3515202,Estrela d'Oeste - SP,2023,2023,37,Produto Interno Bruto a preços correntes
6,Município,40,Mil Reais,69692,3515301,Estrela do Norte - SP,2023,2023,37,Produto Interno Bruto a preços correntes
6,Município,40,Mil Reais,162208,3515350,Euclides da Cunha Paulista - SP,2023,2023,37,Produto Interno Bruto a preços correntes
6,Município,40,Mil Reais,566395,3515400,Fartura - SP,2023,2023,37,Produto Interno Bruto a preços correntes
6,Município,40,Mil Reais,2790708,3515509,Fernandópolis - SP,2023,2023,37,Produto Interno Bruto a preços correntes
6,Município,40,Mil Reais,281662,3515608,Fernando Prestes - SP,2023,2023,37,Produto Interno Bruto a preços correntes
6,Município,40,Mil Reais,102634,3515657,Fernão - SP,2023,2023,37,Produto Interno Bruto a preços correntes
6,Município,40,Mil Reais,5523981,3515707,Ferraz de Vasconcelos - SP,2023,2023,37,Produto Interno Bruto a preços correntes
6,Município,40,Mil Reais,65665,3515806,Flora Rica - SP,2023,2023,37,Produto Interno Bruto a preços correntes
6,Município,40,Mil Reais,131171,3515905,Floreal - SP,2023,2023,37,Produto Interno Bruto a preços correntes
6,Município,40,Mil Reais,361684,3516002,Flórida Paulista - SP,2023,2023,37,Produto Interno Bruto a preços correntes
6,Município,40,Mil Reais,216161,3516101,Florínea - SP,2023,2023,37,Produto Interno Bruto a preços correntes
6,Município,40,Mil Reais,14375667,3516200,Franca - SP,2023,2023,37,Produto Interno Bruto a preços correntes
6,Município,40,Mil Reais,2237469,3516309,Francisco Morato - SP,2023,2023,37,Produto Interno Bruto a preços correntes
6,Município,40,Mil Reais,5438089,3516408,Franco da Rocha - SP,2023,2023,37,Produto Interno Bruto a preços correntes
6,Município,40,Mil Reais,123956,3516507,Gabriel Monteiro - SP,2023,2023,37,Produto Interno Bruto a preços correntes
6,Município,40,Mil Reais,220849,3516606,Gália - SP,2023,2023,37,Produto Interno Bruto a preços correntes
6,Município,40,Mil Reais,1893766,3516705,Garça - SP,2023,2023,37,Produto Interno Bruto a preços correntes
6,Município,40,Mil Reais,101942,3516804,Gastão Vidigal - SP,2023,2023,37,Produto Interno Bruto a preços correntes
6,Município,40,Mil Reais,1735633,3516853,Gavião Peixoto - SP,2023,2023,37,Produto Interno Bruto a preços correntes
6,Município,40,Mil Reais,348923,3516903,General Salgado - SP,2023,2023,37,Produto Interno Bruto a preços correntes
6,Município,40,Mil Reais,272841,3517000,Getulina - SP,2023,2023,37,Produto Interno Bruto a preços correntes
6,Município,40,Mil Reais,188392,3517109,Glicério - SP,2023,2023,37,Produto Interno Bruto a preços correntes
6,Município,40,Mil Reais,310852,3517208,Guaiçara - SP,2023,2023,37,Produto Interno Bruto a preços correntes
6,Município,40,Mil Reais,593772,3517307,Guaimbê - SP,2023,2023,37,Produto Interno Bruto a preços correntes
6,Município,40,Mil Reais,3233958,3517406,Guaíra - SP,2023,2023,37,Produto Interno Bruto a preços correntes
6,Município,40,Mil Reais,1134077,3517505,Guapiaçu - SP,2023,2023,37,Produto Interno Bruto a preços correntes
6,Município,40,Mil Reais,585182,3517604,Guapiara - SP,2023,2023,37,Produto Interno Bruto a preços correntes
6,Município,40,Mil Reais,854715,3517703,Guará - SP,2023,2023,37,Produto Interno Bruto a preços correntes
6,Município,40,Mil Reais,374454,3517802,Guaraçaí - SP,2023,2023,37,Produto Interno Bruto a preços correntes
6,Município,40,Mil Reais,660486,3517901,Guaraci - SP,2023,2023,37,Produto Interno Bruto a preços correntes
6,Município,40,Mil Reais,48665,3518008,Guarani d'Oeste - SP,2023,2023,37,Produto Interno Bruto a preços correntes
6,Município,40,Mil Reais,312045,3518107,Guarantã - SP,2023,2023,37,Produto Interno Bruto a preços correntes
6,Município,40,Mil Reais,1718488,3518206,Guararapes - SP,2023,2023,37,Produto Interno Bruto a preços correntes
6,Município,40,Mil Reais,2034663,3518305,Guararema - SP,2023,2023,37,Produto Interno Bruto a preços correntes
6,Município,40,Mil Reais,8369821,3518404,Guaratinguetá - SP,2023,2023,37,Produto Interno Bruto a preços correntes
6,Município,40,Mil Reais,386201,3518503,Guareí - SP,2023,2023,37,Produto Interno Bruto a preços correntes
6,Município,40,Mil Reais,1517994,3518602,Guariba - SP,2023,2023,37,Produto Interno Bruto a preços correntes
6,Município,40,Mil Reais,11536359,3518701,Guarujá - SP,2023,2023,37,Produto Interno Bruto a preços correntes
6,Município,40,Mil Reais,97557674,3518800,Guarulhos - SP,2023,2023,37,Produto Interno Bruto a preços correntes
6,Município,40,Mil Reais,353798,3518859,Guatapará - SP,2023,2023,37,Produto Interno Bruto a preços correntes
6,Município,40,Mil Reais,120156,3518909,Guzolândia - SP,2023,2023,37,Produto Interno Bruto a preços correntes
6,Município,40,Mil Reais,552689,3519006,Herculândia - SP,2023,2023,37,Produto Interno Bruto a preços correntes
6,Município,40,Mil Reais,1806633,3519055,Holambra - SP,2023,2023,37,Produto Interno Bruto a preços correntes
6,Município,40,Mil Reais,22163924,3519071,Hortolândia - SP,2023,2023,37,Produto Interno Bruto a preços correntes
6,Município,40,Mil Reais,687530,3519105,Iacanga - SP,2023,2023,37,Produto Interno Bruto a preços correntes
6,Município,40,Mil Reais,372134,3519204,Iacri - SP,2023,2023,37,Produto Interno Bruto a preços correntes
6,Município,40,Mil Reais,326007,3519253,Iaras - SP,2023,2023,37,Produto Interno Bruto a preços correntes
6,Município,40,Mil Reais,1516837,3519303,Ibaté - SP,2023,2023,37,Produto Interno Bruto a preços correntes
6,Município,40,Mil Reais,418178,3519402,Ibirá - SP,2023,2023,37,Produto Interno Bruto a preços correntes
6,Município,40,Mil Reais,331387,3519501,Ibirarema - SP,2023,2023,37,Produto Interno Bruto a preços correntes
6,Município,40,Mil Reais,2528835,3519600,Ibitinga - SP,2023,2023,37,Produto Interno Bruto a preços correntes
6,Município,40,Mil Reais,3023501,3519709,Ibiúna - SP,2023,2023,37,Produto Interno Bruto a preços correntes
6,Município,40,Mil Reais,263932,3519808,Icém - SP,2023,2023,37,Produto Interno Bruto a preços correntes
6,Município,40,Mil Reais,503732,3519907,Iepê - SP,2023,2023,37,Produto Interno Bruto a preços correntes
6,Município,40,Mil Reais,477976,3520004,Igaraçu do Tietê - SP,2023,2023,37,Produto Interno Bruto a preços correntes
6,Município,40,Mil Reais,1422122,3520103,Igarapava - SP,2023,2023,37,Produto Interno Bruto a preços correntes
6,Município,40,Mil Reais,353163,3520202,Igaratá - SP,2023,2023,37,Produto Interno Bruto a preços correntes
6,Município,40,Mil Reais,1896850,3520301,Iguape - SP,2023,2023,37,Produto Interno Bruto a preços correntes
6,Município,40,Mil Reais,14830715,3520400,Ilhabela - SP,2023,2023,37,Produto Interno Bruto a preços correntes
6,Município,40,Mil Reais,2802536,3520426,Ilha Comprida - SP,2023,2023,37,Produto Interno Bruto a preços correntes
6,Município,40,Mil Reais,917732,3520442,Ilha Solteira - SP,2023,2023,37,Produto Interno Bruto a preços correntes
6,Município,40,Mil Reais,28264863,3520509,Indaiatuba - SP,2023,2023,37,Produto Interno Bruto a preços correntes
6,Município,40,Mil Reais,99886,3520608,Indiana - SP,2023,2023,37,Produto Interno Bruto a preços correntes
6,Município,40,Mil Reais,167087,3520707,Indiaporã - SP,2023,2023,37,Produto Interno Bruto a preços correntes
6,Município,40,Mil Reais,176723,3520806,Inúbia Paulista - SP,2023,2023,37,Produto Interno Bruto a preços correntes
6,Município,40,Mil Reais,678118,3520905,Ipaussu - SP,2023,2023,37,Produto Interno Bruto a preços correntes
6,Município,40,Mil Reais,1291003,3521002,Iperó - SP,2023,2023,37,Produto Interno Bruto a preços correntes
6,Município,40,Mil Reais,1055776,3521101,Ipeúna - SP,2023,2023,37,Produto Interno Bruto a preços correntes
6,Município,40,Mil Reais,173091,3521150,Ipiguá - SP,2023,2023,37,Produto Interno Bruto a preços correntes
6,Município,40,Mil Reais,70829,3521200,Iporanga - SP,2023,2023,37,Produto Interno Bruto a preços correntes
6,Município,40,Mil Reais,589810,3521309,Ipuã - SP,2023,2023,37,Produto Interno Bruto a preços correntes
6,Município,40,Mil Reais,2403778,3521408,Iracemápolis - SP,2023,2023,37,Produto Interno Bruto a preços correntes
6,Município,40,Mil Reais,282416,3521507,Irapuã - SP,2023,2023,37,Produto Interno Bruto a preços correntes
6,Município,40,Mil Reais,142422,3521606,Irapuru - SP,2023,2023,37,Produto Interno Bruto a preços correntes
6,Município,40,Mil Reais,1058159,3521705,Itaberá - SP,2023,2023,37,Produto Interno Bruto a preços correntes
6,Município,40,Mil Reais,1082752,3521804,Itaí - SP,2023,2023,37,Produto Interno Bruto a preços correntes
6,Município,40,Mil Reais,1278534,3521903,Itajobi - SP,2023,2023,37,Produto Interno Bruto a preços correntes
6,Município,40,Mil Reais,308305,3522000,Itaju - SP,2023,2023,37,Produto Interno Bruto a preços correntes
6,Município,40,Mil Reais,2956406,3522109,Itanhaém - SP,2023,2023,37,Produto Interno Bruto a preços correntes
6,Município,40,Mil Reais,67982,3522158,Itaoca - SP,2023,2023,37,Produto Interno Bruto a preços correntes
6,Município,40,Mil Reais,6215134,3522208,Itapecerica da Serra - SP,2023,2023,37,Produto Interno Bruto a preços correntes
6,Município,40,Mil Reais,7962802,3522307,Itapetininga - SP,2023,2023,37,Produto Interno Bruto a preços correntes
6,Município,40,Mil Reais,4558512,3522406,Itapeva - SP,2023,2023,37,Produto Interno Bruto a preços correntes
6,Município,40,Mil Reais,15615097,3522505,Itapevi - SP,2023,2023,37,Produto Interno Bruto a preços correntes
6,Município,40,Mil Reais,6365974,3522604,Itapira - SP,2023,2023,37,Produto Interno Bruto a preços correntes
6,Município,40,Mil Reais,77308,3522653,Itapirapuã Paulista - SP,2023,2023,37,Produto Interno Bruto a preços correntes
6,Município,40,Mil Reais,2524858,3522703,Itápolis - SP,2023,2023,37,Produto Interno Bruto a preços correntes
6,Município,40,Mil Reais,408307,3522802,Itaporanga - SP,2023,2023,37,Produto Interno Bruto a preços correntes
6,Município,40,Mil Reais,1311338,3522901,Itapuí - SP,2023,2023,37,Produto Interno Bruto a preços correntes
6,Município,40,Mil Reais,209349,3523008,Itapura - SP,2023,2023,37,Produto Interno Bruto a preços correntes
6,Município,40,Mil Reais,11979260,3523107,Itaquaquecetuba - SP,2023,2023,37,Produto Interno Bruto a preços correntes
6,Município,40,Mil Reais,1406445,3523206,Itararé - SP,2023,2023,37,Produto Interno Bruto a preços correntes
6,Município,40,Mil Reais,400627,3523305,Itariri - SP,2023,2023,37,Produto Interno Bruto a preços correntes
6,Município,40,Mil Reais,10327467,3523404,Itatiba - SP,2023,2023,37,Produto Interno Bruto a preços correntes
6,Município,40,Mil Reais,601161,3523503,Itatinga - SP,2023,2023,37,Produto Interno Bruto a preços correntes
6,Município,40,Mil Reais,1570273,3523602,Itirapina - SP,2023,2023,37,Produto Interno Bruto a preços correntes
6,Município,40,Mil Reais,190876,3523701,Itirapuã - SP,2023,2023,37,Produto Interno Bruto a preços correntes
6,Município,40,Mil Reais,251138,3523800,Itobi - SP,2023,2023,37,Produto Interno Bruto a preços correntes
6,Município,40,Mil Reais,14012530,3523909,Itu - SP,2023,2023,37,Produto Interno Bruto a preços correntes
6,Município,40,Mil Reais,10529260,3524006,Itupeva - SP,2023,2023,37,Produto Interno Bruto a preços correntes
6,Município,40,Mil Reais,2218625,3524105,Ituverava - SP,2023,2023,37,Produto Interno Bruto a preços correntes
6,Município,40,Mil Reais,247095,3524204,Jaborandi - SP,2023,2023,37,Produto Interno Bruto a preços correntes
6,Município,40,Mil Reais,4156253,3524303,Jaboticabal - SP,2023,2023,37,Produto Interno Bruto a preços correntes
6,Município,40,Mil Reais,19692996,3524402,Jacareí - SP,2023,2023,37,Produto Interno Bruto a preços correntes
6,Município,40,Mil Reais,880800,3524501,Jaci - SP,2023,2023,37,Produto Interno Bruto a preços correntes
6,Município,40,Mil Reais,698901,3524600,Jacupiranga - SP,2023,2023,37,Produto Interno Bruto a preços correntes
6,Município,40,Mil Reais,14680878,3524709,Jaguariúna - SP,2023,2023,37,Produto Interno Bruto a preços correntes
6,Município,40,Mil Reais,2590208,3524808,Jales - SP,2023,2023,37,Produto Interno Bruto a preços correntes
6,Município,40,Mil Reais,461642,3524907,Jambeiro - SP,2023,2023,37,Produto Interno Bruto a preços correntes
6,Município,40,Mil Reais,5547107,3525003,Jandira - SP,2023,2023,37,Produto Interno Bruto a preços correntes
6,Município,40,Mil Reais,2398612,3525102,Jardinópolis - SP,2023,2023,37,Produto Interno Bruto a preços correntes
6,Município,40,Mil Reais,3546444,3525201,Jarinu - SP,2023,2023,37,Produto Interno Bruto a preços correntes
6,Município,40,Mil Reais,6542933,3525300,Jaú - SP,2023,2023,37,Produto Interno Bruto a preços correntes
6,Município,40,Mil Reais,308789,3525409,Jeriquara - SP,2023,2023,37,Produto Interno Bruto a preços correntes
6,Município,40,Mil Reais,335737,3525508,Joanópolis - SP,2023,2023,37,Produto Interno Bruto a preços correntes
6,Município,40,Mil Reais,187000,3525607,João Ramalho - SP,2023,2023,37,Produto Interno Bruto a preços correntes
6,Município,40,Mil Reais,1940540,3525706,José Bonifácio - SP,2023,2023,37,Produto Interno Bruto a preços correntes
6,Município,40,Mil Reais,82839,3525805,Júlio Mesquita - SP,2023,2023,37,Produto Interno Bruto a preços correntes
6,Município,40,Mil Reais,287951,3525854,Jumirim - SP,2023,2023,37,Produto Interno Bruto a preços correntes
6,Município,40,Mil Reais,65418378,3525904,Jundiaí - SP,2023,2023,37,Produto Interno Bruto a preços correntes
6,Município,40,Mil Reais,940871,3526001,Junqueirópolis - SP,2023,2023,37,Produto Interno Bruto a preços correntes
6,Município,40,Mil Reais,446418,3526100,Juquiá - SP,2023,2023,37,Produto Interno Bruto a preços correntes
6,Município,40,Mil Reais,660665,3526209,Juquitiba - SP,2023,2023,37,Produto Interno Bruto a preços correntes
6,Município,40,Mil Reais,101411,3526308,Lagoinha - SP,2023,2023,37,Produto Interno Bruto a preços correntes
6,Município,40,Mil Reais,1688979,3526407,Laranjal Paulista - SP,2023,2023,37,Produto Interno Bruto a preços correntes
6,Município,40,Mil Reais,262294,3526506,Lavínia - SP,2023,2023,37,Produto Interno Bruto a preços correntes
6,Município,40,Mil Reais,169896,3526605,Lavrinhas - SP,2023,2023,37,Produto Interno Bruto a preços correntes
6,Município,40,Mil Reais,4938512,3526704,Leme - SP,2023,2023,37,Produto Interno Bruto a preços correntes
6,Município,40,Mil Reais,6564648,3526803,Lençóis Paulista - SP,2023,2023,37,Produto Interno Bruto a preços correntes
6,Município,40,Mil Reais,20876940,3526902,Limeira - SP,2023,2023,37,Produto Interno Bruto a preços correntes
6,Município,40,Mil Reais,405308,3527009,Lindóia - SP,2023,2023,37,Produto Interno Bruto a preços correntes
6,Município,40,Mil Reais,8610363,3527108,Lins - SP,2023,2023,37,Produto Interno Bruto a preços correntes
6,Município,40,Mil Reais,4501318,3527207,Lorena - SP,2023,2023,37,Produto Interno Bruto a preços correntes
6,Município,40,Mil Reais,55440,3527256,Lourdes - SP,2023,2023,37,Produto Interno Bruto a preços correntes
6,Município,40,Mil Reais,20154612,3527306,Louveira - SP,2023,2023,37,Produto Interno Bruto a preços correntes
6,Município,40,Mil Reais,600068,3527405,Lucélia - SP,2023,2023,37,Produto Interno Bruto a preços correntes
6,Município,40,Mil Reais,138654,3527504,Lucianópolis - SP,2023,2023,37,Produto Interno Bruto a preços correntes
6,Município,40,Mil Reais,2385617,3527603,Luís Antônio - SP,2023,2023,37,Produto Interno Bruto a preços correntes
6,Município,40,Mil Reais,117809,3527702,Luiziânia - SP,2023,2023,37,Produto Interno Bruto a preços correntes
6,Município,40,Mil Reais,115244,3527801,Lupércio - SP,2023,2023,37,Produto Interno Bruto a preços correntes
6,Município,40,Mil Reais,135645,3527900,Lutécia - SP,2023,2023,37,Produto Interno Bruto a preços correntes
6,Município,40,Mil Reais,691847,3528007,Macatuba - SP,2023,2023,37,Produto Interno Bruto a preços correntes
6,Município,40,Mil Reais,245038,3528106,Macaubal - SP,2023,2023,37,Produto Interno Bruto a preços correntes
6,Município,40,Mil Reais,123750,3528205,Macedônia - SP,2023,2023,37,Produto Interno Bruto a preços correntes
6,Município,40,Mil Reais,168949,3528304,Magda - SP,2023,2023,37,Produto Interno Bruto a preços correntes
6,Município,40,Mil Reais,2923463,3528403,Mairinque - SP,2023,2023,37,Produto Interno Bruto a preços correntes
6,Município,40,Mil Reais,2767181,3528502,Mairiporã - SP,2023,2023,37,Produto Interno Bruto a preços correntes
6,Município,40,Mil Reais,361118,3528601,Manduri - SP,2023,2023,37,Produto Interno Bruto a preços correntes
6,Município,40,Mil Reais,201668,3528700,Marabá Paulista - SP,2023,2023,37,Produto Interno Bruto a preços correntes
6,Município,40,Mil Reais,1039676,3528809,Maracaí - SP,2023,2023,37,Produto Interno Bruto a preços correntes
6,Município,40,Mil Reais,163562,3528858,Marapoama - SP,2023,2023,37,Produto Interno Bruto a preços correntes
6,Município,40,Mil Reais,90255,3528908,Mariápolis - SP,2023,2023,37,Produto Interno Bruto a preços correntes
6,Município,40,Mil Reais,12507571,3529005,Marília - SP,2023,2023,37,Produto Interno Bruto a preços correntes
6,Município,40,Mil Reais,56365,3529104,Marinópolis - SP,2023,2023,37,Produto Interno Bruto a preços correntes
6,Município,40,Mil Reais,949416,3529203,Martinópolis - SP,2023,2023,37,Produto Interno Bruto a preços correntes
6,Município,40,Mil Reais,7646780,3529302,Matão - SP,2023,2023,37,Produto Interno Bruto a preços correntes
6,Município,40,Mil Reais,25000732,3529401,Mauá - SP,2023,2023,37,Produto Interno Bruto a preços correntes
6,Município,40,Mil Reais,593745,3529500,Mendonça - SP,2023,2023,37,Produto Interno Bruto a preços correntes
6,Município,40,Mil Reais,437548,3529609,Meridiano - SP,2023,2023,37,Produto Interno Bruto a preços correntes
6,Município,40,Mil Reais,108331,3529658,Mesópolis - SP,2023,2023,37,Produto Interno Bruto a preços correntes
6,Município,40,Mil Reais,1113098,3529708,Miguelópolis - SP,2023,2023,37,Produto Interno Bruto a preços correntes
6,Município,40,Mil Reais,309941,3529807,Mineiros do Tietê - SP,2023,2023,37,Produto Interno Bruto a preços correntes
6,Município,40,Mil Reais,560827,3529906,Miracatu - SP,2023,2023,37,Produto Interno Bruto a preços correntes
6,Município,40,Mil Reais,77240,3530003,Mira Estrela - SP,2023,2023,37,Produto Interno Bruto a preços correntes
6,Município,40,Mil Reais,978818,3530102,Mirandópolis - SP,2023,2023,37,Produto Interno Bruto a preços correntes
6,Município,40,Mil Reais,651108,3530201,Mirante do Paranapanema - SP,2023,2023,37,Produto Interno Bruto a preços correntes
6,Município,40,Mil Reais,3345888,3530300,Mirassol - SP,2023,2023,37,Produto Interno Bruto a preços correntes
6,Município,40,Mil Reais,378154,3530409,Mirassolândia - SP,2023,2023,37,Produto Interno Bruto a preços correntes
6,Município,40,Mil Reais,4014553,3530508,Mococa - SP,2023,2023,37,Produto Interno Bruto a preços correntes
6,Município,40,Mil Reais,26072522,3530607,Mogi das Cruzes - SP,2023,2023,37,Produto Interno Bruto a preços correntes
6,Município,40,Mil Reais,9433838,3530706,Mogi Guaçu - SP,2023,2023,37,Produto Interno Bruto a preços correntes
6,Município,40,Mil Reais,8092719,3530805,Mogi Mirim - SP,2023,2023,37,Produto Interno Bruto a preços correntes
6,Município,40,Mil Reais,179189,3530904,Mombuca - SP,2023,2023,37,Produto Interno Bruto a preços correntes
6,Município,40,Mil Reais,77881,3531001,Monções - SP,2023,2023,37,Produto Interno Bruto a preços correntes
6,Município,40,Mil Reais,1535906,3531100,Mongaguá - SP,2023,2023,37,Produto Interno Bruto a preços correntes
6,Município,40,Mil Reais,304555,3531209,Monte Alegre do Sul - SP,2023,2023,37,Produto Interno Bruto a preços correntes
6,Município,40,Mil Reais,3062782,3531308,Monte Alto - SP,2023,2023,37,Produto Interno Bruto a preços correntes
6,Município,40,Mil Reais,1038560,3531407,Monte Aprazível - SP,2023,2023,37,Produto Interno Bruto a preços correntes
6,Município,40,Mil Reais,958014,3531506,Monte Azul Paulista - SP,2023,2023,37,Produto Interno Bruto a preços correntes
6,Município,40,Mil Reais,161947,3531605,Monte Castelo - SP,2023,2023,37,Produto Interno Bruto a preços correntes
6,Município,40,Mil Reais,113891,3531704,Monteiro Lobato - SP,2023,2023,37,Produto Interno Bruto a preços correntes
6,Município,40,Mil Reais,6049398,3531803,Monte Mor - SP,2023,2023,37,Produto Interno Bruto a preços correntes
6,Município,40,Mil Reais,1980195,3531902,Morro Agudo - SP,2023,2023,37,Produto Interno Bruto a preços correntes
6,Município,40,Mil Reais,765641,3532009,Morungaba - SP,2023,2023,37,Produto Interno Bruto a preços correntes
6,Município,40,Mil Reais,171027,3532058,Motuca - SP,2023,2023,37,Produto Interno Bruto a preços correntes
6,Município,40,Mil Reais,113474,3532108,Murutinga do Sul - SP,2023,2023,37,Produto Interno Bruto a preços correntes
6,Município,40,Mil Reais,189556,3532157,Nantes - SP,2023,2023,37,Produto Interno Bruto a preços correntes
6,Município,40,Mil Reais,896057,3532207,Narandiba - SP,2023,2023,37,Produto Interno Bruto a preços correntes
6,Município,40,Mil Reais,159425,3532306,Natividade da Serra - SP,2023,2023,37,Produto Interno Bruto a preços correntes
6,Município,40,Mil Reais,595410,3532405,Nazaré Paulista - SP,2023,2023,37,Produto Interno Bruto a preços correntes
6,Município,40,Mil Reais,384592,3532504,Neves Paulista - SP,2023,2023,37,Produto Interno Bruto a preços correntes
6,Município,40,Mil Reais,507862,3532603,Nhandeara - SP,2023,2023,37,Produto Interno Bruto a preços correntes
6,Município,40,Mil Reais,146719,3532702,Nipoã - SP,2023,2023,37,Produto Interno Bruto a preços correntes
6,Município,40,Mil Reais,361490,3532801,Nova Aliança - SP,2023,2023,37,Produto Interno Bruto a preços correntes
6,Município,40,Mil Reais,260753,3532827,Nova Campina - SP,2023,2023,37,Produto Interno Bruto a preços correntes
6,Município,40,Mil Reais,57172,3532843,Nova Canaã Paulista - SP,2023,2023,37,Produto Interno Bruto a preços correntes
6,Município,40,Mil Reais,91228,3532868,Nova Castilho - SP,2023,2023,37,Produto Interno Bruto a preços correntes
6,Município,40,Mil Reais,556400,3532900,Nova Europa - SP,2023,2023,37,Produto Interno Bruto a preços correntes
6,Município,40,Mil Reais,732341,3533007,Nova Granada - SP,2023,2023,37,Produto Interno Bruto a preços correntes
6,Município,40,Mil Reais,47451,3533106,Nova Guataporanga - SP,2023,2023,37,Produto Interno Bruto a preços correntes
6,Município,40,Mil Reais,285939,3533205,Nova Independência - SP,2023,2023,37,Produto Interno Bruto a preços correntes
6,Município,40,Mil Reais,105507,3533254,Novais - SP,2023,2023,37,Produto Interno Bruto a preços correntes
6,Município,40,Mil Reais,70080,3533304,Nova Luzitânia - SP,2023,2023,37,Produto Interno Bruto a preços correntes
6,Município,40,Mil Reais,5613297,3533403,Nova Odessa - SP,2023,2023,37,Produto Interno Bruto a preços correntes
6,Município,40,Mil Reais,2313783,3533502,Novo Horizonte - SP,2023,2023,37,Produto Interno Bruto a preços correntes
6,Município,40,Mil Reais,1235537,3533601,Nuporanga - SP,2023,2023,37,Produto Interno Bruto a preços correntes
6,Município,40,Mil Reais,163910,3533700,Ocauçu - SP,2023,2023,37,Produto Interno Bruto a preços correntes
6,Município,40,Mil Reais,143212,3533809,Óleo - SP,2023,2023,37,Produto Interno Bruto a preços correntes
6,Município,40,Mil Reais,3569676,3533908,Olímpia - SP,2023,2023,37,Produto Interno Bruto a preços correntes
6,Município,40,Mil Reais,370589,3534005,Onda Verde - SP,2023,2023,37,Produto Interno Bruto a preços correntes
6,Município,40,Mil Reais,194079,3534104,Oriente - SP,2023,2023,37,Produto Interno Bruto a preços correntes
6,Município,40,Mil Reais,830370,3534203,Orindiúva - SP,2023,2023,37,Produto Interno Bruto a preços correntes
6,Município,40,Mil Reais,3247648,3534302,Orlândia - SP,2023,2023,37,Produto Interno Bruto a preços correntes
6,Município,40,Mil Reais,119404053,3534401,Osasco - SP,2023,2023,37,Produto Interno Bruto a preços correntes
6,Município,40,Mil Reais,123399,3534500,Oscar Bressane - SP,2023,2023,37,Produto Interno Bruto a preços correntes
6,Município,40,Mil Reais,1615248,3534609,Osvaldo Cruz - SP,2023,2023,37,Produto Interno Bruto a preços correntes
6,Município,40,Mil Reais,4902762,3534708,Ourinhos - SP,2023,2023,37,Produto Interno Bruto a preços correntes
6,Município,40,Mil Reais,670735,3534757,Ouroeste - SP,2023,2023,37,Produto Interno Bruto a preços correntes
6,Município,40,Mil Reais,186891,3534807,Ouro Verde - SP,2023,2023,37,Produto Interno Bruto a preços correntes
6,Município,40,Mil Reais,285244,3534906,Pacaembu - SP,2023,2023,37,Produto Interno Bruto a preços correntes
6,Município,40,Mil Reais,603348,3535002,Palestina - SP,2023,2023,37,Produto Interno Bruto a preços correntes
6,Município,40,Mil Reais,209646,3535101,Palmares Paulista - SP,2023,2023,37,Produto Interno Bruto a preços correntes
6,Município,40,Mil Reais,308864,3535200,Palmeira d'Oeste - SP,2023,2023,37,Produto Interno Bruto a preços correntes
6,Município,40,Mil Reais,1405807,3535309,Palmital - SP,2023,2023,37,Produto Interno Bruto a preços correntes
6,Município,40,Mil Reais,397153,3535408,Panorama - SP,2023,2023,37,Produto Interno Bruto a preços correntes
6,Município,40,Mil Reais,3133902,3535507,Paraguaçu Paulista - SP,2023,2023,37,Produto Interno Bruto a preços correntes
6,Município,40,Mil Reais,408569,3535606,Paraibuna - SP,2023,2023,37,Produto Interno Bruto a preços correntes
6,Município,40,Mil Reais,436076,3535705,Paraíso - SP,2023,2023,37,Produto Interno Bruto a preços correntes
6,Município,40,Mil Reais,1222547,3535804,Paranapanema - SP,2023,2023,37,Produto Interno Bruto a preços correntes
6,Município,40,Mil Reais,160653,3535903,Paranapuã - SP,2023,2023,37,Produto Interno Bruto a preços correntes
6,Município,40,Mil Reais,1150356,3536000,Parapuã - SP,2023,2023,37,Produto Interno Bruto a preços correntes
6,Município,40,Mil Reais,515971,3536109,Pardinho - SP,2023,2023,37,Produto Interno Bruto a preços correntes
6,Município,40,Mil Reais,753097,3536208,Pariquera-Açu - SP,2023,2023,37,Produto Interno Bruto a preços correntes
6,Município,40,Mil Reais,67931,3536257,Parisi - SP,2023,2023,37,Produto Interno Bruto a preços correntes
6,Município,40,Mil Reais,1850012,3536307,Patrocínio Paulista - SP,2023,2023,37,Produto Interno Bruto a preços correntes
6,Município,40,Mil Reais,322394,3536406,Paulicéia - SP,2023,2023,37,Produto Interno Bruto a preços correntes
6,Município,40,Mil Reais,67067300,3536505,Paulínia - SP,2023,2023,37,Produto Interno Bruto a preços correntes
6,Município,40,Mil Reais,74506,3536570,Paulistânia - SP,2023,2023,37,Produto Interno Bruto a preços correntes
6,Município,40,Mil Reais,426146,3536604,Paulo de Faria - SP,2023,2023,37,Produto Interno Bruto a preços correntes
6,Município,40,Mil Reais,3840421,3536703,Pederneiras - SP,2023,2023,37,Produto Interno Bruto a preços correntes
6,Município,40,Mil Reais,147569,3536802,Pedra Bela - SP,2023,2023,37,Produto Interno Bruto a preços correntes
6,Município,40,Mil Reais,116928,3536901,Pedranópolis - SP,2023,2023,37,Produto Interno Bruto a preços correntes
6,Município,40,Mil Reais,1417488,3537008,Pedregulho - SP,2023,2023,37,Produto Interno Bruto a preços correntes
6,Município,40,Mil Reais,1817292,3537107,Pedreira - SP,2023,2023,37,Produto Interno Bruto a preços correntes
6,Município,40,Mil Reais,177967,3537156,Pedrinhas Paulista - SP,2023,2023,37,Produto Interno Bruto a preços correntes
6,Município,40,Mil Reais,208399,3537206,Pedro de Toledo - SP,2023,2023,37,Produto Interno Bruto a preços correntes
6,Município,40,Mil Reais,2743180,3537305,Penápolis - SP,2023,2023,37,Produto Interno Bruto a preços correntes
6,Município,40,Mil Reais,1495859,3537404,Pereira Barreto - SP,2023,2023,37,Produto Interno Bruto a preços correntes
6,Município,40,Mil Reais,410463,3537503,Pereiras - SP,2023,2023,37,Produto Interno Bruto a preços correntes
6,Município,40,Mil Reais,2366996,3537602,Peruíbe - SP,2023,2023,37,Produto Interno Bruto a preços correntes
6,Município,40,Mil Reais,160075,3537701,Piacatu - SP,2023,2023,37,Produto Interno Bruto a preços correntes
6,Município,40,Mil Reais,1839652,3537800,Piedade - SP,2023,2023,37,Produto Interno Bruto a preços correntes
6,Município,40,Mil Reais,1502794,3537909,Pilar do Sul - SP,2023,2023,37,Produto Interno Bruto a preços correntes
6,Município,40,Mil Reais,13674680,3538006,Pindamonhangaba - SP,2023,2023,37,Produto Interno Bruto a preços correntes
6,Município,40,Mil Reais,733296,3538105,Pindorama - SP,2023,2023,37,Produto Interno Bruto a preços correntes
6,Município,40,Mil Reais,416405,3538204,Pinhalzinho - SP,2023,2023,37,Produto Interno Bruto a preços correntes
6,Município,40,Mil Reais,100296,3538303,Piquerobi - SP,2023,2023,37,Produto Interno Bruto a preços correntes
6,Município,40,Mil Reais,227361,3538501,Piquete - SP,2023,2023,37,Produto Interno Bruto a preços correntes
6,Município,40,Mil Reais,799449,3538600,Piracaia - SP,2023,2023,37,Produto Interno Bruto a preços correntes
6,Município,40,Mil Reais,44351588,3538709,Piracicaba - SP,2023,2023,37,Produto Interno Bruto a preços correntes
6,Município,40,Mil Reais,1088629,3538808,Piraju - SP,2023,2023,37,Produto Interno Bruto a preços correntes
6,Município,40,Mil Reais,737809,3538907,Pirajuí - SP,2023,2023,37,Produto Interno Bruto a preços correntes
6,Município,40,Mil Reais,535545,3539004,Pirangi - SP,2023,2023,37,Produto Interno Bruto a preços correntes
6,Município,40,Mil Reais,693314,3539103,Pirapora do Bom Jesus - SP,2023,2023,37,Produto Interno Bruto a preços correntes
6,Município,40,Mil Reais,1410928,3539202,Pirapozinho - SP,2023,2023,37,Produto Interno Bruto a preços correntes
6,Município,40,Mil Reais,4304413,3539301,Pirassununga - SP,2023,2023,37,Produto Interno Bruto a preços correntes
6,Município,40,Mil Reais,389655,3539400,Piratininga - SP,2023,2023,37,Produto Interno Bruto a preços correntes
6,Município,40,Mil Reais,1830160,3539509,Pitangueiras - SP,2023,2023,37,Produto Interno Bruto a preços correntes
6,Município,40,Mil Reais,331487,3539608,Planalto - SP,2023,2023,37,Produto Interno Bruto a preços correntes
6,Município,40,Mil Reais,160406,3539707,Platina - SP,2023,2023,37,Produto Interno Bruto a preços correntes
6,Município,40,Mil Reais,4610760,3539806,Poá - SP,2023,2023,37,Produto Interno Bruto a preços correntes
6,Município,40,Mil Reais,199994,3539905,Poloni - SP,2023,2023,37,Produto Interno Bruto a preços correntes
6,Município,40,Mil Reais,2509065,3540002,Pompéia - SP,2023,2023,37,Produto Interno Bruto a preços correntes
6,Município,40,Mil Reais,124380,3540101,Pongaí - SP,2023,2023,37,Produto Interno Bruto a preços correntes
6,Município,40,Mil Reais,2153954,3540200,Pontal - SP,2023,2023,37,Produto Interno Bruto a preços correntes
6,Município,40,Mil Reais,131997,3540259,Pontalinda - SP,2023,2023,37,Produto Interno Bruto a preços correntes
6,Município,40,Mil Reais,152499,3540309,Pontes Gestal - SP,2023,2023,37,Produto Interno Bruto a preços correntes
6,Município,40,Mil Reais,156037,3540408,Populina - SP,2023,2023,37,Produto Interno Bruto a preços correntes
6,Município,40,Mil Reais,309200,3540507,Porangaba - SP,2023,2023,37,Produto Interno Bruto a preços correntes
6,Município,40,Mil Reais,5067049,3540606,Porto Feliz - SP,2023,2023,37,Produto Interno Bruto a preços correntes
6,Município,40,Mil Reais,3069355,3540705,Porto Ferreira - SP,2023,2023,37,Produto Interno Bruto a preços correntes
6,Município,40,Mil Reais,355271,3540754,Potim - SP,2023,2023,37,Produto Interno Bruto a preços correntes
6,Município,40,Mil Reais,1017223,3540804,Potirendaba - SP,2023,2023,37,Produto Interno Bruto a preços correntes
6,Município,40,Mil Reais,44001,3540853,Pracinha - SP,2023,2023,37,Produto Interno Bruto a preços correntes
6,Município,40,Mil Reais,1456796,3540903,Pradópolis - SP,2023,2023,37,Produto Interno Bruto a preços correntes
6,Município,40,Mil Reais,11396646,3541000,Praia Grande - SP,2023,2023,37,Produto Interno Bruto a preços correntes
6,Município,40,Mil Reais,252655,3541059,Pratânia - SP,2023,2023,37,Produto Interno Bruto a preços correntes
6,Município,40,Mil Reais,112972,3541109,Presidente Alves - SP,2023,2023,37,Produto Interno Bruto a preços correntes
6,Município,40,Mil Reais,351783,3541208,Presidente Bernardes - SP,2023,2023,37,Produto Interno Bruto a preços correntes
6,Município,40,Mil Reais,1521762,3541307,Presidente Epitácio - SP,2023,2023,37,Produto Interno Bruto a preços correntes
6,Município,40,Mil Reais,11617599,3541406,Presidente Prudente - SP,2023,2023,37,Produto Interno Bruto a preços correntes
6,Município,40,Mil Reais,1096298,3541505,Presidente Venceslau - SP,2023,2023,37,Produto Interno Bruto a preços correntes
6,Município,40,Mil Reais,3349681,3541604,Promissão - SP,2023,2023,37,Produto Interno Bruto a preços correntes
6,Município,40,Mil Reais,209960,3541653,Quadra - SP,2023,2023,37,Produto Interno Bruto a preços correntes
6,Município,40,Mil Reais,1087543,3541703,Quatá - SP,2023,2023,37,Produto Interno Bruto a preços correntes
6,Município,40,Mil Reais,1095800,3541802,Queiroz - SP,2023,2023,37,Produto Interno Bruto a preços correntes
6,Município,40,Mil Reais,481509,3541901,Queluz - SP,2023,2023,37,Produto Interno Bruto a preços correntes
6,Município,40,Mil Reais,371696,3542008,Quintana - SP,2023,2023,37,Produto Interno Bruto a preços correntes
6,Município,40,Mil Reais,594930,3542107,Rafard - SP,2023,2023,37,Produto Interno Bruto a preços correntes
6,Município,40,Mil Reais,1999657,3542206,Rancharia - SP,2023,2023,37,Produto Interno Bruto a preços correntes
6,Município,40,Mil Reais,122059,3542305,Redenção da Serra - SP,2023,2023,37,Produto Interno Bruto a preços correntes
6,Município,40,Mil Reais,1293798,3542404,Regente Feijó - SP,2023,2023,37,Produto Interno Bruto a preços correntes
6,Município,40,Mil Reais,270644,3542503,Reginópolis - SP,2023,2023,37,Produto Interno Bruto a preços correntes
6,Município,40,Mil Reais,2931915,3542602,Registro - SP,2023,2023,37,Produto Interno Bruto a preços correntes
6,Município,40,Mil Reais,311797,3542701,Restinga - SP,2023,2023,37,Produto Interno Bruto a preços correntes
6,Município,40,Mil Reais,61922,3542800,Ribeira - SP,2023,2023,37,Produto Interno Bruto a preços correntes
6,Município,40,Mil Reais,494054,3542909,Ribeirão Bonito - SP,2023,2023,37,Produto Interno Bruto a preços correntes
6,Município,40,Mil Reais,640749,3543006,Ribeirão Branco - SP,2023,2023,37,Produto Interno Bruto a preços correntes
6,Município,40,Mil Reais,282574,3543105,Ribeirão Corrente - SP,2023,2023,37,Produto Interno Bruto a preços correntes
6,Município,40,Mil Reais,326855,3543204,Ribeirão do Sul - SP,2023,2023,37,Produto Interno Bruto a preços correntes
6,Município,40,Mil Reais,56509,3543238,Ribeirão dos Índios - SP,2023,2023,37,Produto Interno Bruto a preços correntes
6,Município,40,Mil Reais,127269,3543253,Ribeirão Grande - SP,2023,2023,37,Produto Interno Bruto a preços correntes
6,Município,40,Mil Reais,4853229,3543303,Ribeirão Pires - SP,2023,2023,37,Produto Interno Bruto a preços correntes
6,Município,40,Mil Reais,52306820,3543402,Ribeirão Preto - SP,2023,2023,37,Produto Interno Bruto a preços correntes
6,Município,40,Mil Reais,119164,3543501,Riversul - SP,2023,2023,37,Produto Interno Bruto a preços correntes
6,Município,40,Mil Reais,232911,3543600,Rifaina - SP,2023,2023,37,Produto Interno Bruto a preços correntes
6,Município,40,Mil Reais,346937,3543709,Rincão - SP,2023,2023,37,Produto Interno Bruto a preços correntes
6,Município,40,Mil Reais,495680,3543808,Rinópolis - SP,2023,2023,37,Produto Interno Bruto a preços correntes
6,Município,40,Mil Reais,15427117,3543907,Rio Claro - SP,2023,2023,37,Produto Interno Bruto a preços correntes
6,Município,40,Mil Reais,2037526,3544004,Rio das Pedras - SP,2023,2023,37,Produto Interno Bruto a preços correntes
6,Município,40,Mil Reais,1166050,3544103,Rio Grande da Serra - SP,2023,2023,37,Produto Interno Bruto a preços correntes
6,Município,40,Mil Reais,390635,3544202,Riolândia - SP,2023,2023,37,Produto Interno Bruto a preços correntes
6,Município,40,Mil Reais,1542731,3544251,Rosana - SP,2023,2023,37,Produto Interno Bruto a preços correntes
6,Município,40,Mil Reais,450314,3544301,Roseira - SP,2023,2023,37,Produto Interno Bruto a preços correntes
6,Município,40,Mil Reais,88679,3544400,Rubiácea - SP,2023,2023,37,Produto Interno Bruto a preços correntes
6,Município,40,Mil Reais,196382,3544509,Rubinéia - SP,2023,2023,37,Produto Interno Bruto a preços correntes
6,Município,40,Mil Reais,183225,3544608,Sabino - SP,2023,2023,37,Produto Interno Bruto a preços correntes
6,Município,40,Mil Reais,72625,3544707,Sagres - SP,2023,2023,37,Produto Interno Bruto a preços correntes
6,Município,40,Mil Reais,266234,3544806,Sales - SP,2023,2023,37,Produto Interno Bruto a preços correntes
6,Município,40,Mil Reais,529464,3544905,Sales Oliveira - SP,2023,2023,37,Produto Interno Bruto a preços correntes
6,Município,40,Mil Reais,310985,3545001,Salesópolis - SP,2023,2023,37,Produto Interno Bruto a preços correntes
6,Município,40,Mil Reais,114824,3545100,Salmourão - SP,2023,2023,37,Produto Interno Bruto a preços correntes
6,Município,40,Mil Reais,471342,3545159,Saltinho - SP,2023,2023,37,Produto Interno Bruto a preços correntes
6,Município,40,Mil Reais,11498959,3545209,Salto - SP,2023,2023,37,Produto Interno Bruto a preços correntes
6,Município,40,Mil Reais,2856415,3545308,Salto de Pirapora - SP,2023,2023,37,Produto Interno Bruto a preços correntes
6,Município,40,Mil Reais,394928,3545407,Salto Grande - SP,2023,2023,37,Produto Interno Bruto a preços correntes
6,Município,40,Mil Reais,455962,3545506,Sandovalina - SP,2023,2023,37,Produto Interno Bruto a preços correntes
6,Município,40,Mil Reais,560339,3545605,Santa Adélia - SP,2023,2023,37,Produto Interno Bruto a preços correntes
6,Município,40,Mil Reais,333897,3545704,Santa Albertina - SP,2023,2023,37,Produto Interno Bruto a preços correntes
6,Município,40,Mil Reais,10803992,3545803,Santa Bárbara d'Oeste - SP,2023,2023,37,Produto Interno Bruto a preços correntes
6,Município,40,Mil Reais,357556,3546009,Santa Branca - SP,2023,2023,37,Produto Interno Bruto a preços correntes
6,Município,40,Mil Reais,130553,3546108,Santa Clara d'Oeste - SP,2023,2023,37,Produto Interno Bruto a preços correntes
6,Município,40,Mil Reais,200490,3546207,Santa Cruz da Conceição - SP,2023,2023,37,Produto Interno Bruto a preços correntes
6,Município,40,Mil Reais,101459,3546256,Santa Cruz da Esperança - SP,2023,2023,37,Produto Interno Bruto a preços correntes
6,Município,40,Mil Reais,788978,3546306,Santa Cruz das Palmeiras - SP,2023,2023,37,Produto Interno Bruto a preços correntes
6,Município,40,Mil Reais,4319822,3546405,Santa Cruz do Rio Pardo - SP,2023,2023,37,Produto Interno Bruto a preços correntes
6,Município,40,Mil Reais,152155,3546504,Santa Ernestina - SP,2023,2023,37,Produto Interno Bruto a preços correntes
6,Município,40,Mil Reais,1988880,3546603,Santa Fé do Sul - SP,2023,2023,37,Produto Interno Bruto a preços correntes
6,Município,40,Mil Reais,3568257,3546702,Santa Gertrudes - SP,2023,2023,37,Produto Interno Bruto a preços correntes
6,Município,40,Mil Reais,2298061,3546801,Santa Isabel - SP,2023,2023,37,Produto Interno Bruto a preços correntes
6,Município,40,Mil Reais,185362,3546900,Santa Lúcia - SP,2023,2023,37,Produto Interno Bruto a preços correntes
6,Município,40,Mil Reais,197769,3547007,Santa Maria da Serra - SP,2023,2023,37,Produto Interno Bruto a preços correntes
6,Município,40,Mil Reais,97262,3547106,Santa Mercedes - SP,2023,2023,37,Produto Interno Bruto a preços correntes
6,Município,40,Mil Reais,56776,3547205,Santana da Ponte Pensa - SP,2023,2023,37,Produto Interno Bruto a preços correntes
6,Município,40,Mil Reais,14328397,3547304,Santana de Parnaíba - SP,2023,2023,37,Produto Interno Bruto a preços correntes
6,Município,40,Mil Reais,105525,3547403,Santa Rita d'Oeste - SP,2023,2023,37,Produto Interno Bruto a preços correntes
6,Município,40,Mil Reais,992180,3547502,Santa Rita do Passa Quatro - SP,2023,2023,37,Produto Interno Bruto a preços correntes
6,Município,40,Mil Reais,1131989,3547601,Santa Rosa de Viterbo - SP,2023,2023,37,Produto Interno Bruto a preços correntes
6,Município,40,Mil Reais,66140,3547650,Santa Salete - SP,2023,2023,37,Produto Interno Bruto a preços correntes
6,Município,40,Mil Reais,630473,3547700,Santo Anastácio - SP,2023,2023,37,Produto Interno Bruto a preços correntes
6,Município,40,Mil Reais,36931351,3547809,Santo André - SP,2023,2023,37,Produto Interno Bruto a preços correntes
6,Município,40,Mil Reais,282937,3547908,Santo Antônio da Alegria - SP,2023,2023,37,Produto Interno Bruto a preços correntes
6,Município,40,Mil Reais,2146890,3548005,Santo Antônio de Posse - SP,2023,2023,37,Produto Interno Bruto a preços correntes
6,Município,40,Mil Reais,380219,3548054,Santo Antônio do Aracanguá - SP,2023,2023,37,Produto Interno Bruto a preços correntes
6,Município,40,Mil Reais,253743,3548104,Santo Antônio do Jardim - SP,2023,2023,37,Produto Interno Bruto a preços correntes
6,Município,40,Mil Reais,191747,3548203,Santo Antônio do Pinhal - SP,2023,2023,37,Produto Interno Bruto a preços correntes
6,Município,40,Mil Reais,60256,3548302,Santo Expedito - SP,2023,2023,37,Produto Interno Bruto a preços correntes
6,Município,40,Mil Reais,97802,3548401,Santópolis do Aguapeí - SP,2023,2023,37,Produto Interno Bruto a preços correntes
6,Município,40,Mil Reais,30961718,3548500,Santos - SP,2023,2023,37,Produto Interno Bruto a preços correntes
6,Município,40,Mil Reais,354768,3548609,São Bento do Sapucaí - SP,2023,2023,37,Produto Interno Bruto a preços correntes
6,Município,40,Mil Reais,71965791,3548708,São Bernardo do Campo - SP,2023,2023,37,Produto Interno Bruto a preços correntes
6,Município,40,Mil Reais,22553448,3548807,São Caetano do Sul - SP,2023,2023,37,Produto Interno Bruto a preços correntes
6,Município,40,Mil Reais,18386920,3548906,São Carlos - SP,2023,2023,37,Produto Interno Bruto a preços correntes
6,Município,40,Mil Reais,59556,3549003,São Francisco - SP,2023,2023,37,Produto Interno Bruto a preços correntes
6,Município,40,Mil Reais,5011181,3549102,São João da Boa Vista - SP,2023,2023,37,Produto Interno Bruto a preços correntes
6,Município,40,Mil Reais,72713,3549201,São João das Duas Pontes - SP,2023,2023,37,Produto Interno Bruto a preços correntes
6,Município,40,Mil Reais,69614,3549250,São João de Iracema - SP,2023,2023,37,Produto Interno Bruto a preços correntes
6,Município,40,Mil Reais,83376,3549300,São João do Pau d'Alho - SP,2023,2023,37,Produto Interno Bruto a preços correntes
6,Município,40,Mil Reais,2733786,3549409,São Joaquim da Barra - SP,2023,2023,37,Produto Interno Bruto a preços correntes
6,Município,40,Mil Reais,336022,3549508,São José da Bela Vista - SP,2023,2023,37,Produto Interno Bruto a preços correntes
6,Município,40,Mil Reais,80553,3549607,São José do Barreiro - SP,2023,2023,37,Produto Interno Bruto a preços correntes
6,Município,40,Mil Reais,2876973,3549706,São José do Rio Pardo - SP,2023,2023,37,Produto Interno Bruto a preços correntes
6,Município,40,Mil Reais,26390121,3549805,São José do Rio Preto - SP,2023,2023,37,Produto Interno Bruto a preços correntes
6,Município,40,Mil Reais,61394524,3549904,São José dos Campos - SP,2023,2023,37,Produto Interno Bruto a preços correntes
6,Município,40,Mil Reais,346115,3549953,São Lourenço da Serra - SP,2023,2023,37,Produto Interno Bruto a preços correntes
6,Município,40,Mil Reais,252579,3550001,São Luiz do Paraitinga - SP,2023,2023,37,Produto Interno Bruto a preços correntes
6,Município,40,Mil Reais,1889877,3550100,São Manuel - SP,2023,2023,37,Produto Interno Bruto a preços correntes
6,Município,40,Mil Reais,1157726,3550209,São Miguel Arcanjo - SP,2023,2023,37,Produto Interno Bruto a preços correntes
6,Município,40,Mil Reais,1066825105,3550308,São Paulo - SP,2023,2023,37,Produto Interno Bruto a preços correntes
6,Município,40,Mil Reais,1243177,3550407,São Pedro - SP,2023,2023,37,Produto Interno Bruto a preços correntes
6,Município,40,Mil Reais,393936,3550506,São Pedro do Turvo - SP,2023,2023,37,Produto Interno Bruto a preços correntes
6,Município,40,Mil Reais,4532567,3550605,São Roque - SP,2023,2023,37,Produto Interno Bruto a preços correntes
6,Município,40,Mil Reais,17400619,3550704,São Sebastião - SP,2023,2023,37,Produto Interno Bruto a preços correntes
6,Município,40,Mil Reais,481876,3550803,São Sebastião da Grama - SP,2023,2023,37,Produto Interno Bruto a preços correntes
6,Município,40,Mil Reais,648092,3550902,São Simão - SP,2023,2023,37,Produto Interno Bruto a preços correntes
6,Município,40,Mil Reais,7414656,3551009,São Vicente - SP,2023,2023,37,Produto Interno Bruto a preços correntes
6,Município,40,Mil Reais,270123,3551108,Sarapuí - SP,2023,2023,37,Produto Interno Bruto a preços correntes
6,Município,40,Mil Reais,115635,3551207,Sarutaiá - SP,2023,2023,37,Produto Interno Bruto a preços correntes
6,Município,40,Mil Reais,454542,3551306,Sebastianópolis do Sul - SP,2023,2023,37,Produto Interno Bruto a preços correntes
6,Município,40,Mil Reais,269297,3551405,Serra Azul - SP,2023,2023,37,Produto Interno Bruto a preços correntes
6,Município,40,Mil Reais,1454535,3551504,Serrana - SP,2023,2023,37,Produto Interno Bruto a preços correntes
6,Município,40,Mil Reais,1025007,3551603,Serra Negra - SP,2023,2023,37,Produto Interno Bruto a preços correntes
6,Município,40,Mil Reais,9075018,3551702,Sertãozinho - SP,2023,2023,37,Produto Interno Bruto a preços correntes
6,Município,40,Mil Reais,461849,3551801,Sete Barras - SP,2023,2023,37,Produto Interno Bruto a preços correntes
6,Município,40,Mil Reais,340597,3551900,Severínia - SP,2023,2023,37,Produto Interno Bruto a preços correntes
6,Município,40,Mil Reais,116266,3552007,Silveiras - SP,2023,2023,37,Produto Interno Bruto a preços correntes
6,Município,40,Mil Reais,1449301,3552106,Socorro - SP,2023,2023,37,Produto Interno Bruto a preços correntes
6,Município,40,Mil Reais,58816286,3552205,Sorocaba - SP,2023,2023,37,Produto Interno Bruto a preços correntes
6,Município,40,Mil Reais,302801,3552304,Sud Mennucci - SP,2023,2023,37,Produto Interno Bruto a preços correntes
6,Município,40,Mil Reais,19026093,3552403,Sumaré - SP,2023,2023,37,Produto Interno Bruto a preços correntes
6,Município,40,Mil Reais,18618698,3552502,Suzano - SP,2023,2023,37,Produto Interno Bruto a preços correntes
6,Município,40,Mil Reais,511504,3552551,Suzanápolis - SP,2023,2023,37,Produto Interno Bruto a preços correntes
6,Município,40,Mil Reais,397691,3552601,Tabapuã - SP,2023,2023,37,Produto Interno Bruto a preços correntes
6,Município,40,Mil Reais,512361,3552700,Tabatinga - SP,2023,2023,37,Produto Interno Bruto a preços correntes
6,Município,40,Mil Reais,12084179,3552809,Taboão da Serra - SP,2023,2023,37,Produto Interno Bruto a preços correntes
6,Município,40,Mil Reais,242091,3552908,Taciba - SP,2023,2023,37,Produto Interno Bruto a preços correntes
6,Município,40,Mil Reais,409335,3553005,Taguaí - SP,2023,2023,37,Produto Interno Bruto a preços correntes
6,Município,40,Mil Reais,155640,3553104,Taiaçu - SP,2023,2023,37,Produto Interno Bruto a preços correntes
6,Município,40,Mil Reais,188353,3553203,Taiúva - SP,2023,2023,37,Produto Interno Bruto a preços correntes
6,Município,40,Mil Reais,966714,3553302,Tambaú - SP,2023,2023,37,Produto Interno Bruto a preços correntes
6,Município,40,Mil Reais,1592467,3553401,Tanabi - SP,2023,2023,37,Produto Interno Bruto a preços correntes
6,Município,40,Mil Reais,223954,3553500,Tapiraí - SP,2023,2023,37,Produto Interno Bruto a preços correntes
6,Município,40,Mil Reais,358653,3553609,Tapiratiba - SP,2023,2023,37,Produto Interno Bruto a preços correntes
6,Município,40,Mil Reais,92383,3553658,Taquaral - SP,2023,2023,37,Produto Interno Bruto a preços correntes
6,Município,40,Mil Reais,2307145,3553708,Taquaritinga - SP,2023,2023,37,Produto Interno Bruto a preços correntes
6,Município,40,Mil Reais,1279103,3553807,Taquarituba - SP,2023,2023,37,Produto Interno Bruto a preços correntes
6,Município,40,Mil Reais,433014,3553856,Taquarivaí - SP,2023,2023,37,Produto Interno Bruto a preços correntes
6,Município,40,Mil Reais,187171,3553906,Tarabai - SP,2023,2023,37,Produto Interno Bruto a preços correntes
6,Município,40,Mil Reais,1153083,3553955,Tarumã - SP,2023,2023,37,Produto Interno Bruto a preços correntes
6,Município,40,Mil Reais,6784535,3554003,Tatuí - SP,2023,2023,37,Produto Interno Bruto a preços correntes
6,Município,40,Mil Reais,22607800,3554102,Taubaté - SP,2023,2023,37,Produto Interno Bruto a preços correntes
6,Município,40,Mil Reais,341127,3554201,Tejupá - SP,2023,2023,37,Produto Interno Bruto a preços correntes
6,Município,40,Mil Reais,822760,3554300,Teodoro Sampaio - SP,2023,2023,37,Produto Interno Bruto a preços correntes
6,Município,40,Mil Reais,237426,3554409,Terra Roxa - SP,2023,2023,37,Produto Interno Bruto a preços correntes
6,Município,40,Mil Reais,2954948,3554508,Tietê - SP,2023,2023,37,Produto Interno Bruto a preços correntes
6,Município,40,Mil Reais,80268,3554607,Timburi - SP,2023,2023,37,Produto Interno Bruto a preços correntes
6,Município,40,Mil Reais,44087,3554656,Torre de Pedra - SP,2023,2023,37,Produto Interno Bruto a preços correntes
6,Município,40,Mil Reais,380075,3554706,Torrinha - SP,2023,2023,37,Produto Interno Bruto a preços correntes
6,Município,40,Mil Reais,66641,3554755,Trabiju - SP,2023,2023,37,Produto Interno Bruto a preços correntes
6,Município,40,Mil Reais,1091771,3554805,Tremembé - SP,2023,2023,37,Produto Interno Bruto a preços correntes
6,Município,40,Mil Reais,155505,3554904,Três Fronteiras - SP,2023,2023,37,Produto Interno Bruto a preços correntes
6,Município,40,Mil Reais,239682,3554953,Tuiuti - SP,2023,2023,37,Produto Interno Bruto a preços correntes
6,Município,40,Mil Reais,3128302,3555000,Tupã - SP,2023,2023,37,Produto Interno Bruto a preços correntes
6,Município,40,Mil Reais,446938,3555109,Tupi Paulista - SP,2023,2023,37,Produto Interno Bruto a preços correntes
6,Município,40,Mil Reais,88091,3555208,Turiúba - SP,2023,2023,37,Produto Interno Bruto a preços correntes
6,Município,40,Mil Reais,100226,3555307,Turmalina - SP,2023,2023,37,Produto Interno Bruto a preços correntes
6,Município,40,Mil Reais,298746,3555356,Ubarana - SP,2023,2023,37,Produto Interno Bruto a preços correntes
6,Município,40,Mil Reais,3506919,3555406,Ubatuba - SP,2023,2023,37,Produto Interno Bruto a preços correntes
6,Município,40,Mil Reais,201026,3555505,Ubirajara - SP,2023,2023,37,Produto Interno Bruto a preços correntes
6,Município,40,Mil Reais,521824,3555604,Uchoa - SP,2023,2023,37,Produto Interno Bruto a preços correntes
6,Município,40,Mil Reais,72244,3555703,União Paulista - SP,2023,2023,37,Produto Interno Bruto a preços correntes
6,Município,40,Mil Reais,366620,3555802,Urânia - SP,2023,2023,37,Produto Interno Bruto a preços correntes
6,Município,40,Mil Reais,66750,3555901,Uru - SP,2023,2023,37,Produto Interno Bruto a preços correntes
6,Município,40,Mil Reais,647135,3556008,Urupês - SP,2023,2023,37,Produto Interno Bruto a preços correntes
6,Município,40,Mil Reais,565653,3556107,Valentim Gentil - SP,2023,2023,37,Produto Interno Bruto a preços correntes
6,Município,40,Mil Reais,10200701,3556206,Valinhos - SP,2023,2023,37,Produto Interno Bruto a preços correntes
6,Município,40,Mil Reais,1426927,3556305,Valparaíso - SP,2023,2023,37,Produto Interno Bruto a preços correntes
6,Município,40,Mil Reais,222012,3556354,Vargem - SP,2023,2023,37,Produto Interno Bruto a preços correntes
6,Município,40,Mil Reais,1431642,3556404,Vargem Grande do Sul - SP,2023,2023,37,Produto Interno Bruto a preços correntes
6,Município,40,Mil Reais,3524293,3556453,Vargem Grande Paulista - SP,2023,2023,37,Produto Interno Bruto a preços correntes
6,Município,40,Mil Reais,4736062,3556503,Várzea Paulista - SP,2023,2023,37,Produto Interno Bruto a preços correntes
6,Município,40,Mil Reais,302805,3556602,Vera Cruz - SP,2023,2023,37,Produto Interno Bruto a preços correntes
6,Município,40,Mil Reais,14699664,3556701,Vinhedo - SP,2023,2023,37,Produto Interno Bruto a preços correntes
6,Município,40,Mil Reais,563836,3556800,Viradouro - SP,2023,2023,37,Produto Interno Bruto a preços correntes
6,Município,40,Mil Reais,705941,3556909,Vista Alegre do Alto - SP,2023,2023,37,Produto Interno Bruto a preços correntes
6,Município,40,Mil Reais,64481,3556958,Vitória Brasil - SP,2023,2023,37,Produto Interno Bruto a preços correntes
6,Município,40,Mil Reais,5209654,3557006,Votorantim - SP,2023,2023,37,Produto Interno Bruto a preços correntes
6,Município,40,Mil Reais,4582203,3557105,Votuporanga - SP,2023,2023,37,Produto Interno Bruto a preços correntes
6,Município,40,Mil Reais,177562,3557154,Zacarias - SP,2023,2023,37,Produto Interno Bruto a preços correntes
6,Município,40,Mil Reais,477220,3557204,Chavantes - SP,2023,2023,37,Produto Interno Bruto a preços correntes
6,Município,40,Mil Reais,532212,3557303,Estiva Gerbi - SP,2023,2023,37,Produto Interno Bruto a preços correntes
6,Município,40,Mil Reais,297166,4100103,Abatiá - PR,2023,2023,37,Produto Interno Bruto a preços correntes
6,Município,40,Mil Reais,467129,4100202,Adrianópolis - PR,2023,2023,37,Produto Interno Bruto a preços correntes
6,Município,40,Mil Reais,279388,4100301,Agudos do Sul - PR,2023,2023,37,Produto Interno Bruto a preços correntes
6,Município,40,Mil Reais,2242620,4100400,Almirante Tamandaré - PR,2023,2023,37,Produto Interno Bruto a preços correntes
6,Município,40,Mil Reais,115509,4100459,Altamira do Paraná - PR,2023,2023,37,Produto Interno Bruto a preços correntes
6,Município,40,Mil Reais,546401,4100509,Altônia - PR,2023,2023,37,Produto Interno Bruto a preços correntes
6,Município,40,Mil Reais,562667,4100608,Alto Paraná - PR,2023,2023,37,Produto Interno Bruto a preços correntes
6,Município,40,Mil Reais,488594,4100707,Alto Piquiri - PR,2023,2023,37,Produto Interno Bruto a preços correntes
6,Município,40,Mil Reais,436443,4100806,Alvorada do Sul - PR,2023,2023,37,Produto Interno Bruto a preços correntes
6,Município,40,Mil Reais,163899,4100905,Amaporã - PR,2023,2023,37,Produto Interno Bruto a preços correntes
6,Município,40,Mil Reais,1001174,4101002,Ampére - PR,2023,2023,37,Produto Interno Bruto a preços correntes
6,Município,40,Mil Reais,124323,4101051,Anahy - PR,2023,2023,37,Produto Interno Bruto a preços correntes
6,Município,40,Mil Reais,861173,4101101,Andirá - PR,2023,2023,37,Produto Interno Bruto a preços correntes
6,Município,40,Mil Reais,179778,4101150,Ângulo - PR,2023,2023,37,Produto Interno Bruto a preços correntes
6,Município,40,Mil Reais,1001675,4101200,Antonina - PR,2023,2023,37,Produto Interno Bruto a preços correntes
6,Município,40,Mil Reais,282611,4101309,Antônio Olinto - PR,2023,2023,37,Produto Interno Bruto a preços correntes
6,Município,40,Mil Reais,4834013,4101408,Apucarana - PR,2023,2023,37,Produto Interno Bruto a preços correntes
6,Município,40,Mil Reais,5715471,4101507,Arapongas - PR,2023,2023,37,Produto Interno Bruto a preços correntes
6,Município,40,Mil Reais,1632919,4101606,Arapoti - PR,2023,2023,37,Produto Interno Bruto a preços correntes
6,Município,40,Mil Reais,154285,4101655,Arapuã - PR,2023,2023,37,Produto Interno Bruto a preços correntes
6,Município,40,Mil Reais,630796,4101705,Araruna - PR,2023,2023,37,Produto Interno Bruto a preços correntes
6,Município,40,Mil Reais,34075052,4101804,Araucária - PR,2023,2023,37,Produto Interno Bruto a preços correntes
6,Município,40,Mil Reais,144973,4101853,Ariranha do Ivaí - PR,2023,2023,37,Produto Interno Bruto a preços correntes
6,Município,40,Mil Reais,637194,4101903,Assaí - PR,2023,2023,37,Produto Interno Bruto a preços correntes
6,Município,40,Mil Reais,2033731,4102000,Assis Chateaubriand - PR,2023,2023,37,Produto Interno Bruto a preços correntes
6,Município,40,Mil Reais,1164816,4102109,Astorga - PR,2023,2023,37,Produto Interno Bruto a preços correntes
6,Município,40,Mil Reais,254752,4102208,Atalaia - PR,2023,2023,37,Produto Interno Bruto a preços correntes
6,Município,40,Mil Reais,1302016,4102307,Balsa Nova - PR,2023,2023,37,Produto Interno Bruto a preços correntes
6,Município,40,Mil Reais,1362233,4102406,Bandeirantes - PR,2023,2023,37,Produto Interno Bruto a preços correntes
6,Município,40,Mil Reais,342155,4102505,Barbosa Ferraz - PR,2023,2023,37,Produto Interno Bruto a preços correntes
6,Município,40,Mil Reais,323297,4102604,Barracão - PR,2023,2023,37,Produto Interno Bruto a preços correntes
6,Município,40,Mil Reais,187138,4102703,Barra do Jacaré - PR,2023,2023,37,Produto Interno Bruto a preços correntes
6,Município,40,Mil Reais,126095,4102752,Bela Vista da Caroba - PR,2023,2023,37,Produto Interno Bruto a preços correntes
6,Município,40,Mil Reais,564054,4102802,Bela Vista do Paraíso - PR,2023,2023,37,Produto Interno Bruto a preços correntes
6,Município,40,Mil Reais,656377,4102901,Bituruna - PR,2023,2023,37,Produto Interno Bruto a preços correntes
6,Município,40,Mil Reais,342930,4103008,Boa Esperança - PR,2023,2023,37,Produto Interno Bruto a preços correntes
6,Município,40,Mil Reais,165031,4103024,Boa Esperança do Iguaçu - PR,2023,2023,37,Produto Interno Bruto a preços correntes
6,Município,40,Mil Reais,449414,4103040,Boa Ventura de São Roque - PR,2023,2023,37,Produto Interno Bruto a preços correntes
6,Município,40,Mil Reais,222437,4103057,Boa Vista da Aparecida - PR,2023,2023,37,Produto Interno Bruto a preços correntes
6,Município,40,Mil Reais,305498,4103107,Bocaiúva do Sul - PR,2023,2023,37,Produto Interno Bruto a preços correntes
6,Município,40,Mil Reais,142418,4103156,Bom Jesus do Sul - PR,2023,2023,37,Produto Interno Bruto a preços correntes
6,Município,40,Mil Reais,221658,4103206,Bom Sucesso - PR,2023,2023,37,Produto Interno Bruto a preços correntes
6,Município,40,Mil Reais,331505,4103222,Bom Sucesso do Sul - PR,2023,2023,37,Produto Interno Bruto a preços correntes
6,Município,40,Mil Reais,296465,4103305,Borrazópolis - PR,2023,2023,37,Produto Interno Bruto a preços correntes
6,Município,40,Mil Reais,261007,4103354,Braganey - PR,2023,2023,37,Produto Interno Bruto a preços correntes
6,Município,40,Mil Reais,298634,4103370,Brasilândia do Sul - PR,2023,2023,37,Produto Interno Bruto a preços correntes
6,Município,40,Mil Reais,121532,4103404,Cafeara - PR,2023,2023,37,Produto Interno Bruto a preços correntes
6,Município,40,Mil Reais,2697734,4103453,Cafelândia - PR,2023,2023,37,Produto Interno Bruto a preços correntes
6,Município,40,Mil Reais,199026,4103479,Cafezal do Sul - PR,2023,2023,37,Produto Interno Bruto a preços correntes
6,Município,40,Mil Reais,250999,4103503,Califórnia - PR,2023,2023,37,Produto Interno Bruto a preços correntes
6,Município,40,Mil Reais,985512,4103602,Cambará - PR,2023,2023,37,Produto Interno Bruto a preços correntes
6,Município,40,Mil Reais,6771173,4103701,Cambé - PR,2023,2023,37,Produto Interno Bruto a preços correntes
6,Município,40,Mil Reais,349367,4103800,Cambira - PR,2023,2023,37,Produto Interno Bruto a preços correntes
6,Município,40,Mil Reais,674422,4103909,Campina da Lagoa - PR,2023,2023,37,Produto Interno Bruto a preços correntes
6,Município,40,Mil Reais,195120,4103958,Campina do Simão - PR,2023,2023,37,Produto Interno Bruto a preços correntes
6,Município,40,Mil Reais,2871767,4104006,Campina Grande do Sul - PR,2023,2023,37,Produto Interno Bruto a preços correntes
6,Município,40,Mil Reais,237197,4104055,Campo Bonito - PR,2023,2023,37,Produto Interno Bruto a preços correntes
6,Município,40,Mil Reais,306673,4104105,Campo do Tenente - PR,2023,2023,37,Produto Interno Bruto a preços correntes
6,Município,40,Mil Reais,7070393,4104204,Campo Largo - PR,2023,2023,37,Produto Interno Bruto a preços correntes
6,Município,40,Mil Reais,700583,4104253,Campo Magro - PR,2023,2023,37,Produto Interno Bruto a preços correntes
6,Município,40,Mil Reais,5991908,4104303,Campo Mourão - PR,2023,2023,37,Produto Interno Bruto a preços correntes
6,Município,40,Mil Reais,475235,4104402,Cândido de Abreu - PR,2023,2023,37,Produto Interno Bruto a preços correntes
6,Município,40,Mil Reais,901449,4104428,Candói - PR,2023,2023,37,Produto Interno Bruto a preços correntes
6,Município,40,Mil Reais,386335,4104451,Cantagalo - PR,2023,2023,37,Produto Interno Bruto a preços correntes
6,Município,40,Mil Reais,1592681,4104501,Capanema - PR,2023,2023,37,Produto Interno Bruto a preços correntes
6,Município,40,Mil Reais,1300220,4104600,Capitão Leônidas Marques - PR,2023,2023,37,Produto Interno Bruto a preços correntes
6,Município,40,Mil Reais,1989896,4104659,Carambeí - PR,2023,2023,37,Produto Interno Bruto a preços correntes
6,Município,40,Mil Reais,575814,4104709,Carlópolis - PR,2023,2023,37,Produto Interno Bruto a preços correntes
6,Município,40,Mil Reais,19204178,4104808,Cascavel - PR,2023,2023,37,Produto Interno Bruto a preços correntes
6,Município,40,Mil Reais,4517501,4104907,Castro - PR,2023,2023,37,Produto Interno Bruto a preços correntes
6,Município,40,Mil Reais,413685,4105003,Catanduvas - PR,2023,2023,37,Produto Interno Bruto a preços correntes
6,Município,40,Mil Reais,376525,4105102,Centenário do Sul - PR,2023,2023,37,Produto Interno Bruto a preços correntes
6,Município,40,Mil Reais,374010,4105201,Cerro Azul - PR,2023,2023,37,Produto Interno Bruto a preços correntes
6,Município,40,Mil Reais,1070583,4105300,Céu Azul - PR,2023,2023,37,Produto Interno Bruto a preços correntes
6,Município,40,Mil Reais,1196360,4105409,Chopinzinho - PR,2023,2023,37,Produto Interno Bruto a preços correntes
6,Município,40,Mil Reais,3986697,4105508,Cianorte - PR,2023,2023,37,Produto Interno Bruto a preços correntes
6,Município,40,Mil Reais,620524,4105607,Cidade Gaúcha - PR,2023,2023,37,Produto Interno Bruto a preços correntes
6,Município,40,Mil Reais,915575,4105706,Clevelândia - PR,2023,2023,37,Produto Interno Bruto a preços correntes
6,Município,40,Mil Reais,7628975,4105805,Colombo - PR,2023,2023,37,Produto Interno Bruto a preços correntes
6,Município,40,Mil Reais,1171688,4105904,Colorado - PR,2023,2023,37,Produto Interno Bruto a preços correntes
6,Município,40,Mil Reais,309517,4106001,Congonhinhas - PR,2023,2023,37,Produto Interno Bruto a preços correntes
6,Município,40,Mil Reais,168785,4106100,Conselheiro Mairinck - PR,2023,2023,37,Produto Interno Bruto a preços correntes
6,Município,40,Mil Reais,627818,4106209,Contenda - PR,2023,2023,37,Produto Interno Bruto a preços correntes
6,Município,40,Mil Reais,993480,4106308,Corbélia - PR,2023,2023,37,Produto Interno Bruto a preços correntes
6,Município,40,Mil Reais,2382241,4106407,Cornélio Procópio - PR,2023,2023,37,Produto Interno Bruto a preços correntes
6,Município,40,Mil Reais,328942,4106456,Coronel Domingos Soares - PR,2023,2023,37,Produto Interno Bruto a preços correntes
6,Município,40,Mil Reais,1109441,4106506,Coronel Vivida - PR,2023,2023,37,Produto Interno Bruto a preços correntes
6,Município,40,Mil Reais,104935,4106555,Corumbataí do Sul - PR,2023,2023,37,Produto Interno Bruto a preços correntes
6,Município,40,Mil Reais,206651,4106571,Cruzeiro do Iguaçu - PR,2023,2023,37,Produto Interno Bruto a preços correntes
6,Município,40,Mil Reais,1089269,4106605,Cruzeiro do Oeste - PR,2023,2023,37,Produto Interno Bruto a preços correntes
6,Município,40,Mil Reais,281275,4106704,Cruzeiro do Sul - PR,2023,2023,37,Produto Interno Bruto a preços correntes
6,Município,40,Mil Reais,507964,4106803,Cruz Machado - PR,2023,2023,37,Produto Interno Bruto a preços correntes
6,Município,40,Mil Reais,189224,4106852,Cruzmaltina - PR,2023,2023,37,Produto Interno Bruto a preços correntes
6,Município,40,Mil Reais,120065276,4106902,Curitiba - PR,2023,2023,37,Produto Interno Bruto a preços correntes
6,Município,40,Mil Reais,332954,4107009,Curiúva - PR,2023,2023,37,Produto Interno Bruto a preços correntes
6,Município,40,Mil Reais,413933,4107108,Diamante do Norte - PR,2023,2023,37,Produto Interno Bruto a preços correntes
6,Município,40,Mil Reais,85754,4107124,Diamante do Sul - PR,2023,2023,37,Produto Interno Bruto a preços correntes
6,Município,40,Mil Reais,134493,4107157,Diamante D'Oeste - PR,2023,2023,37,Produto Interno Bruto a preços correntes
6,Município,40,Mil Reais,2609173,4107207,Dois Vizinhos - PR,2023,2023,37,Produto Interno Bruto a preços correntes
6,Município,40,Mil Reais,859150,4107256,Douradina - PR,2023,2023,37,Produto Interno Bruto a preços correntes
6,Município,40,Mil Reais,242635,4107306,Doutor Camargo - PR,2023,2023,37,Produto Interno Bruto a preços correntes
6,Município,40,Mil Reais,389460,4107405,Enéas Marques - PR,2023,2023,37,Produto Interno Bruto a preços correntes
6,Município,40,Mil Reais,698650,4107504,Engenheiro Beltrão - PR,2023,2023,37,Produto Interno Bruto a preços correntes
6,Município,40,Mil Reais,75224,4107520,Esperança Nova - PR,2023,2023,37,Produto Interno Bruto a preços correntes
6,Município,40,Mil Reais,420778,4107538,Entre Rios do Oeste - PR,2023,2023,37,Produto Interno Bruto a preços correntes
6,Município,40,Mil Reais,201752,4107546,Espigão Alto do Iguaçu - PR,2023,2023,37,Produto Interno Bruto a preços correntes
6,Município,40,Mil Reais,255636,4107553,Farol - PR,2023,2023,37,Produto Interno Bruto a preços correntes
6,Município,40,Mil Reais,625079,4107603,Faxinal - PR,2023,2023,37,Produto Interno Bruto a preços correntes
6,Município,40,Mil Reais,4139461,4107652,Fazenda Rio Grande - PR,2023,2023,37,Produto Interno Bruto a preços correntes
6,Município,40,Mil Reais,243624,4107702,Fênix - PR,2023,2023,37,Produto Interno Bruto a preços correntes
6,Município,40,Mil Reais,323922,4107736,Fernandes Pinheiro - PR,2023,2023,37,Produto Interno Bruto a preços correntes
6,Município,40,Mil Reais,191682,4107751,Figueira - PR,2023,2023,37,Produto Interno Bruto a preços correntes
6,Município,40,Mil Reais,310640,4107801,Floraí - PR,2023,2023,37,Produto Interno Bruto a preços correntes
6,Município,40,Mil Reais,206357,4107850,Flor da Serra do Sul - PR,2023,2023,37,Produto Interno Bruto a preços correntes
6,Município,40,Mil Reais,364240,4107900,Floresta - PR,2023,2023,37,Produto Interno Bruto a preços correntes
6,Município,40,Mil Reais,623832,4108007,Florestópolis - PR,2023,2023,37,Produto Interno Bruto a preços correntes
6,Município,40,Mil Reais,101261,4108106,Flórida - PR,2023,2023,37,Produto Interno Bruto a preços correntes
6,Município,40,Mil Reais,405549,4108205,Formosa do Oeste - PR,2023,2023,37,Produto Interno Bruto a preços correntes
6,Município,40,Mil Reais,16973251,4108304,Foz do Iguaçu - PR,2023,2023,37,Produto Interno Bruto a preços correntes
6,Município,40,Mil Reais,254090,4108320,Francisco Alves - PR,2023,2023,37,Produto Interno Bruto a preços correntes
6,Município,40,Mil Reais,4525403,4108403,Francisco Beltrão - PR,2023,2023,37,Produto Interno Bruto a preços correntes
6,Município,40,Mil Reais,187782,4108452,Foz do Jordão - PR,2023,2023,37,Produto Interno Bruto a preços correntes
6,Município,40,Mil Reais,437294,4108502,General Carneiro - PR,2023,2023,37,Produto Interno Bruto a preços correntes
6,Município,40,Mil Reais,96133,4108551,Godoy Moreira - PR,2023,2023,37,Produto Interno Bruto a preços correntes
6,Município,40,Mil Reais,1335666,4108601,Goioerê - PR,2023,2023,37,Produto Interno Bruto a preços correntes
6,Município,40,Mil Reais,308612,4108650,Goioxim - PR,2023,2023,37,Produto Interno Bruto a preços correntes
6,Município,40,Mil Reais,177555,4108700,Grandes Rios - PR,2023,2023,37,Produto Interno Bruto a preços correntes
6,Município,40,Mil Reais,1438846,4108809,Guaíra - PR,2023,2023,37,Produto Interno Bruto a preços correntes
6,Município,40,Mil Reais,404827,4108908,Guairaçá - PR,2023,2023,37,Produto Interno Bruto a preços correntes
6,Município,40,Mil Reais,357064,4108957,Guamiranga - PR,2023,2023,37,Produto Interno Bruto a preços correntes
6,Município,40,Mil Reais,228919,4109005,Guapirama - PR,2023,2023,37,Produto Interno Bruto a preços correntes
6,Município,40,Mil Reais,106183,4109104,Guaporema - PR,2023,2023,37,Produto Interno Bruto a preços correntes
6,Município,40,Mil Reais,192291,4109203,Guaraci - PR,2023,2023,37,Produto Interno Bruto a preços correntes
6,Município,40,Mil Reais,604224,4109302,Guaraniaçu - PR,2023,2023,37,Produto Interno Bruto a preços correntes
6,Município,40,Mil Reais,9864113,4109401,Guarapuava - PR,2023,2023,37,Produto Interno Bruto a preços correntes
6,Município,40,Mil Reais,146081,4109500,Guaraqueçaba - PR,2023,2023,37,Produto Interno Bruto a preços correntes
6,Município,40,Mil Reais,1220949,4109609,Guaratuba - PR,2023,2023,37,Produto Interno Bruto a preços correntes
6,Município,40,Mil Reais,386521,4109658,Honório Serpa - PR,2023,2023,37,Produto Interno Bruto a preços correntes
6,Município,40,Mil Reais,1236457,4109708,Ibaiti - PR,2023,2023,37,Produto Interno Bruto a preços correntes
6,Município,40,Mil Reais,208091,4109757,Ibema - PR,2023,2023,37,Produto Interno Bruto a preços correntes
6,Município,40,Mil Reais,4037855,4109807,Ibiporã - PR,2023,2023,37,Produto Interno Bruto a preços correntes
6,Município,40,Mil Reais,329106,4109906,Icaraíma - PR,2023,2023,37,Produto Interno Bruto a preços correntes
6,Município,40,Mil Reais,267158,4110003,Iguaraçu - PR,2023,2023,37,Produto Interno Bruto a preços correntes
6,Município,40,Mil Reais,94791,4110052,Iguatu - PR,2023,2023,37,Produto Interno Bruto a preços correntes
6,Município,40,Mil Reais,320471,4110078,Imbaú - PR,2023,2023,37,Produto Interno Bruto a preços correntes
6,Município,40,Mil Reais,1503418,4110102,Imbituva - PR,2023,2023,37,Produto Interno Bruto a preços correntes
6,Município,40,Mil Reais,249949,4110201,Inácio Martins - PR,2023,2023,37,Produto Interno Bruto a preços correntes
6,Município,40,Mil Reais,76239,4110300,Inajá - PR,2023,2023,37,Produto Interno Bruto a preços correntes
6,Município,40,Mil Reais,772540,4110409,Indianópolis - PR,2023,2023,37,Produto Interno Bruto a preços correntes
6,Município,40,Mil Reais,776104,4110508,Ipiranga - PR,2023,2023,37,Produto Interno Bruto a preços correntes
6,Município,40,Mil Reais,850007,4110607,Iporã - PR,2023,2023,37,Produto Interno Bruto a preços correntes
6,Município,40,Mil Reais,126065,4110656,Iracema do Oeste - PR,2023,2023,37,Produto Interno Bruto a preços correntes
6,Município,40,Mil Reais,2816144,4110706,Irati - PR,2023,2023,37,Produto Interno Bruto a preços correntes
6,Município,40,Mil Reais,409528,4110805,Iretama - PR,2023,2023,37,Produto Interno Bruto a preços correntes
6,Município,40,Mil Reais,164295,4110904,Itaguajé - PR,2023,2023,37,Produto Interno Bruto a preços correntes
6,Município,40,Mil Reais,566776,4110953,Itaipulândia - PR,2023,2023,37,Produto Interno Bruto a preços correntes
6,Município,40,Mil Reais,279453,4111001,Itambaracá - PR,2023,2023,37,Produto Interno Bruto a preços correntes
6,Município,40,Mil Reais,276022,4111100,Itambé - PR,2023,2023,37,Produto Interno Bruto a preços correntes
6,Município,40,Mil Reais,970545,4111209,Itapejara d'Oeste - PR,2023,2023,37,Produto Interno Bruto a preços correntes
6,Município,40,Mil Reais,799718,4111258,Itaperuçu - PR,2023,2023,37,Produto Interno Bruto a preços correntes
6,Município,40,Mil Reais,151825,4111308,Itaúna do Sul - PR,2023,2023,37,Produto Interno Bruto a preços correntes
6,Município,40,Mil Reais,711073,4111407,Ivaí - PR,2023,2023,37,Produto Interno Bruto a preços correntes
6,Município,40,Mil Reais,1142266,4111506,Ivaiporã - PR,2023,2023,37,Produto Interno Bruto a preços correntes
6,Município,40,Mil Reais,280430,4111555,Ivaté - PR,2023,2023,37,Produto Interno Bruto a preços correntes
6,Município,40,Mil Reais,167215,4111605,Ivatuba - PR,2023,2023,37,Produto Interno Bruto a preços correntes
6,Município,40,Mil Reais,156576,4111704,Jaboti - PR,2023,2023,37,Produto Interno Bruto a preços correntes
6,Município,40,Mil Reais,1956993,4111803,Jacarezinho - PR,2023,2023,37,Produto Interno Bruto a preços correntes
6,Município,40,Mil Reais,1452483,4111902,Jaguapitã - PR,2023,2023,37,Produto Interno Bruto a preços correntes
6,Município,40,Mil Reais,2062535,4112009,Jaguariaíva - PR,2023,2023,37,Produto Interno Bruto a preços correntes
6,Município,40,Mil Reais,962904,4112108,Jandaia do Sul - PR,2023,2023,37,Produto Interno Bruto a preços correntes
6,Município,40,Mil Reais,336925,4112207,Janiópolis - PR,2023,2023,37,Produto Interno Bruto a preços correntes
6,Município,40,Mil Reais,169940,4112306,Japira - PR,2023,2023,37,Produto Interno Bruto a preços correntes
6,Município,40,Mil Reais,441907,4112405,Japurá - PR,2023,2023,37,Produto Interno Bruto a preços correntes
6,Município,40,Mil Reais,424449,4112504,Jardim Alegre - PR,2023,2023,37,Produto Interno Bruto a preços correntes
6,Município,40,Mil Reais,78979,4112603,Jardim Olinda - PR,2023,2023,37,Produto Interno Bruto a preços correntes
6,Município,40,Mil Reais,301470,4112702,Jataizinho - PR,2023,2023,37,Produto Interno Bruto a preços correntes
6,Município,40,Mil Reais,556586,4112751,Jesuítas - PR,2023,2023,37,Produto Interno Bruto a preços correntes
6,Município,40,Mil Reais,872246,4112801,Joaquim Távora - PR,2023,2023,37,Produto Interno Bruto a preços correntes
6,Município,40,Mil Reais,157361,4112900,Jundiaí do Sul - PR,2023,2023,37,Produto Interno Bruto a preços correntes
6,Município,40,Mil Reais,497087,4112959,Juranda - PR,2023,2023,37,Produto Interno Bruto a preços correntes
6,Município,40,Mil Reais,370465,4113007,Jussara - PR,2023,2023,37,Produto Interno Bruto a preços correntes
6,Município,40,Mil Reais,201236,4113106,Kaloré - PR,2023,2023,37,Produto Interno Bruto a preços correntes
6,Município,40,Mil Reais,2647566,4113205,Lapa - PR,2023,2023,37,Produto Interno Bruto a preços correntes
6,Município,40,Mil Reais,125483,4113254,Laranjal - PR,2023,2023,37,Produto Interno Bruto a preços correntes
6,Município,40,Mil Reais,1230924,4113304,Laranjeiras do Sul - PR,2023,2023,37,Produto Interno Bruto a preços correntes
6,Município,40,Mil Reais,226118,4113403,Leópolis - PR,2023,2023,37,Produto Interno Bruto a preços correntes
6,Município,40,Mil Reais,146837,4113429,Lidianópolis - PR,2023,2023,37,Produto Interno Bruto a preços correntes
6,Município,40,Mil Reais,249057,4113452,Lindoeste - PR,2023,2023,37,Produto Interno Bruto a preços correntes
6,Município,40,Mil Reais,909384,4113502,Loanda - PR,2023,2023,37,Produto Interno Bruto a preços correntes
6,Município,40,Mil Reais,333368,4113601,Lobato - PR,2023,2023,37,Produto Interno Bruto a preços correntes
6,Município,40,Mil Reais,27999537,4113700,Londrina - PR,2023,2023,37,Produto Interno Bruto a preços correntes
6,Município,40,Mil Reais,599341,4113734,Luiziana - PR,2023,2023,37,Produto Interno Bruto a preços correntes
6,Município,40,Mil Reais,147290,4113759,Lunardelli - PR,2023,2023,37,Produto Interno Bruto a preços correntes
6,Município,40,Mil Reais,164846,4113809,Lupionópolis - PR,2023,2023,37,Produto Interno Bruto a preços correntes
6,Município,40,Mil Reais,973316,4113908,Mallet - PR,2023,2023,37,Produto Interno Bruto a preços correntes
6,Município,40,Mil Reais,859221,4114005,Mamborê - PR,2023,2023,37,Produto Interno Bruto a preços correntes
6,Município,40,Mil Reais,995410,4114104,Mandaguaçu - PR,2023,2023,37,Produto Interno Bruto a preços correntes
6,Município,40,Mil Reais,2916500,4114203,Mandaguari - PR,2023,2023,37,Produto Interno Bruto a preços correntes
6,Município,40,Mil Reais,801433,4114302,Mandirituba - PR,2023,2023,37,Produto Interno Bruto a preços correntes
6,Município,40,Mil Reais,104399,4114351,Manfrinópolis - PR,2023,2023,37,Produto Interno Bruto a preços correntes
6,Município,40,Mil Reais,1869715,4114401,Mangueirinha - PR,2023,2023,37,Produto Interno Bruto a preços correntes
6,Município,40,Mil Reais,656196,4114500,Manoel Ribas - PR,2023,2023,37,Produto Interno Bruto a preços correntes
6,Município,40,Mil Reais,3919007,4114609,Marechal Cândido Rondon - PR,2023,2023,37,Produto Interno Bruto a preços correntes
6,Município,40,Mil Reais,176407,4114708,Maria Helena - PR,2023,2023,37,Produto Interno Bruto a preços correntes
6,Município,40,Mil Reais,2964620,4114807,Marialva - PR,2023,2023,37,Produto Interno Bruto a preços correntes
6,Município,40,Mil Reais,510268,4114906,Marilândia do Sul - PR,2023,2023,37,Produto Interno Bruto a preços correntes
6,Município,40,Mil Reais,237237,4115002,Marilena - PR,2023,2023,37,Produto Interno Bruto a preços correntes
6,Município,40,Mil Reais,403957,4115101,Mariluz - PR,2023,2023,37,Produto Interno Bruto a preços correntes
6,Município,40,Mil Reais,27817346,4115200,Maringá - PR,2023,2023,37,Produto Interno Bruto a preços correntes
6,Município,40,Mil Reais,554034,4115309,Mariópolis - PR,2023,2023,37,Produto Interno Bruto a preços correntes
6,Município,40,Mil Reais,535683,4115358,Maripá - PR,2023,2023,37,Produto Interno Bruto a preços correntes
6,Município,40,Mil Reais,738403,4115408,Marmeleiro - PR,2023,2023,37,Produto Interno Bruto a preços correntes
6,Município,40,Mil Reais,134982,4115457,Marquinho - PR,2023,2023,37,Produto Interno Bruto a preços correntes
6,Município,40,Mil Reais,134313,4115507,Marumbi - PR,2023,2023,37,Produto Interno Bruto a preços correntes
6,Município,40,Mil Reais,1440815,4115606,Matelândia - PR,2023,2023,37,Produto Interno Bruto a preços correntes
6,Município,40,Mil Reais,1148205,4115705,Matinhos - PR,2023,2023,37,Produto Interno Bruto a preços correntes
6,Município,40,Mil Reais,157348,4115739,Mato Rico - PR,2023,2023,37,Produto Interno Bruto a preços correntes
6,Município,40,Mil Reais,527212,4115754,Mauá da Serra - PR,2023,2023,37,Produto Interno Bruto a preços correntes
6,Município,40,Mil Reais,3007596,4115804,Medianeira - PR,2023,2023,37,Produto Interno Bruto a preços correntes
6,Município,40,Mil Reais,311869,4115853,Mercedes - PR,2023,2023,37,Produto Interno Bruto a preços correntes
6,Município,40,Mil Reais,178999,4115903,Mirador - PR,2023,2023,37,Produto Interno Bruto a preços correntes
6,Município,40,Mil Reais,69394,4116000,Miraselva - PR,2023,2023,37,Produto Interno Bruto a preços correntes
6,Município,40,Mil Reais,496708,4116059,Missal - PR,2023,2023,37,Produto Interno Bruto a preços correntes
6,Município,40,Mil Reais,382098,4116109,Moreira Sales - PR,2023,2023,37,Produto Interno Bruto a preços correntes
6,Município,40,Mil Reais,534712,4116208,Morretes - PR,2023,2023,37,Produto Interno Bruto a preços correntes
6,Município,40,Mil Reais,176663,4116307,Munhoz de Melo - PR,2023,2023,37,Produto Interno Bruto a preços correntes
6,Município,40,Mil Reais,126913,4116406,Nossa Senhora das Graças - PR,2023,2023,37,Produto Interno Bruto a preços correntes
6,Município,40,Mil Reais,71238,4116505,Nova Aliança do Ivaí - PR,2023,2023,37,Produto Interno Bruto a preços correntes
6,Município,40,Mil Reais,108097,4116604,Nova América da Colina - PR,2023,2023,37,Produto Interno Bruto a preços correntes
6,Município,40,Mil Reais,1040813,4116703,Nova Aurora - PR,2023,2023,37,Produto Interno Bruto a preços correntes
6,Município,40,Mil Reais,341725,4116802,Nova Cantu - PR,2023,2023,37,Produto Interno Bruto a preços correntes
6,Município,40,Mil Reais,1253498,4116901,Nova Esperança - PR,2023,2023,37,Produto Interno Bruto a preços correntes
6,Município,40,Mil Reais,198770,4116950,Nova Esperança do Sudoeste - PR,2023,2023,37,Produto Interno Bruto a preços correntes
6,Município,40,Mil Reais,327433,4117008,Nova Fátima - PR,2023,2023,37,Produto Interno Bruto a preços correntes
6,Município,40,Mil Reais,378372,4117057,Nova Laranjeiras - PR,2023,2023,37,Produto Interno Bruto a preços correntes
6,Município,40,Mil Reais,718418,4117107,Nova Londrina - PR,2023,2023,37,Produto Interno Bruto a preços correntes
6,Município,40,Mil Reais,132741,4117206,Nova Olímpia - PR,2023,2023,37,Produto Interno Bruto a preços correntes
6,Município,40,Mil Reais,131609,4117214,Nova Santa Bárbara - PR,2023,2023,37,Produto Interno Bruto a preços correntes
6,Município,40,Mil Reais,484275,4117222,Nova Santa Rosa - PR,2023,2023,37,Produto Interno Bruto a preços correntes
6,Município,40,Mil Reais,560124,4117255,Nova Prata do Iguaçu - PR,2023,2023,37,Produto Interno Bruto a preços correntes
6,Município,40,Mil Reais,237202,4117271,Nova Tebas - PR,2023,2023,37,Produto Interno Bruto a preços correntes
6,Município,40,Mil Reais,124923,4117297,Novo Itacolomi - PR,2023,2023,37,Produto Interno Bruto a preços correntes
6,Município,40,Mil Reais,3592270,4117305,Ortigueira - PR,2023,2023,37,Produto Interno Bruto a preços correntes
6,Município,40,Mil Reais,186573,4117404,Ourizona - PR,2023,2023,37,Produto Interno Bruto a preços correntes
6,Município,40,Mil Reais,297137,4117453,Ouro Verde do Oeste - PR,2023,2023,37,Produto Interno Bruto a preços correntes
6,Município,40,Mil Reais,1342362,4117503,Paiçandu - PR,2023,2023,37,Produto Interno Bruto a preços correntes
6,Município,40,Mil Reais,1728162,4117602,Palmas - PR,2023,2023,37,Produto Interno Bruto a preços correntes
6,Município,40,Mil Reais,2220003,4117701,Palmeira - PR,2023,2023,37,Produto Interno Bruto a preços correntes
6,Município,40,Mil Reais,406781,4117800,Palmital - PR,2023,2023,37,Produto Interno Bruto a preços correntes
6,Município,40,Mil Reais,3698095,4117909,Palotina - PR,2023,2023,37,Produto Interno Bruto a preços correntes
6,Município,40,Mil Reais,533427,4118006,Paraíso do Norte - PR,2023,2023,37,Produto Interno Bruto a preços correntes
6,Município,40,Mil Reais,517609,4118105,Paranacity - PR,2023,2023,37,Produto Interno Bruto a preços correntes
6,Município,40,Mil Reais,15291703,4118204,Paranaguá - PR,2023,2023,37,Produto Interno Bruto a preços correntes
6,Município,40,Mil Reais,88781,4118303,Paranapoema - PR,2023,2023,37,Produto Interno Bruto a preços correntes
6,Município,40,Mil Reais,4189765,4118402,Paranavaí - PR,2023,2023,37,Produto Interno Bruto a preços correntes
6,Município,40,Mil Reais,269744,4118451,Pato Bragado - PR,2023,2023,37,Produto Interno Bruto a preços correntes
6,Município,40,Mil Reais,5817896,4118501,Pato Branco - PR,2023,2023,37,Produto Interno Bruto a preços correntes
6,Município,40,Mil Reais,488532,4118600,Paula Freitas - PR,2023,2023,37,Produto Interno Bruto a preços correntes
6,Município,40,Mil Reais,473855,4118709,Paulo Frontin - PR,2023,2023,37,Produto Interno Bruto a preços correntes
6,Município,40,Mil Reais,530693,4118808,Peabiru - PR,2023,2023,37,Produto Interno Bruto a preços correntes
6,Município,40,Mil Reais,354948,4118857,Perobal - PR,2023,2023,37,Produto Interno Bruto a preços correntes
6,Município,40,Mil Reais,364026,4118907,Pérola - PR,2023,2023,37,Produto Interno Bruto a preços correntes
6,Município,40,Mil Reais,270487,4119004,Pérola d'Oeste - PR,2023,2023,37,Produto Interno Bruto a preços correntes
6,Município,40,Mil Reais,853225,4119103,Piên - PR,2023,2023,37,Produto Interno Bruto a preços correntes
6,Município,40,Mil Reais,9852601,4119152,Pinhais - PR,2023,2023,37,Produto Interno Bruto a preços correntes
6,Município,40,Mil Reais,251911,4119202,Pinhalão - PR,2023,2023,37,Produto Interno Bruto a preços correntes
6,Município,40,Mil Reais,82104,4119251,Pinhal de São Bento - PR,2023,2023,37,Produto Interno Bruto a preços correntes
6,Município,40,Mil Reais,1851108,4119301,Pinhão - PR,2023,2023,37,Produto Interno Bruto a preços correntes
6,Município,40,Mil Reais,1441276,4119400,Piraí do Sul - PR,2023,2023,37,Produto Interno Bruto a preços correntes
6,Município,40,Mil Reais,1901529,4119509,Piraquara - PR,2023,2023,37,Produto Interno Bruto a preços correntes
6,Município,40,Mil Reais,1448744,4119608,Pitanga - PR,2023,2023,37,Produto Interno Bruto a preços correntes
6,Município,40,Mil Reais,160573,4119657,Pitangueiras - PR,2023,2023,37,Produto Interno Bruto a preços correntes
6,Município,40,Mil Reais,149540,4119707,Planaltina do Paraná - PR,2023,2023,37,Produto Interno Bruto a preços correntes
6,Município,40,Mil Reais,526048,4119806,Planalto - PR,2023,2023,37,Produto Interno Bruto a preços correntes
6,Município,40,Mil Reais,25583325,4119905,Ponta Grossa - PR,2023,2023,37,Produto Interno Bruto a preços correntes
6,Município,40,Mil Reais,809708,4119954,Pontal do Paraná - PR,2023,2023,37,Produto Interno Bruto a preços correntes
6,Município,40,Mil Reais,732948,4120002,Porecatu - PR,2023,2023,37,Produto Interno Bruto a preços correntes
6,Município,40,Mil Reais,391662,4120101,Porto Amazonas - PR,2023,2023,37,Produto Interno Bruto a preços correntes
6,Município,40,Mil Reais,169168,4120150,Porto Barreiro - PR,2023,2023,37,Produto Interno Bruto a preços correntes
6,Município,40,Mil Reais,152980,4120200,Porto Rico - PR,2023,2023,37,Produto Interno Bruto a preços correntes
6,Município,40,Mil Reais,98341,4120309,Porto Vitória - PR,2023,2023,37,Produto Interno Bruto a preços correntes
6,Município,40,Mil Reais,207955,4120333,Prado Ferreira - PR,2023,2023,37,Produto Interno Bruto a preços correntes
6,Município,40,Mil Reais,378687,4120358,Pranchita - PR,2023,2023,37,Produto Interno Bruto a preços correntes
6,Município,40,Mil Reais,197136,4120408,Presidente Castelo Branco - PR,2023,2023,37,Produto Interno Bruto a preços correntes
6,Município,40,Mil Reais,462476,4120507,Primeiro de Maio - PR,2023,2023,37,Produto Interno Bruto a preços correntes
6,Município,40,Mil Reais,1905943,4120606,Prudentópolis - PR,2023,2023,37,Produto Interno Bruto a preços correntes
6,Município,40,Mil Reais,409019,4120655,Quarto Centenário - PR,2023,2023,37,Produto Interno Bruto a preços correntes
6,Município,40,Mil Reais,244507,4120705,Quatiguá - PR,2023,2023,37,Produto Interno Bruto a preços correntes
6,Município,40,Mil Reais,2336181,4120804,Quatro Barras - PR,2023,2023,37,Produto Interno Bruto a preços correntes
6,Município,40,Mil Reais,307122,4120853,Quatro Pontes - PR,2023,2023,37,Produto Interno Bruto a preços correntes
6,Município,40,Mil Reais,1927945,4120903,Quedas do Iguaçu - PR,2023,2023,37,Produto Interno Bruto a preços correntes
6,Município,40,Mil Reais,342244,4121000,Querência do Norte - PR,2023,2023,37,Produto Interno Bruto a preços correntes
6,Município,40,Mil Reais,314953,4121109,Quinta do Sol - PR,2023,2023,37,Produto Interno Bruto a preços correntes
6,Município,40,Mil Reais,594459,4121208,Quitandinha - PR,2023,2023,37,Produto Interno Bruto a preços correntes
6,Município,40,Mil Reais,126585,4121257,Ramilândia - PR,2023,2023,37,Produto Interno Bruto a preços correntes
6,Município,40,Mil Reais,197170,4121307,Rancho Alegre - PR,2023,2023,37,Produto Interno Bruto a preços correntes
6,Município,40,Mil Reais,235642,4121356,Rancho Alegre D'Oeste - PR,2023,2023,37,Produto Interno Bruto a preços correntes
6,Município,40,Mil Reais,958987,4121406,Realeza - PR,2023,2023,37,Produto Interno Bruto a preços correntes
6,Município,40,Mil Reais,635752,4121505,Rebouças - PR,2023,2023,37,Produto Interno Bruto a preços correntes
6,Município,40,Mil Reais,460072,4121604,Renascença - PR,2023,2023,37,Produto Interno Bruto a preços correntes
6,Município,40,Mil Reais,764371,4121703,Reserva - PR,2023,2023,37,Produto Interno Bruto a preços correntes
6,Município,40,Mil Reais,257839,4121752,Reserva do Iguaçu - PR,2023,2023,37,Produto Interno Bruto a preços correntes
6,Município,40,Mil Reais,609741,4121802,Ribeirão Claro - PR,2023,2023,37,Produto Interno Bruto a preços correntes
6,Município,40,Mil Reais,487933,4121901,Ribeirão do Pinhal - PR,2023,2023,37,Produto Interno Bruto a preços correntes
6,Município,40,Mil Reais,996992,4122008,Rio Azul - PR,2023,2023,37,Produto Interno Bruto a preços correntes
6,Município,40,Mil Reais,118815,4122107,Rio Bom - PR,2023,2023,37,Produto Interno Bruto a preços correntes
6,Município,40,Mil Reais,514285,4122156,Rio Bonito do Iguaçu - PR,2023,2023,37,Produto Interno Bruto a preços correntes
6,Município,40,Mil Reais,174700,4122172,Rio Branco do Ivaí - PR,2023,2023,37,Produto Interno Bruto a preços correntes
6,Município,40,Mil Reais,1850826,4122206,Rio Branco do Sul - PR,2023,2023,37,Produto Interno Bruto a preços correntes
6,Município,40,Mil Reais,1456165,4122305,Rio Negro - PR,2023,2023,37,Produto Interno Bruto a preços correntes
6,Município,40,Mil Reais,4602704,4122404,Rolândia - PR,2023,2023,37,Produto Interno Bruto a preços correntes
6,Município,40,Mil Reais,639474,4122503,Roncador - PR,2023,2023,37,Produto Interno Bruto a preços correntes
6,Município,40,Mil Reais,538736,4122602,Rondon - PR,2023,2023,37,Produto Interno Bruto a preços correntes
6,Município,40,Mil Reais,166638,4122651,Rosário do Ivaí - PR,2023,2023,37,Produto Interno Bruto a preços correntes
6,Município,40,Mil Reais,741345,4122701,Sabáudia - PR,2023,2023,37,Produto Interno Bruto a preços correntes
6,Município,40,Mil Reais,144581,4122800,Salgado Filho - PR,2023,2023,37,Produto Interno Bruto a preços correntes
6,Município,40,Mil Reais,124160,4122909,Salto do Itararé - PR,2023,2023,37,Produto Interno Bruto a preços correntes
6,Município,40,Mil Reais,628454,4123006,Salto do Lontra - PR,2023,2023,37,Produto Interno Bruto a preços correntes
6,Município,40,Mil Reais,141542,4123105,Santa Amélia - PR,2023,2023,37,Produto Interno Bruto a preços correntes
6,Município,40,Mil Reais,179166,4123204,Santa Cecília do Pavão - PR,2023,2023,37,Produto Interno Bruto a preços correntes
6,Município,40,Mil Reais,387175,4123303,Santa Cruz de Monte Castelo - PR,2023,2023,37,Produto Interno Bruto a preços correntes
6,Município,40,Mil Reais,449906,4123402,Santa Fé - PR,2023,2023,37,Produto Interno Bruto a preços correntes
6,Município,40,Mil Reais,1641044,4123501,Santa Helena - PR,2023,2023,37,Produto Interno Bruto a preços correntes
6,Município,40,Mil Reais,85155,4123600,Santa Inês - PR,2023,2023,37,Produto Interno Bruto a preços correntes
6,Município,40,Mil Reais,293692,4123709,Santa Isabel do Ivaí - PR,2023,2023,37,Produto Interno Bruto a preços correntes
6,Município,40,Mil Reais,514079,4123808,Santa Izabel do Oeste - PR,2023,2023,37,Produto Interno Bruto a preços correntes
6,Município,40,Mil Reais,158188,4123824,Santa Lúcia - PR,2023,2023,37,Produto Interno Bruto a preços correntes
6,Município,40,Mil Reais,353046,4123857,Santa Maria do Oeste - PR,2023,2023,37,Produto Interno Bruto a preços correntes
6,Município,40,Mil Reais,497961,4123907,Santa Mariana - PR,2023,2023,37,Produto Interno Bruto a preços correntes
6,Município,40,Mil Reais,115471,4123956,Santa Mônica - PR,2023,2023,37,Produto Interno Bruto a preços correntes
6,Município,40,Mil Reais,184042,4124004,Santana do Itararé - PR,2023,2023,37,Produto Interno Bruto a preços correntes
6,Município,40,Mil Reais,713315,4124020,Santa Tereza do Oeste - PR,2023,2023,37,Produto Interno Bruto a preços correntes
6,Município,40,Mil Reais,765144,4124053,Santa Terezinha de Itaipu - PR,2023,2023,37,Produto Interno Bruto a preços correntes
6,Município,40,Mil Reais,1837884,4124103,Santo Antônio da Platina - PR,2023,2023,37,Produto Interno Bruto a preços correntes
6,Município,40,Mil Reais,70027,4124202,Santo Antônio do Caiuá - PR,2023,2023,37,Produto Interno Bruto a preços correntes
6,Município,40,Mil Reais,114799,4124301,Santo Antônio do Paraíso - PR,2023,2023,37,Produto Interno Bruto a preços correntes
6,Município,40,Mil Reais,804866,4124400,Santo Antônio do Sudoeste - PR,2023,2023,37,Produto Interno Bruto a preços correntes
6,Município,40,Mil Reais,836727,4124509,Santo Inácio - PR,2023,2023,37,Produto Interno Bruto a preços correntes
6,Município,40,Mil Reais,567836,4124608,São Carlos do Ivaí - PR,2023,2023,37,Produto Interno Bruto a preços correntes
6,Município,40,Mil Reais,349306,4124707,São Jerônimo da Serra - PR,2023,2023,37,Produto Interno Bruto a preços correntes
6,Município,40,Mil Reais,1220178,4124806,São João - PR,2023,2023,37,Produto Interno Bruto a preços correntes
6,Município,40,Mil Reais,191656,4124905,São João do Caiuá - PR,2023,2023,37,Produto Interno Bruto a preços correntes
6,Município,40,Mil Reais,410617,4125001,São João do Ivaí - PR,2023,2023,37,Produto Interno Bruto a preços correntes
6,Município,40,Mil Reais,875907,4125100,São João do Triunfo - PR,2023,2023,37,Produto Interno Bruto a preços correntes
6,Município,40,Mil Reais,531521,4125209,São Jorge d'Oeste - PR,2023,2023,37,Produto Interno Bruto a preços correntes
6,Município,40,Mil Reais,417316,4125308,São Jorge do Ivaí - PR,2023,2023,37,Produto Interno Bruto a preços correntes
6,Município,40,Mil Reais,183232,4125357,São Jorge do Patrocínio - PR,2023,2023,37,Produto Interno Bruto a preços correntes
6,Município,40,Mil Reais,232641,4125407,São José da Boa Vista - PR,2023,2023,37,Produto Interno Bruto a preços correntes
6,Município,40,Mil Reais,109674,4125456,São José das Palmeiras - PR,2023,2023,37,Produto Interno Bruto a preços correntes
6,Município,40,Mil Reais,33957964,4125506,São José dos Pinhais - PR,2023,2023,37,Produto Interno Bruto a preços correntes
6,Município,40,Mil Reais,83030,4125555,São Manoel do Paraná - PR,2023,2023,37,Produto Interno Bruto a preços correntes
6,Município,40,Mil Reais,1934142,4125605,São Mateus do Sul - PR,2023,2023,37,Produto Interno Bruto a preços correntes
6,Município,40,Mil Reais,1484412,4125704,São Miguel do Iguaçu - PR,2023,2023,37,Produto Interno Bruto a preços correntes
6,Município,40,Mil Reais,267877,4125753,São Pedro do Iguaçu - PR,2023,2023,37,Produto Interno Bruto a preços correntes
6,Município,40,Mil Reais,453058,4125803,São Pedro do Ivaí - PR,2023,2023,37,Produto Interno Bruto a preços correntes
6,Município,40,Mil Reais,111291,4125902,São Pedro do Paraná - PR,2023,2023,37,Produto Interno Bruto a preços correntes
6,Município,40,Mil Reais,277569,4126009,São Sebastião da Amoreira - PR,2023,2023,37,Produto Interno Bruto a preços correntes
6,Município,40,Mil Reais,221194,4126108,São Tomé - PR,2023,2023,37,Produto Interno Bruto a preços correntes
6,Município,40,Mil Reais,183023,4126207,Sapopema - PR,2023,2023,37,Produto Interno Bruto a preços correntes
6,Município,40,Mil Reais,2398690,4126256,Sarandi - PR,2023,2023,37,Produto Interno Bruto a preços correntes
6,Município,40,Mil Reais,1143427,4126272,Saudade do Iguaçu - PR,2023,2023,37,Produto Interno Bruto a preços correntes
6,Município,40,Mil Reais,690924,4126306,Sengés - PR,2023,2023,37,Produto Interno Bruto a preços correntes
6,Município,40,Mil Reais,272573,4126355,Serranópolis do Iguaçu - PR,2023,2023,37,Produto Interno Bruto a preços correntes
6,Município,40,Mil Reais,465712,4126405,Sertaneja - PR,2023,2023,37,Produto Interno Bruto a preços correntes
6,Município,40,Mil Reais,863931,4126504,Sertanópolis - PR,2023,2023,37,Produto Interno Bruto a preços correntes
6,Município,40,Mil Reais,851121,4126603,Siqueira Campos - PR,2023,2023,37,Produto Interno Bruto a preços correntes
6,Município,40,Mil Reais,190979,4126652,Sulina - PR,2023,2023,37,Produto Interno Bruto a preços correntes
6,Município,40,Mil Reais,474596,4126678,Tamarana - PR,2023,2023,37,Produto Interno Bruto a preços correntes
6,Município,40,Mil Reais,184145,4126702,Tamboara - PR,2023,2023,37,Produto Interno Bruto a preços correntes
6,Município,40,Mil Reais,731143,4126801,Tapejara - PR,2023,2023,37,Produto Interno Bruto a preços correntes
6,Município,40,Mil Reais,187714,4126900,Tapira - PR,2023,2023,37,Produto Interno Bruto a preços correntes
6,Município,40,Mil Reais,633083,4127007,Teixeira Soares - PR,2023,2023,37,Produto Interno Bruto a preços correntes
6,Município,40,Mil Reais,6409425,4127106,Telêmaco Borba - PR,2023,2023,37,Produto Interno Bruto a preços correntes
6,Município,40,Mil Reais,709922,4127205,Terra Boa - PR,2023,2023,37,Produto Interno Bruto a preços correntes
6,Município,40,Mil Reais,539546,4127304,Terra Rica - PR,2023,2023,37,Produto Interno Bruto a preços correntes
6,Município,40,Mil Reais,921400,4127403,Terra Roxa - PR,2023,2023,37,Produto Interno Bruto a preços correntes
6,Município,40,Mil Reais,1448624,4127502,Tibagi - PR,2023,2023,37,Produto Interno Bruto a preços correntes
6,Município,40,Mil Reais,554175,4127601,Tijucas do Sul - PR,2023,2023,37,Produto Interno Bruto a preços correntes
6,Município,40,Mil Reais,9508572,4127700,Toledo - PR,2023,2023,37,Produto Interno Bruto a preços correntes
6,Município,40,Mil Reais,350465,4127809,Tomazina - PR,2023,2023,37,Produto Interno Bruto a preços correntes
6,Município,40,Mil Reais,453550,4127858,Três Barras do Paraná - PR,2023,2023,37,Produto Interno Bruto a preços correntes
6,Município,40,Mil Reais,142467,4127882,Tunas do Paraná - PR,2023,2023,37,Produto Interno Bruto a preços correntes
6,Município,40,Mil Reais,297521,4127908,Tuneiras do Oeste - PR,2023,2023,37,Produto Interno Bruto a preços correntes
6,Município,40,Mil Reais,520417,4127957,Tupãssi - PR,2023,2023,37,Produto Interno Bruto a preços correntes
6,Município,40,Mil Reais,697870,4127965,Turvo - PR,2023,2023,37,Produto Interno Bruto a preços correntes
6,Município,40,Mil Reais,2129922,4128005,Ubiratã - PR,2023,2023,37,Produto Interno Bruto a preços correntes
6,Município,40,Mil Reais,5096996,4128104,Umuarama - PR,2023,2023,37,Produto Interno Bruto a preços correntes
6,Município,40,Mil Reais,2223373,4128203,União da Vitória - PR,2023,2023,37,Produto Interno Bruto a preços correntes
6,Município,40,Mil Reais,131665,4128302,Uniflor - PR,2023,2023,37,Produto Interno Bruto a preços correntes
6,Município,40,Mil Reais,395053,4128401,Uraí - PR,2023,2023,37,Produto Interno Bruto a preços correntes
6,Município,40,Mil Reais,767256,4128500,Wenceslau Braz - PR,2023,2023,37,Produto Interno Bruto a preços correntes
6,Município,40,Mil Reais,378784,4128534,Ventania - PR,2023,2023,37,Produto Interno Bruto a preços correntes
6,Município,40,Mil Reais,335607,4128559,Vera Cruz do Oeste - PR,2023,2023,37,Produto Interno Bruto a preços correntes
6,Município,40,Mil Reais,606828,4128609,Verê - PR,2023,2023,37,Produto Interno Bruto a preços correntes
6,Município,40,Mil Reais,147760,4128625,Alto Paraíso - PR,2023,2023,37,Produto Interno Bruto a preços correntes
6,Município,40,Mil Reais,116147,4128633,Doutor Ulysses - PR,2023,2023,37,Produto Interno Bruto a preços correntes
6,Município,40,Mil Reais,241579,4128658,Virmond - PR,2023,2023,37,Produto Interno Bruto a preços correntes
6,Município,40,Mil Reais,631025,4128708,Vitorino - PR,2023,2023,37,Produto Interno Bruto a preços correntes
6,Município,40,Mil Reais,138498,4128807,Xambrê - PR,2023,2023,37,Produto Interno Bruto a preços correntes
6,Município,40,Mil Reais,115985,4200051,Abdon Batista - SC,2023,2023,37,Produto Interno Bruto a preços correntes
6,Município,40,Mil Reais,1085858,4200101,Abelardo Luz - SC,2023,2023,37,Produto Interno Bruto a preços correntes
6,Município,40,Mil Reais,496110,4200200,Agrolândia - SC,2023,2023,37,Produto Interno Bruto a preços correntes
6,Município,40,Mil Reais,279406,4200309,Agronômica - SC,2023,2023,37,Produto Interno Bruto a preços correntes
6,Município,40,Mil Reais,747812,4200408,Água Doce - SC,2023,2023,37,Produto Interno Bruto a preços correntes
6,Município,40,Mil Reais,240633,4200507,Águas de Chapecó - SC,2023,2023,37,Produto Interno Bruto a preços correntes
6,Município,40,Mil Reais,183332,4200556,Águas Frias - SC,2023,2023,37,Produto Interno Bruto a preços correntes
6,Município,40,Mil Reais,281792,4200606,Águas Mornas - SC,2023,2023,37,Produto Interno Bruto a preços correntes
6,Município,40,Mil Reais,414787,4200705,Alfredo Wagner - SC,2023,2023,37,Produto Interno Bruto a preços correntes
6,Município,40,Mil Reais,94012,4200754,Alto Bela Vista - SC,2023,2023,37,Produto Interno Bruto a preços correntes
6,Município,40,Mil Reais,261385,4200804,Anchieta - SC,2023,2023,37,Produto Interno Bruto a preços correntes
6,Município,40,Mil Reais,192262,4200903,Angelina - SC,2023,2023,37,Produto Interno Bruto a preços correntes
6,Município,40,Mil Reais,251491,4201000,Anita Garibaldi - SC,2023,2023,37,Produto Interno Bruto a preços correntes
6,Município,40,Mil Reais,117403,4201109,Anitápolis - SC,2023,2023,37,Produto Interno Bruto a preços correntes
6,Município,40,Mil Reais,1163092,4201208,Antônio Carlos - SC,2023,2023,37,Produto Interno Bruto a preços correntes
6,Município,40,Mil Reais,510610,4201257,Apiúna - SC,2023,2023,37,Produto Interno Bruto a preços correntes
6,Município,40,Mil Reais,400561,4201273,Arabutã - SC,2023,2023,37,Produto Interno Bruto a preços correntes
6,Município,40,Mil Reais,9900040,4201307,Araquari - SC,2023,2023,37,Produto Interno Bruto a preços correntes
6,Município,40,Mil Reais,3023100,4201406,Araranguá - SC,2023,2023,37,Produto Interno Bruto a preços correntes
6,Município,40,Mil Reais,343668,4201505,Armazém - SC,2023,2023,37,Produto Interno Bruto a preços correntes
6,Município,40,Mil Reais,154297,4201604,Arroio Trinta - SC,2023,2023,37,Produto Interno Bruto a preços correntes
6,Município,40,Mil Reais,194588,4201653,Arvoredo - SC,2023,2023,37,Produto Interno Bruto a preços correntes
6,Município,40,Mil Reais,315202,4201703,Ascurra - SC,2023,2023,37,Produto Interno Bruto a preços correntes
6,Município,40,Mil Reais,146755,4201802,Atalanta - SC,2023,2023,37,Produto Interno Bruto a preços correntes
6,Município,40,Mil Reais,468008,4201901,Aurora - SC,2023,2023,37,Produto Interno Bruto a preços correntes
6,Município,40,Mil Reais,302101,4201950,Balneário Arroio do Silva - SC,2023,2023,37,Produto Interno Bruto a preços correntes
6,Município,40,Mil Reais,9004373,4202008,Balneário Camboriú - SC,2023,2023,37,Produto Interno Bruto a preços correntes
6,Município,40,Mil Reais,321609,4202057,Balneário Barra do Sul - SC,2023,2023,37,Produto Interno Bruto a preços correntes
6,Município,40,Mil Reais,308869,4202073,Balneário Gaivota - SC,2023,2023,37,Produto Interno Bruto a preços correntes
6,Município,40,Mil Reais,130220,4202081,Bandeirante - SC,2023,2023,37,Produto Interno Bruto a preços correntes
6,Município,40,Mil Reais,66206,4202099,Barra Bonita - SC,2023,2023,37,Produto Interno Bruto a preços correntes
6,Município,40,Mil Reais,2468505,4202107,Barra Velha - SC,2023,2023,37,Produto Interno Bruto a preços correntes
6,Município,40,Mil Reais,277735,4202131,Bela Vista do Toldo - SC,2023,2023,37,Produto Interno Bruto a preços correntes
6,Município,40,Mil Reais,86050,4202156,Belmonte - SC,2023,2023,37,Produto Interno Bruto a preços correntes
6,Município,40,Mil Reais,496824,4202206,Benedito Novo - SC,2023,2023,37,Produto Interno Bruto a preços correntes
6,Município,40,Mil Reais,3523318,4202305,Biguaçu - SC,2023,2023,37,Produto Interno Bruto a preços correntes
6,Município,40,Mil Reais,24871920,4202404,Blumenau - SC,2023,2023,37,Produto Interno Bruto a preços correntes
6,Município,40,Mil Reais,145084,4202438,Bocaina do Sul - SC,2023,2023,37,Produto Interno Bruto a preços correntes
6,Município,40,Mil Reais,1178868,4202453,Bombinhas - SC,2023,2023,37,Produto Interno Bruto a preços correntes
6,Município,40,Mil Reais,338788,4202503,Bom Jardim da Serra - SC,2023,2023,37,Produto Interno Bruto a preços correntes
6,Município,40,Mil Reais,187852,4202537,Bom Jesus - SC,2023,2023,37,Produto Interno Bruto a preços correntes
6,Município,40,Mil Reais,103572,4202578,Bom Jesus do Oeste - SC,2023,2023,37,Produto Interno Bruto a preços correntes
6,Município,40,Mil Reais,454470,4202602,Bom Retiro - SC,2023,2023,37,Produto Interno Bruto a preços correntes
6,Município,40,Mil Reais,554189,4202701,Botuverá - SC,2023,2023,37,Produto Interno Bruto a preços correntes
6,Município,40,Mil Reais,2195935,4202800,Braço do Norte - SC,2023,2023,37,Produto Interno Bruto a preços correntes
6,Município,40,Mil Reais,273816,4202859,Braço do Trombudo - SC,2023,2023,37,Produto Interno Bruto a preços correntes
6,Município,40,Mil Reais,143766,4202875,Brunópolis - SC,2023,2023,37,Produto Interno Bruto a preços correntes
6,Município,40,Mil Reais,11071535,4202909,Brusque - SC,2023,2023,37,Produto Interno Bruto a preços correntes
6,Município,40,Mil Reais,5375161,4203006,Caçador - SC,2023,2023,37,Produto Interno Bruto a preços correntes
6,Município,40,Mil Reais,382027,4203105,Caibi - SC,2023,2023,37,Produto Interno Bruto a preços correntes
6,Município,40,Mil Reais,135173,4203154,Calmon - SC,2023,2023,37,Produto Interno Bruto a preços correntes
6,Município,40,Mil Reais,2703378,4203204,Camboriú - SC,2023,2023,37,Produto Interno Bruto a preços correntes
6,Município,40,Mil Reais,281798,4203253,Capão Alto - SC,2023,2023,37,Produto Interno Bruto a preços correntes
6,Município,40,Mil Reais,872665,4203303,Campo Alegre - SC,2023,2023,37,Produto Interno Bruto a preços correntes
6,Município,40,Mil Reais,401476,4203402,Campo Belo do Sul - SC,2023,2023,37,Produto Interno Bruto a preços correntes
6,Município,40,Mil Reais,532119,4203501,Campo Erê - SC,2023,2023,37,Produto Interno Bruto a preços correntes
6,Município,40,Mil Reais,3456854,4203600,Campos Novos - SC,2023,2023,37,Produto Interno Bruto a preços correntes
6,Município,40,Mil Reais,412708,4203709,Canelinha - SC,2023,2023,37,Produto Interno Bruto a preços correntes
6,Município,40,Mil Reais,2759648,4203808,Canoinhas - SC,2023,2023,37,Produto Interno Bruto a preços correntes
6,Município,40,Mil Reais,1482554,4203907,Capinzal - SC,2023,2023,37,Produto Interno Bruto a preços correntes
6,Município,40,Mil Reais,689019,4203956,Capivari de Baixo - SC,2023,2023,37,Produto Interno Bruto a preços correntes
6,Município,40,Mil Reais,676611,4204004,Catanduvas - SC,2023,2023,37,Produto Interno Bruto a preços correntes
6,Município,40,Mil Reais,248344,4204103,Caxambu do Sul - SC,2023,2023,37,Produto Interno Bruto a preços correntes
6,Município,40,Mil Reais,96487,4204152,Celso Ramos - SC,2023,2023,37,Produto Interno Bruto a preços correntes
6,Município,40,Mil Reais,152293,4204178,Cerro Negro - SC,2023,2023,37,Produto Interno Bruto a preços correntes
6,Município,40,Mil Reais,147115,4204194,Chapadão do Lageado - SC,2023,2023,37,Produto Interno Bruto a preços correntes
6,Município,40,Mil Reais,17619284,4204202,Chapecó - SC,2023,2023,37,Produto Interno Bruto a preços correntes
6,Município,40,Mil Reais,1084930,4204251,Cocal do Sul - SC,2023,2023,37,Produto Interno Bruto a preços correntes
6,Município,40,Mil Reais,5510392,4204301,Concórdia - SC,2023,2023,37,Produto Interno Bruto a preços correntes
6,Município,40,Mil Reais,529198,4204350,Cordilheira Alta - SC,2023,2023,37,Produto Interno Bruto a preços correntes
6,Município,40,Mil Reais,484593,4204400,Coronel Freitas - SC,2023,2023,37,Produto Interno Bruto a preços correntes
6,Município,40,Mil Reais,74761,4204459,Coronel Martins - SC,2023,2023,37,Produto Interno Bruto a preços correntes
6,Município,40,Mil Reais,1055553,4204509,Corupá - SC,2023,2023,37,Produto Interno Bruto a preços correntes
6,Município,40,Mil Reais,763282,4204558,Correia Pinto - SC,2023,2023,37,Produto Interno Bruto a preços correntes
6,Município,40,Mil Reais,12339548,4204608,Criciúma - SC,2023,2023,37,Produto Interno Bruto a preços correntes
6,Município,40,Mil Reais,1090031,4204707,Cunha Porã - SC,2023,2023,37,Produto Interno Bruto a preços correntes
6,Município,40,Mil Reais,106831,4204756,Cunhataí - SC,2023,2023,37,Produto Interno Bruto a preços correntes
6,Município,40,Mil Reais,2003888,4204806,Curitibanos - SC,2023,2023,37,Produto Interno Bruto a preços correntes
6,Município,40,Mil Reais,382121,4204905,Descanso - SC,2023,2023,37,Produto Interno Bruto a preços correntes
6,Município,40,Mil Reais,674813,4205001,Dionísio Cerqueira - SC,2023,2023,37,Produto Interno Bruto a preços correntes
6,Município,40,Mil Reais,184448,4205100,Dona Emma - SC,2023,2023,37,Produto Interno Bruto a preços correntes
6,Município,40,Mil Reais,184032,4205159,Doutor Pedrinho - SC,2023,2023,37,Produto Interno Bruto a preços correntes
6,Município,40,Mil Reais,75981,4205175,Entre Rios - SC,2023,2023,37,Produto Interno Bruto a preços correntes
6,Município,40,Mil Reais,241247,4205191,Ermo - SC,2023,2023,37,Produto Interno Bruto a preços correntes
6,Município,40,Mil Reais,253179,4205209,Erval Velho - SC,2023,2023,37,Produto Interno Bruto a preços correntes
6,Município,40,Mil Reais,845387,4205308,Faxinal dos Guedes - SC,2023,2023,37,Produto Interno Bruto a preços correntes
6,Município,40,Mil Reais,95653,4205357,Flor do Sertão - SC,2023,2023,37,Produto Interno Bruto a preços correntes
6,Município,40,Mil Reais,31190132,4205407,Florianópolis - SC,2023,2023,37,Produto Interno Bruto a preços correntes
6,Município,40,Mil Reais,104803,4205431,Formosa do Sul - SC,2023,2023,37,Produto Interno Bruto a preços correntes
6,Município,40,Mil Reais,1525924,4205456,Forquilhinha - SC,2023,2023,37,Produto Interno Bruto a preços correntes
6,Município,40,Mil Reais,1596213,4205506,Fraiburgo - SC,2023,2023,37,Produto Interno Bruto a preços correntes
6,Município,40,Mil Reais,114310,4205555,Frei Rogério - SC,2023,2023,37,Produto Interno Bruto a preços correntes
6,Município,40,Mil Reais,159894,4205605,Galvão - SC,2023,2023,37,Produto Interno Bruto a preços correntes
6,Município,40,Mil Reais,1005308,4205704,Garopaba - SC,2023,2023,37,Produto Interno Bruto a preços correntes
6,Município,40,Mil Reais,1982039,4205803,Garuva - SC,2023,2023,37,Produto Interno Bruto a preços correntes
6,Município,40,Mil Reais,5058949,4205902,Gaspar - SC,2023,2023,37,Produto Interno Bruto a preços correntes
6,Município,40,Mil Reais,661697,4206009,Governador Celso Ramos - SC,2023,2023,37,Produto Interno Bruto a preços correntes
6,Município,40,Mil Reais,406387,4206108,Grão-Pará - SC,2023,2023,37,Produto Interno Bruto a preços correntes
6,Município,40,Mil Reais,456981,4206207,Gravatal - SC,2023,2023,37,Produto Interno Bruto a preços correntes
6,Município,40,Mil Reais,1492565,4206306,Guabiruba - SC,2023,2023,37,Produto Interno Bruto a preços correntes
6,Município,40,Mil Reais,615278,4206405,Guaraciaba - SC,2023,2023,37,Produto Interno Bruto a preços correntes
6,Município,40,Mil Reais,3136750,4206504,Guaramirim - SC,2023,2023,37,Produto Interno Bruto a preços correntes
6,Município,40,Mil Reais,262918,4206603,Guarujá do Sul - SC,2023,2023,37,Produto Interno Bruto a preços correntes
6,Município,40,Mil Reais,617585,4206652,Guatambú - SC,2023,2023,37,Produto Interno Bruto a preços correntes
6,Município,40,Mil Reais,723522,4206702,Herval d'Oeste - SC,2023,2023,37,Produto Interno Bruto a preços correntes
6,Município,40,Mil Reais,90693,4206751,Ibiam - SC,2023,2023,37,Produto Interno Bruto a preços correntes
6,Município,40,Mil Reais,174344,4206801,Ibicaré - SC,2023,2023,37,Produto Interno Bruto a preços correntes
6,Município,40,Mil Reais,774395,4206900,Ibirama - SC,2023,2023,37,Produto Interno Bruto a preços correntes
6,Município,40,Mil Reais,4878274,4207007,Içara - SC,2023,2023,37,Produto Interno Bruto a preços correntes
6,Município,40,Mil Reais,1190605,4207106,Ilhota - SC,2023,2023,37,Produto Interno Bruto a preços correntes
6,Município,40,Mil Reais,320780,4207205,Imaruí - SC,2023,2023,37,Produto Interno Bruto a preços correntes
6,Município,40,Mil Reais,3250688,4207304,Imbituba - SC,2023,2023,37,Produto Interno Bruto a preços correntes
6,Município,40,Mil Reais,319441,4207403,Imbuia - SC,2023,2023,37,Produto Interno Bruto a preços correntes
6,Município,40,Mil Reais,4484718,4207502,Indaial - SC,2023,2023,37,Produto Interno Bruto a preços correntes
6,Município,40,Mil Reais,381384,4207577,Iomerê - SC,2023,2023,37,Produto Interno Bruto a preços correntes
6,Município,40,Mil Reais,134995,4207601,Ipira - SC,2023,2023,37,Produto Interno Bruto a preços correntes
6,Município,40,Mil Reais,486274,4207650,Iporã do Oeste - SC,2023,2023,37,Produto Interno Bruto a preços correntes
6,Município,40,Mil Reais,435900,4207684,Ipuaçu - SC,2023,2023,37,Produto Interno Bruto a preços correntes
6,Município,40,Mil Reais,564808,4207700,Ipumirim - SC,2023,2023,37,Produto Interno Bruto a preços correntes
6,Município,40,Mil Reais,258923,4207759,Iraceminha - SC,2023,2023,37,Produto Interno Bruto a preços correntes
6,Município,40,Mil Reais,339803,4207809,Irani - SC,2023,2023,37,Produto Interno Bruto a preços correntes
6,Município,40,Mil Reais,78560,4207858,Irati - SC,2023,2023,37,Produto Interno Bruto a preços correntes
6,Município,40,Mil Reais,636426,4207908,Irineópolis - SC,2023,2023,37,Produto Interno Bruto a preços correntes
6,Município,40,Mil Reais,550222,4208005,Itá - SC,2023,2023,37,Produto Interno Bruto a preços correntes
6,Município,40,Mil Reais,1404662,4208104,Itaiópolis - SC,2023,2023,37,Produto Interno Bruto a preços correntes
6,Município,40,Mil Reais,48195909,4208203,Itajaí - SC,2023,2023,37,Produto Interno Bruto a preços correntes
6,Município,40,Mil Reais,3799730,4208302,Itapema - SC,2023,2023,37,Produto Interno Bruto a preços correntes
6,Município,40,Mil Reais,1369949,4208401,Itapiranga - SC,2023,2023,37,Produto Interno Bruto a preços correntes
6,Município,40,Mil Reais,1990651,4208450,Itapoá - SC,2023,2023,37,Produto Interno Bruto a preços correntes
6,Município,40,Mil Reais,1565743,4208500,Ituporanga - SC,2023,2023,37,Produto Interno Bruto a preços correntes
6,Município,40,Mil Reais,236970,4208609,Jaborá - SC,2023,2023,37,Produto Interno Bruto a preços correntes
6,Município,40,Mil Reais,733562,4208708,Jacinto Machado - SC,2023,2023,37,Produto Interno Bruto a preços correntes
6,Município,40,Mil Reais,887386,4208807,Jaguaruna - SC,2023,2023,37,Produto Interno Bruto a preços correntes
6,Município,40,Mil Reais,15509263,4208906,Jaraguá do Sul - SC,2023,2023,37,Produto Interno Bruto a preços correntes
6,Município,40,Mil Reais,82849,4208955,Jardinópolis - SC,2023,2023,37,Produto Interno Bruto a preços correntes
6,Município,40,Mil Reais,2754514,4209003,Joaçaba - SC,2023,2023,37,Produto Interno Bruto a preços correntes
6,Município,40,Mil Reais,49815877,4209102,Joinville - SC,2023,2023,37,Produto Interno Bruto a preços correntes
6,Município,40,Mil Reais,171772,4209151,José Boiteux - SC,2023,2023,37,Produto Interno Bruto a preços correntes
6,Município,40,Mil Reais,109999,4209177,Jupiá - SC,2023,2023,37,Produto Interno Bruto a preços correntes
6,Município,40,Mil Reais,186584,4209201,Lacerdópolis - SC,2023,2023,37,Produto Interno Bruto a preços correntes
6,Município,40,Mil Reais,8341650,4209300,Lages - SC,2023,2023,37,Produto Interno Bruto a preços correntes
6,Município,40,Mil Reais,1404150,4209409,Laguna - SC,2023,2023,37,Produto Interno Bruto a preços correntes
6,Município,40,Mil Reais,108719,4209458,Lajeado Grande - SC,2023,2023,37,Produto Interno Bruto a preços correntes
6,Município,40,Mil Reais,536261,4209508,Laurentino - SC,2023,2023,37,Produto Interno Bruto a preços correntes
6,Município,40,Mil Reais,481730,4209607,Lauro Müller - SC,2023,2023,37,Produto Interno Bruto a preços correntes
6,Município,40,Mil Reais,466724,4209706,Lebon Régis - SC,2023,2023,37,Produto Interno Bruto a preços correntes
6,Município,40,Mil Reais,169622,4209805,Leoberto Leal - SC,2023,2023,37,Produto Interno Bruto a preços correntes
6,Município,40,Mil Reais,201026,4209854,Lindóia do Sul - SC,2023,2023,37,Produto Interno Bruto a preços correntes
6,Município,40,Mil Reais,579987,4209904,Lontras - SC,2023,2023,37,Produto Interno Bruto a preços correntes
6,Município,40,Mil Reais,1138042,4210001,Luiz Alves - SC,2023,2023,37,Produto Interno Bruto a preços correntes
6,Município,40,Mil Reais,346309,4210035,Luzerna - SC,2023,2023,37,Produto Interno Bruto a preços correntes
6,Município,40,Mil Reais,70008,4210050,Macieira - SC,2023,2023,37,Produto Interno Bruto a preços correntes
6,Município,40,Mil Reais,3296812,4210100,Mafra - SC,2023,2023,37,Produto Interno Bruto a preços correntes
6,Município,40,Mil Reais,86474,4210209,Major Gercino - SC,2023,2023,37,Produto Interno Bruto a preços correntes
6,Município,40,Mil Reais,417209,4210308,Major Vieira - SC,2023,2023,37,Produto Interno Bruto a preços correntes
6,Município,40,Mil Reais,355365,4210407,Maracajá - SC,2023,2023,37,Produto Interno Bruto a preços correntes
6,Município,40,Mil Reais,2499223,4210506,Maravilha - SC,2023,2023,37,Produto Interno Bruto a preços correntes
6,Município,40,Mil Reais,111255,4210555,Marema - SC,2023,2023,37,Produto Interno Bruto a preços correntes
6,Município,40,Mil Reais,1050211,4210605,Massaranduba - SC,2023,2023,37,Produto Interno Bruto a preços correntes
6,Município,40,Mil Reais,77764,4210704,Matos Costa - SC,2023,2023,37,Produto Interno Bruto a preços correntes
6,Município,40,Mil Reais,469316,4210803,Meleiro - SC,2023,2023,37,Produto Interno Bruto a preços correntes
6,Município,40,Mil Reais,106937,4210852,Mirim Doce - SC,2023,2023,37,Produto Interno Bruto a preços correntes
6,Município,40,Mil Reais,203356,4210902,Modelo - SC,2023,2023,37,Produto Interno Bruto a preços correntes
6,Município,40,Mil Reais,1249317,4211009,Mondaí - SC,2023,2023,37,Produto Interno Bruto a preços correntes
6,Município,40,Mil Reais,325033,4211058,Monte Carlo - SC,2023,2023,37,Produto Interno Bruto a preços correntes
6,Município,40,Mil Reais,285959,4211108,Monte Castelo - SC,2023,2023,37,Produto Interno Bruto a preços correntes
6,Município,40,Mil Reais,1019641,4211207,Morro da Fumaça - SC,2023,2023,37,Produto Interno Bruto a preços correntes
6,Município,40,Mil Reais,194418,4211256,Morro Grande - SC,2023,2023,37,Produto Interno Bruto a preços correntes
6,Município,40,Mil Reais,7939674,4211306,Navegantes - SC,2023,2023,37,Produto Interno Bruto a preços correntes
6,Município,40,Mil Reais,266502,4211405,Nova Erechim - SC,2023,2023,37,Produto Interno Bruto a preços correntes
6,Município,40,Mil Reais,191952,4211454,Nova Itaberaba - SC,2023,2023,37,Produto Interno Bruto a preços correntes
6,Município,40,Mil Reais,972888,4211504,Nova Trento - SC,2023,2023,37,Produto Interno Bruto a preços correntes
6,Município,40,Mil Reais,1333549,4211603,Nova Veneza - SC,2023,2023,37,Produto Interno Bruto a preços correntes
6,Município,40,Mil Reais,160908,4211652,Novo Horizonte - SC,2023,2023,37,Produto Interno Bruto a preços correntes
6,Município,40,Mil Reais,1408944,4211702,Orleans - SC,2023,2023,37,Produto Interno Bruto a preços correntes
6,Município,40,Mil Reais,1267788,4211751,Otacílio Costa - SC,2023,2023,37,Produto Interno Bruto a preços correntes
6,Município,40,Mil Reais,307202,4211801,Ouro - SC,2023,2023,37,Produto Interno Bruto a preços correntes
6,Município,40,Mil Reais,170820,4211850,Ouro Verde - SC,2023,2023,37,Produto Interno Bruto a preços correntes
6,Município,40,Mil Reais,73788,4211876,Paial - SC,2023,2023,37,Produto Interno Bruto a preços correntes
6,Município,40,Mil Reais,111006,4211892,Painel - SC,2023,2023,37,Produto Interno Bruto a preços correntes
6,Município,40,Mil Reais,10294550,4211900,Palhoça - SC,2023,2023,37,Produto Interno Bruto a preços correntes
6,Município,40,Mil Reais,361215,4212007,Palma Sola - SC,2023,2023,37,Produto Interno Bruto a preços correntes
6,Município,40,Mil Reais,205053,4212056,Palmeira - SC,2023,2023,37,Produto Interno Bruto a preços correntes
6,Município,40,Mil Reais,1211264,4212106,Palmitos - SC,2023,2023,37,Produto Interno Bruto a preços correntes
6,Município,40,Mil Reais,1183058,4212205,Papanduva - SC,2023,2023,37,Produto Interno Bruto a preços correntes
6,Município,40,Mil Reais,194244,4212239,Paraíso - SC,2023,2023,37,Produto Interno Bruto a preços correntes
6,Município,40,Mil Reais,301934,4212254,Passo de Torres - SC,2023,2023,37,Produto Interno Bruto a preços correntes
6,Município,40,Mil Reais,218824,4212270,Passos Maia - SC,2023,2023,37,Produto Interno Bruto a preços correntes
6,Município,40,Mil Reais,417795,4212304,Paulo Lopes - SC,2023,2023,37,Produto Interno Bruto a preços correntes
6,Município,40,Mil Reais,305366,4212403,Pedras Grandes - SC,2023,2023,37,Produto Interno Bruto a preços correntes
6,Município,40,Mil Reais,1340663,4212502,Penha - SC,2023,2023,37,Produto Interno Bruto a preços correntes
6,Município,40,Mil Reais,166701,4212601,Peritiba - SC,2023,2023,37,Produto Interno Bruto a preços correntes
6,Município,40,Mil Reais,164483,4212650,Pescaria Brava - SC,2023,2023,37,Produto Interno Bruto a preços correntes
6,Município,40,Mil Reais,265682,4212700,Petrolândia - SC,2023,2023,37,Produto Interno Bruto a preços correntes
6,Município,40,Mil Reais,2097521,4212809,Balneário Piçarras - SC,2023,2023,37,Produto Interno Bruto a preços correntes
6,Município,40,Mil Reais,1941701,4212908,Pinhalzinho - SC,2023,2023,37,Produto Interno Bruto a preços correntes
6,Município,40,Mil Reais,323209,4213005,Pinheiro Preto - SC,2023,2023,37,Produto Interno Bruto a preços correntes
6,Município,40,Mil Reais,953671,4213104,Piratuba - SC,2023,2023,37,Produto Interno Bruto a preços correntes
6,Município,40,Mil Reais,144007,4213153,Planalto Alegre - SC,2023,2023,37,Produto Interno Bruto a preços correntes
6,Município,40,Mil Reais,3184672,4213203,Pomerode - SC,2023,2023,37,Produto Interno Bruto a preços correntes
6,Município,40,Mil Reais,205504,4213302,Ponte Alta - SC,2023,2023,37,Produto Interno Bruto a preços correntes
6,Município,40,Mil Reais,158355,4213351,Ponte Alta do Norte - SC,2023,2023,37,Produto Interno Bruto a preços correntes
6,Município,40,Mil Reais,390492,4213401,Ponte Serrada - SC,2023,2023,37,Produto Interno Bruto a preços correntes
6,Município,40,Mil Reais,2090678,4213500,Porto Belo - SC,2023,2023,37,Produto Interno Bruto a preços correntes
6,Município,40,Mil Reais,1314938,4213609,Porto União - SC,2023,2023,37,Produto Interno Bruto a preços correntes
6,Município,40,Mil Reais,912670,4213708,Pouso Redondo - SC,2023,2023,37,Produto Interno Bruto a preços correntes
6,Município,40,Mil Reais,312294,4213807,Praia Grande - SC,2023,2023,37,Produto Interno Bruto a preços correntes
6,Município,40,Mil Reais,88879,4213906,Presidente Castello Branco - SC,2023,2023,37,Produto Interno Bruto a preços correntes
6,Município,40,Mil Reais,1091871,4214003,Presidente Getúlio - SC,2023,2023,37,Produto Interno Bruto a preços correntes
6,Município,40,Mil Reais,81283,4214102,Presidente Nereu - SC,2023,2023,37,Produto Interno Bruto a preços correntes
6,Município,40,Mil Reais,134567,4214151,Princesa - SC,2023,2023,37,Produto Interno Bruto a preços correntes
6,Município,40,Mil Reais,670409,4214201,Quilombo - SC,2023,2023,37,Produto Interno Bruto a preços correntes
6,Município,40,Mil Reais,227902,4214300,Rancho Queimado - SC,2023,2023,37,Produto Interno Bruto a preços correntes
6,Município,40,Mil Reais,328940,4214409,Rio das Antas - SC,2023,2023,37,Produto Interno Bruto a preços correntes
6,Município,40,Mil Reais,265323,4214508,Rio do Campo - SC,2023,2023,37,Produto Interno Bruto a preços correntes
6,Município,40,Mil Reais,348708,4214607,Rio do Oeste - SC,2023,2023,37,Produto Interno Bruto a preços correntes
6,Município,40,Mil Reais,565977,4214706,Rio dos Cedros - SC,2023,2023,37,Produto Interno Bruto a preços correntes
6,Município,40,Mil Reais,4621903,4214805,Rio do Sul - SC,2023,2023,37,Produto Interno Bruto a preços correntes
6,Município,40,Mil Reais,373208,4214904,Rio Fortuna - SC,2023,2023,37,Produto Interno Bruto a preços correntes
6,Município,40,Mil Reais,1731868,4215000,Rio Negrinho - SC,2023,2023,37,Produto Interno Bruto a preços correntes
6,Município,40,Mil Reais,96784,4215059,Rio Rufino - SC,2023,2023,37,Produto Interno Bruto a preços correntes
6,Município,40,Mil Reais,198674,4215075,Riqueza - SC,2023,2023,37,Produto Interno Bruto a preços correntes
6,Município,40,Mil Reais,456660,4215109,Rodeio - SC,2023,2023,37,Produto Interno Bruto a preços correntes
6,Município,40,Mil Reais,132525,4215208,Romelândia - SC,2023,2023,37,Produto Interno Bruto a preços correntes
6,Município,40,Mil Reais,383453,4215307,Salete - SC,2023,2023,37,Produto Interno Bruto a preços correntes
6,Município,40,Mil Reais,115351,4215356,Saltinho - SC,2023,2023,37,Produto Interno Bruto a preços correntes
6,Município,40,Mil Reais,347636,4215406,Salto Veloso - SC,2023,2023,37,Produto Interno Bruto a preços correntes
6,Município,40,Mil Reais,701076,4215455,Sangão - SC,2023,2023,37,Produto Interno Bruto a preços correntes
6,Município,40,Mil Reais,672250,4215505,Santa Cecília - SC,2023,2023,37,Produto Interno Bruto a preços correntes
6,Município,40,Mil Reais,128409,4215554,Santa Helena - SC,2023,2023,37,Produto Interno Bruto a preços correntes
6,Município,40,Mil Reais,108834,4215604,Santa Rosa de Lima - SC,2023,2023,37,Produto Interno Bruto a preços correntes
6,Município,40,Mil Reais,277594,4215653,Santa Rosa do Sul - SC,2023,2023,37,Produto Interno Bruto a preços correntes
6,Município,40,Mil Reais,342769,4215679,Santa Terezinha - SC,2023,2023,37,Produto Interno Bruto a preços correntes
6,Município,40,Mil Reais,89006,4215687,Santa Terezinha do Progresso - SC,2023,2023,37,Produto Interno Bruto a preços correntes
6,Município,40,Mil Reais,62417,4215695,Santiago do Sul - SC,2023,2023,37,Produto Interno Bruto a preços correntes
6,Município,40,Mil Reais,1749916,4215703,Santo Amaro da Imperatriz - SC,2023,2023,37,Produto Interno Bruto a preços correntes
6,Município,40,Mil Reais,110781,4215752,São Bernardino - SC,2023,2023,37,Produto Interno Bruto a preços correntes
6,Município,40,Mil Reais,5038223,4215802,São Bento do Sul - SC,2023,2023,37,Produto Interno Bruto a preços correntes
6,Município,40,Mil Reais,265330,4215901,São Bonifácio - SC,2023,2023,37,Produto Interno Bruto a preços correntes
6,Município,40,Mil Reais,794990,4216008,São Carlos - SC,2023,2023,37,Produto Interno Bruto a preços correntes
6,Município,40,Mil Reais,197299,4216057,São Cristóvão do Sul - SC,2023,2023,37,Produto Interno Bruto a preços correntes
6,Município,40,Mil Reais,536174,4216107,São Domingos - SC,2023,2023,37,Produto Interno Bruto a preços correntes
6,Município,40,Mil Reais,7396332,4216206,São Francisco do Sul - SC,2023,2023,37,Produto Interno Bruto a preços correntes
6,Município,40,Mil Reais,463168,4216255,São João do Oeste - SC,2023,2023,37,Produto Interno Bruto a preços correntes
6,Município,40,Mil Reais,1303724,4216305,São João Batista - SC,2023,2023,37,Produto Interno Bruto a preços correntes
6,Município,40,Mil Reais,455830,4216354,São João do Itaperiú - SC,2023,2023,37,Produto Interno Bruto a preços correntes
6,Município,40,Mil Reais,434705,4216404,São João do Sul - SC,2023,2023,37,Produto Interno Bruto a preços correntes
6,Município,40,Mil Reais,1484851,4216503,São Joaquim - SC,2023,2023,37,Produto Interno Bruto a preços correntes
6,Município,40,Mil Reais,15575672,4216602,São José - SC,2023,2023,37,Produto Interno Bruto a preços correntes
6,Município,40,Mil Reais,681891,4216701,São José do Cedro - SC,2023,2023,37,Produto Interno Bruto a preços correntes
6,Município,40,Mil Reais,355894,4216800,São José do Cerrito - SC,2023,2023,37,Produto Interno Bruto a preços correntes
6,Município,40,Mil Reais,1843473,4216909,São Lourenço do Oeste - SC,2023,2023,37,Produto Interno Bruto a preços correntes
6,Município,40,Mil Reais,1241478,4217006,São Ludgero - SC,2023,2023,37,Produto Interno Bruto a preços correntes
6,Município,40,Mil Reais,148541,4217105,São Martinho - SC,2023,2023,37,Produto Interno Bruto a preços correntes
6,Município,40,Mil Reais,73871,4217154,São Miguel da Boa Vista - SC,2023,2023,37,Produto Interno Bruto a preços correntes
6,Município,40,Mil Reais,3105098,4217204,São Miguel do Oeste - SC,2023,2023,37,Produto Interno Bruto a preços correntes
6,Município,40,Mil Reais,148311,4217253,São Pedro de Alcântara - SC,2023,2023,37,Produto Interno Bruto a preços correntes
6,Município,40,Mil Reais,718463,4217303,Saudades - SC,2023,2023,37,Produto Interno Bruto a preços correntes
6,Município,40,Mil Reais,906591,4217402,Schroeder - SC,2023,2023,37,Produto Interno Bruto a preços correntes
6,Município,40,Mil Reais,1506648,4217501,Seara - SC,2023,2023,37,Produto Interno Bruto a preços correntes
6,Município,40,Mil Reais,147398,4217550,Serra Alta - SC,2023,2023,37,Produto Interno Bruto a preços correntes
6,Município,40,Mil Reais,804482,4217600,Siderópolis - SC,2023,2023,37,Produto Interno Bruto a preços correntes
6,Município,40,Mil Reais,1304359,4217709,Sombrio - SC,2023,2023,37,Produto Interno Bruto a preços correntes
6,Município,40,Mil Reais,123620,4217758,Sul Brasil - SC,2023,2023,37,Produto Interno Bruto a preços correntes
6,Município,40,Mil Reais,1038273,4217808,Taió - SC,2023,2023,37,Produto Interno Bruto a preços correntes
6,Município,40,Mil Reais,760285,4217907,Tangará - SC,2023,2023,37,Produto Interno Bruto a preços correntes
6,Município,40,Mil Reais,88349,4217956,Tigrinhos - SC,2023,2023,37,Produto Interno Bruto a preços correntes
6,Município,40,Mil Reais,3687049,4218004,Tijucas - SC,2023,2023,37,Produto Interno Bruto a preços correntes
6,Município,40,Mil Reais,197892,4218103,Timbé do Sul - SC,2023,2023,37,Produto Interno Bruto a preços correntes
6,Município,40,Mil Reais,2737817,4218202,Timbó - SC,2023,2023,37,Produto Interno Bruto a preços correntes
6,Município,40,Mil Reais,304453,4218251,Timbó Grande - SC,2023,2023,37,Produto Interno Bruto a preços correntes
6,Município,40,Mil Reais,2060110,4218301,Três Barras - SC,2023,2023,37,Produto Interno Bruto a preços correntes
6,Município,40,Mil Reais,198900,4218350,Treviso - SC,2023,2023,37,Produto Interno Bruto a preços correntes
6,Município,40,Mil Reais,255516,4218400,Treze de Maio - SC,2023,2023,37,Produto Interno Bruto a preços correntes
6,Município,40,Mil Reais,1194854,4218509,Treze Tílias - SC,2023,2023,37,Produto Interno Bruto a preços correntes
6,Município,40,Mil Reais,433330,4218608,Trombudo Central - SC,2023,2023,37,Produto Interno Bruto a preços correntes
6,Município,40,Mil Reais,6007108,4218707,Tubarão - SC,2023,2023,37,Produto Interno Bruto a preços correntes
6,Município,40,Mil Reais,229506,4218756,Tunápolis - SC,2023,2023,37,Produto Interno Bruto a preços correntes
6,Município,40,Mil Reais,992639,4218806,Turvo - SC,2023,2023,37,Produto Interno Bruto a preços correntes
6,Município,40,Mil Reais,116753,4218855,União do Oeste - SC,2023,2023,37,Produto Interno Bruto a preços correntes
6,Município,40,Mil Reais,471776,4218905,Urubici - SC,2023,2023,37,Produto Interno Bruto a preços correntes
6,Município,40,Mil Reais,131850,4218954,Urupema - SC,2023,2023,37,Produto Interno Bruto a preços correntes
6,Município,40,Mil Reais,1222447,4219002,Urussanga - SC,2023,2023,37,Produto Interno Bruto a preços correntes
6,Município,40,Mil Reais,301834,4219101,Vargeão - SC,2023,2023,37,Produto Interno Bruto a preços correntes
6,Município,40,Mil Reais,100064,4219150,Vargem - SC,2023,2023,37,Produto Interno Bruto a preços correntes
6,Município,40,Mil Reais,661591,4219176,Vargem Bonita - SC,2023,2023,37,Produto Interno Bruto a preços correntes
6,Município,40,Mil Reais,401953,4219200,Vidal Ramos - SC,2023,2023,37,Produto Interno Bruto a preços correntes
6,Município,40,Mil Reais,4129523,4219309,Videira - SC,2023,2023,37,Produto Interno Bruto a preços correntes
6,Município,40,Mil Reais,193745,4219358,Vitor Meireles - SC,2023,2023,37,Produto Interno Bruto a preços correntes
6,Município,40,Mil Reais,197839,4219408,Witmarsum - SC,2023,2023,37,Produto Interno Bruto a preços correntes
6,Município,40,Mil Reais,3145565,4219507,Xanxerê - SC,2023,2023,37,Produto Interno Bruto a preços correntes
6,Município,40,Mil Reais,249450,4219606,Xavantina - SC,2023,2023,37,Produto Interno Bruto a preços correntes
6,Município,40,Mil Reais,1737477,4219705,Xaxim - SC,2023,2023,37,Produto Interno Bruto a preços correntes
6,Município,40,Mil Reais,135060,4219853,Zortéa - SC,2023,2023,37,Produto Interno Bruto a preços correntes
6,Município,40,Mil Reais,420208,4220000,Balneário Rincão - SC,2023,2023,37,Produto Interno Bruto a preços correntes
6,Município,40,Mil Reais,382340,4300034,Aceguá - RS,2023,2023,37,Produto Interno Bruto a preços correntes
6,Município,40,Mil Reais,418738,4300059,Água Santa - RS,2023,2023,37,Produto Interno Bruto a preços correntes
6,Município,40,Mil Reais,780152,4300109,Agudo - RS,2023,2023,37,Produto Interno Bruto a preços correntes
6,Município,40,Mil Reais,383525,4300208,Ajuricaba - RS,2023,2023,37,Produto Interno Bruto a preços correntes
6,Município,40,Mil Reais,153719,4300307,Alecrim - RS,2023,2023,37,Produto Interno Bruto a preços correntes
6,Município,40,Mil Reais,3102028,4300406,Alegrete - RS,2023,2023,37,Produto Interno Bruto a preços correntes
6,Município,40,Mil Reais,136099,4300455,Alegria - RS,2023,2023,37,Produto Interno Bruto a preços correntes
6,Município,40,Mil Reais,223167,4300471,Almirante Tamandaré do Sul - RS,2023,2023,37,Produto Interno Bruto a preços correntes
6,Município,40,Mil Reais,302869,4300505,Alpestre - RS,2023,2023,37,Produto Interno Bruto a preços correntes
6,Município,40,Mil Reais,72442,4300554,Alto Alegre - RS,2023,2023,37,Produto Interno Bruto a preços correntes
6,Município,40,Mil Reais,203171,4300570,Alto Feliz - RS,2023,2023,37,Produto Interno Bruto a preços correntes
6,Município,40,Mil Reais,4129934,4300604,Alvorada - RS,2023,2023,37,Produto Interno Bruto a preços correntes
6,Município,40,Mil Reais,174054,4300638,Amaral Ferrador - RS,2023,2023,37,Produto Interno Bruto a preços correntes
6,Município,40,Mil Reais,203478,4300646,Ametista do Sul - RS,2023,2023,37,Produto Interno Bruto a preços correntes
6,Município,40,Mil Reais,112013,4300661,André da Rocha - RS,2023,2023,37,Produto Interno Bruto a preços correntes
6,Município,40,Mil Reais,333257,4300703,Anta Gorda - RS,2023,2023,37,Produto Interno Bruto a preços correntes
6,Município,40,Mil Reais,926443,4300802,Antônio Prado - RS,2023,2023,37,Produto Interno Bruto a preços correntes
6,Município,40,Mil Reais,233582,4300851,Arambaré - RS,2023,2023,37,Produto Interno Bruto a preços correntes
6,Município,40,Mil Reais,322955,4300877,Araricá - RS,2023,2023,37,Produto Interno Bruto a preços correntes
6,Município,40,Mil Reais,1185217,4300901,Aratiba - RS,2023,2023,37,Produto Interno Bruto a preços correntes
6,Município,40,Mil Reais,1943138,4301008,Arroio do Meio - RS,2023,2023,37,Produto Interno Bruto a preços correntes
6,Município,40,Mil Reais,353687,4301057,Arroio do Sal - RS,2023,2023,37,Produto Interno Bruto a preços correntes
6,Município,40,Mil Reais,96551,4301073,Arroio do Padre - RS,2023,2023,37,Produto Interno Bruto a preços correntes
6,Município,40,Mil Reais,404985,4301107,Arroio dos Ratos - RS,2023,2023,37,Produto Interno Bruto a preços correntes
6,Município,40,Mil Reais,472739,4301206,Arroio do Tigre - RS,2023,2023,37,Produto Interno Bruto a preços correntes
6,Município,40,Mil Reais,965508,4301305,Arroio Grande - RS,2023,2023,37,Produto Interno Bruto a preços correntes
6,Município,40,Mil Reais,404652,4301404,Arvorezinha - RS,2023,2023,37,Produto Interno Bruto a preços correntes
6,Município,40,Mil Reais,350687,4301503,Augusto Pestana - RS,2023,2023,37,Produto Interno Bruto a preços correntes
6,Município,40,Mil Reais,177756,4301552,Áurea - RS,2023,2023,37,Produto Interno Bruto a preços correntes
6,Município,40,Mil Reais,4414768,4301602,Bagé - RS,2023,2023,37,Produto Interno Bruto a preços correntes
6,Município,40,Mil Reais,333149,4301636,Balneário Pinhal - RS,2023,2023,37,Produto Interno Bruto a preços correntes
6,Município,40,Mil Reais,462911,4301651,Barão - RS,2023,2023,37,Produto Interno Bruto a preços correntes
6,Município,40,Mil Reais,324769,4301701,Barão de Cotegipe - RS,2023,2023,37,Produto Interno Bruto a preços correntes
6,Município,40,Mil Reais,142447,4301750,Barão do Triunfo - RS,2023,2023,37,Produto Interno Bruto a preços correntes
6,Município,40,Mil Reais,300015,4301800,Barracão - RS,2023,2023,37,Produto Interno Bruto a preços correntes
6,Município,40,Mil Reais,63072,4301859,Barra do Guarita - RS,2023,2023,37,Produto Interno Bruto a preços correntes
6,Município,40,Mil Reais,332590,4301875,Barra do Quaraí - RS,2023,2023,37,Produto Interno Bruto a preços correntes
6,Município,40,Mil Reais,581054,4301909,Barra do Ribeiro - RS,2023,2023,37,Produto Interno Bruto a preços correntes
6,Município,40,Mil Reais,78571,4301925,Barra do Rio Azul - RS,2023,2023,37,Produto Interno Bruto a preços correntes
6,Município,40,Mil Reais,167382,4301958,Barra Funda - RS,2023,2023,37,Produto Interno Bruto a preços correntes
6,Município,40,Mil Reais,274474,4302006,Barros Cassal - RS,2023,2023,37,Produto Interno Bruto a preços correntes
6,Município,40,Mil Reais,49986,4302055,Benjamin Constant do Sul - RS,2023,2023,37,Produto Interno Bruto a preços correntes
6,Município,40,Mil Reais,9062598,4302105,Bento Gonçalves - RS,2023,2023,37,Produto Interno Bruto a preços correntes
6,Município,40,Mil Reais,173200,4302154,Boa Vista das Missões - RS,2023,2023,37,Produto Interno Bruto a preços correntes
6,Município,40,Mil Reais,354602,4302204,Boa Vista do Buricá - RS,2023,2023,37,Produto Interno Bruto a preços correntes
6,Município,40,Mil Reais,269991,4302220,Boa Vista do Cadeado - RS,2023,2023,37,Produto Interno Bruto a preços correntes
6,Município,40,Mil Reais,196998,4302238,Boa Vista do Incra - RS,2023,2023,37,Produto Interno Bruto a preços correntes
6,Município,40,Mil Reais,134912,4302253,Boa Vista do Sul - RS,2023,2023,37,Produto Interno Bruto a preços correntes
6,Município,40,Mil Reais,593403,4302303,Bom Jesus - RS,2023,2023,37,Produto Interno Bruto a preços correntes
6,Município,40,Mil Reais,951019,4302352,Bom Princípio - RS,2023,2023,37,Produto Interno Bruto a preços correntes
6,Município,40,Mil Reais,73593,4302378,Bom Progresso - RS,2023,2023,37,Produto Interno Bruto a preços correntes
6,Município,40,Mil Reais,509725,4302402,Bom Retiro do Sul - RS,2023,2023,37,Produto Interno Bruto a preços correntes
6,Município,40,Mil Reais,199040,4302451,Boqueirão do Leão - RS,2023,2023,37,Produto Interno Bruto a preços correntes
6,Município,40,Mil Reais,250550,4302501,Bossoroca - RS,2023,2023,37,Produto Interno Bruto a preços correntes
6,Município,40,Mil Reais,119425,4302584,Bozano - RS,2023,2023,37,Produto Interno Bruto a preços correntes
6,Município,40,Mil Reais,109439,4302600,Braga - RS,2023,2023,37,Produto Interno Bruto a preços correntes
6,Município,40,Mil Reais,132265,4302659,Brochier - RS,2023,2023,37,Produto Interno Bruto a preços correntes
6,Município,40,Mil Reais,567081,4302709,Butiá - RS,2023,2023,37,Produto Interno Bruto a preços correntes
6,Município,40,Mil Reais,1175802,4302808,Caçapava do Sul - RS,2023,2023,37,Produto Interno Bruto a preços correntes
6,Município,40,Mil Reais,566823,4302907,Cacequi - RS,2023,2023,37,Produto Interno Bruto a preços correntes
6,Município,40,Mil Reais,3371237,4303004,Cachoeira do Sul - RS,2023,2023,37,Produto Interno Bruto a preços correntes
6,Município,40,Mil Reais,7781824,4303103,Cachoeirinha - RS,2023,2023,37,Produto Interno Bruto a preços correntes
6,Município,40,Mil Reais,154022,4303202,Cacique Doble - RS,2023,2023,37,Produto Interno Bruto a preços correntes
6,Município,40,Mil Reais,180412,4303301,Caibaté - RS,2023,2023,37,Produto Interno Bruto a preços correntes
6,Município,40,Mil Reais,159894,4303400,Caiçara - RS,2023,2023,37,Produto Interno Bruto a preços correntes
6,Município,40,Mil Reais,3154677,4303509,Camaquã - RS,2023,2023,37,Produto Interno Bruto a preços correntes
6,Município,40,Mil Reais,612435,4303558,Camargo - RS,2023,2023,37,Produto Interno Bruto a preços correntes
6,Município,40,Mil Reais,275332,4303608,Cambará do Sul - RS,2023,2023,37,Produto Interno Bruto a preços correntes
6,Município,40,Mil Reais,236802,4303673,Campestre da Serra - RS,2023,2023,37,Produto Interno Bruto a preços correntes
6,Município,40,Mil Reais,203771,4303707,Campina das Missões - RS,2023,2023,37,Produto Interno Bruto a preços correntes
6,Município,40,Mil Reais,294875,4303806,Campinas do Sul - RS,2023,2023,37,Produto Interno Bruto a preços correntes
6,Município,40,Mil Reais,4528757,4303905,Campo Bom - RS,2023,2023,37,Produto Interno Bruto a preços correntes
6,Município,40,Mil Reais,287302,4304002,Campo Novo - RS,2023,2023,37,Produto Interno Bruto a preços correntes
6,Município,40,Mil Reais,105020,4304101,Campos Borges - RS,2023,2023,37,Produto Interno Bruto a preços correntes
6,Município,40,Mil Reais,1234677,4304200,Candelária - RS,2023,2023,37,Produto Interno Bruto a preços correntes
6,Município,40,Mil Reais,375022,4304309,Cândido Godói - RS,2023,2023,37,Produto Interno Bruto a preços correntes
6,Município,40,Mil Reais,1699384,4304358,Candiota - RS,2023,2023,37,Produto Interno Bruto a preços correntes
6,Município,40,Mil Reais,1959719,4304408,Canela - RS,2023,2023,37,Produto Interno Bruto a preços correntes
6,Município,40,Mil Reais,1825528,4304507,Canguçu - RS,2023,2023,37,Produto Interno Bruto a preços correntes
6,Município,40,Mil Reais,29166697,4304606,Canoas - RS,2023,2023,37,Produto Interno Bruto a preços correntes
6,Município,40,Mil Reais,66953,4304614,Canudos do Vale - RS,2023,2023,37,Produto Interno Bruto a preços correntes
6,Município,40,Mil Reais,223071,4304622,Capão Bonito do Sul - RS,2023,2023,37,Produto Interno Bruto a preços correntes
6,Município,40,Mil Reais,2588161,4304630,Capão da Canoa - RS,2023,2023,37,Produto Interno Bruto a preços correntes
6,Município,40,Mil Reais,220126,4304655,Capão do Cipó - RS,2023,2023,37,Produto Interno Bruto a preços correntes
6,Município,40,Mil Reais,854022,4304663,Capão do Leão - RS,2023,2023,37,Produto Interno Bruto a preços correntes
6,Município,40,Mil Reais,399405,4304671,Capivari do Sul - RS,2023,2023,37,Produto Interno Bruto a preços correntes
6,Município,40,Mil Reais,315947,4304689,Capela de Santana - RS,2023,2023,37,Produto Interno Bruto a preços correntes
6,Município,40,Mil Reais,88569,4304697,Capitão - RS,2023,2023,37,Produto Interno Bruto a preços correntes
6,Município,40,Mil Reais,3744967,4304705,Carazinho - RS,2023,2023,37,Produto Interno Bruto a preços correntes
6,Município,40,Mil Reais,158174,4304713,Caraá - RS,2023,2023,37,Produto Interno Bruto a preços correntes
6,Município,40,Mil Reais,3815080,4304804,Carlos Barbosa - RS,2023,2023,37,Produto Interno Bruto a preços correntes
6,Município,40,Mil Reais,61763,4304853,Carlos Gomes - RS,2023,2023,37,Produto Interno Bruto a preços correntes
6,Município,40,Mil Reais,875949,4304903,Casca - RS,2023,2023,37,Produto Interno Bruto a preços correntes
6,Município,40,Mil Reais,177158,4304952,Caseiros - RS,2023,2023,37,Produto Interno Bruto a preços correntes
6,Município,40,Mil Reais,425026,4305009,Catuípe - RS,2023,2023,37,Produto Interno Bruto a preços correntes
6,Município,40,Mil Reais,37860602,4305108,Caxias do Sul - RS,2023,2023,37,Produto Interno Bruto a preços correntes
6,Município,40,Mil Reais,123347,4305116,Centenário - RS,2023,2023,37,Produto Interno Bruto a preços correntes
6,Município,40,Mil Reais,131166,4305124,Cerrito - RS,2023,2023,37,Produto Interno Bruto a preços correntes
6,Município,40,Mil Reais,104220,4305132,Cerro Branco - RS,2023,2023,37,Produto Interno Bruto a preços correntes
6,Município,40,Mil Reais,61938,4305157,Cerro Grande - RS,2023,2023,37,Produto Interno Bruto a preços correntes
6,Município,40,Mil Reais,251120,4305173,Cerro Grande do Sul - RS,2023,2023,37,Produto Interno Bruto a preços correntes
6,Município,40,Mil Reais,807007,4305207,Cerro Largo - RS,2023,2023,37,Produto Interno Bruto a preços correntes
6,Município,40,Mil Reais,603053,4305306,Chapada - RS,2023,2023,37,Produto Interno Bruto a preços correntes
6,Município,40,Mil Reais,1857420,4305355,Charqueadas - RS,2023,2023,37,Produto Interno Bruto a preços correntes
6,Município,40,Mil Reais,125647,4305371,Charrua - RS,2023,2023,37,Produto Interno Bruto a preços correntes
6,Município,40,Mil Reais,265708,4305405,Chiapetta - RS,2023,2023,37,Produto Interno Bruto a preços correntes
6,Município,40,Mil Reais,522360,4305439,Chuí - RS,2023,2023,37,Produto Interno Bruto a preços correntes
6,Município,40,Mil Reais,163415,4305447,Chuvisca - RS,2023,2023,37,Produto Interno Bruto a preços correntes
6,Município,40,Mil Reais,406916,4305454,Cidreira - RS,2023,2023,37,Produto Interno Bruto a preços correntes
6,Município,40,Mil Reais,233410,4305504,Ciríaco - RS,2023,2023,37,Produto Interno Bruto a preços correntes
6,Município,40,Mil Reais,90398,4305587,Colinas - RS,2023,2023,37,Produto Interno Bruto a preços correntes
6,Município,40,Mil Reais,198977,4305603,Colorado - RS,2023,2023,37,Produto Interno Bruto a preços correntes
6,Município,40,Mil Reais,470592,4305702,Condor - RS,2023,2023,37,Produto Interno Bruto a preços correntes
6,Município,40,Mil Reais,471925,4305801,Constantina - RS,2023,2023,37,Produto Interno Bruto a preços correntes
6,Município,40,Mil Reais,56011,4305835,Coqueiro Baixo - RS,2023,2023,37,Produto Interno Bruto a preços correntes
6,Município,40,Mil Reais,139283,4305850,Coqueiros do Sul - RS,2023,2023,37,Produto Interno Bruto a preços correntes
6,Município,40,Mil Reais,143058,4305871,Coronel Barros - RS,2023,2023,37,Produto Interno Bruto a preços correntes
6,Município,40,Mil Reais,397095,4305900,Coronel Bicaco - RS,2023,2023,37,Produto Interno Bruto a preços correntes
6,Município,40,Mil Reais,58153,4305934,Coronel Pilar - RS,2023,2023,37,Produto Interno Bruto a preços correntes
6,Município,40,Mil Reais,205102,4305959,Cotiporã - RS,2023,2023,37,Produto Interno Bruto a preços correntes
6,Município,40,Mil Reais,349364,4305975,Coxilha - RS,2023,2023,37,Produto Interno Bruto a preços correntes
6,Município,40,Mil Reais,500660,4306007,Crissiumal - RS,2023,2023,37,Produto Interno Bruto a preços correntes
6,Município,40,Mil Reais,300530,4306056,Cristal - RS,2023,2023,37,Produto Interno Bruto a preços correntes
6,Município,40,Mil Reais,98787,4306072,Cristal do Sul - RS,2023,2023,37,Produto Interno Bruto a preços correntes
6,Município,40,Mil Reais,4399886,4306106,Cruz Alta - RS,2023,2023,37,Produto Interno Bruto a preços correntes
6,Município,40,Mil Reais,104945,4306130,Cruzaltense - RS,2023,2023,37,Produto Interno Bruto a preços correntes
6,Município,40,Mil Reais,685746,4306205,Cruzeiro do Sul - RS,2023,2023,37,Produto Interno Bruto a preços correntes
6,Município,40,Mil Reais,206880,4306304,David Canabarro - RS,2023,2023,37,Produto Interno Bruto a preços correntes
6,Município,40,Mil Reais,117581,4306320,Derrubadas - RS,2023,2023,37,Produto Interno Bruto a preços correntes
6,Município,40,Mil Reais,51412,4306353,Dezesseis de Novembro - RS,2023,2023,37,Produto Interno Bruto a preços correntes
6,Município,40,Mil Reais,202939,4306379,Dilermando de Aguiar - RS,2023,2023,37,Produto Interno Bruto a preços correntes
6,Município,40,Mil Reais,2639523,4306403,Dois Irmãos - RS,2023,2023,37,Produto Interno Bruto a preços correntes
6,Município,40,Mil Reais,125757,4306429,Dois Irmãos das Missões - RS,2023,2023,37,Produto Interno Bruto a preços correntes
6,Município,40,Mil Reais,166002,4306452,Dois Lajeados - RS,2023,2023,37,Produto Interno Bruto a preços correntes
6,Município,40,Mil Reais,418179,4306502,Dom Feliciano - RS,2023,2023,37,Produto Interno Bruto a preços correntes
6,Município,40,Mil Reais,83656,4306551,Dom Pedro de Alcântara - RS,2023,2023,37,Produto Interno Bruto a preços correntes
6,Município,40,Mil Reais,2288172,4306601,Dom Pedrito - RS,2023,2023,37,Produto Interno Bruto a preços correntes
6,Município,40,Mil Reais,112216,4306700,Dona Francisca - RS,2023,2023,37,Produto Interno Bruto a preços correntes
6,Município,40,Mil Reais,228266,4306734,Doutor Maurício Cardoso - RS,2023,2023,37,Produto Interno Bruto a preços correntes
6,Município,40,Mil Reais,89704,4306759,Doutor Ricardo - RS,2023,2023,37,Produto Interno Bruto a preços correntes
6,Município,40,Mil Reais,2623491,4306767,Eldorado do Sul - RS,2023,2023,37,Produto Interno Bruto a preços correntes
6,Município,40,Mil Reais,1411422,4306809,Encantado - RS,2023,2023,37,Produto Interno Bruto a preços correntes
6,Município,40,Mil Reais,1189528,4306908,Encruzilhada do Sul - RS,2023,2023,37,Produto Interno Bruto a preços correntes
6,Município,40,Mil Reais,50748,4306924,Engenho Velho - RS,2023,2023,37,Produto Interno Bruto a preços correntes
6,Município,40,Mil Reais,478944,4306932,Entre-Ijuís - RS,2023,2023,37,Produto Interno Bruto a preços correntes
6,Município,40,Mil Reais,209711,4306957,Entre Rios do Sul - RS,2023,2023,37,Produto Interno Bruto a preços correntes
6,Município,40,Mil Reais,152046,4306973,Erebango - RS,2023,2023,37,Produto Interno Bruto a preços correntes
6,Município,40,Mil Reais,8497106,4307005,Erechim - RS,2023,2023,37,Produto Interno Bruto a preços correntes
6,Município,40,Mil Reais,163434,4307054,Ernestina - RS,2023,2023,37,Produto Interno Bruto a preços correntes
6,Município,40,Mil Reais,199383,4307104,Herval - RS,2023,2023,37,Produto Interno Bruto a preços correntes
6,Município,40,Mil Reais,161672,4307203,Erval Grande - RS,2023,2023,37,Produto Interno Bruto a preços correntes
6,Município,40,Mil Reais,299811,4307302,Erval Seco - RS,2023,2023,37,Produto Interno Bruto a preços correntes
6,Município,40,Mil Reais,363781,4307401,Esmeralda - RS,2023,2023,37,Produto Interno Bruto a preços correntes
6,Município,40,Mil Reais,101346,4307450,Esperança do Sul - RS,2023,2023,37,Produto Interno Bruto a preços correntes
6,Município,40,Mil Reais,861538,4307500,Espumoso - RS,2023,2023,37,Produto Interno Bruto a preços correntes
6,Município,40,Mil Reais,397872,4307559,Estação - RS,2023,2023,37,Produto Interno Bruto a preços correntes
6,Município,40,Mil Reais,2309196,4307609,Estância Velha - RS,2023,2023,37,Produto Interno Bruto a preços correntes
6,Município,40,Mil Reais,3998587,4307708,Esteio - RS,2023,2023,37,Produto Interno Bruto a preços correntes
6,Município,40,Mil Reais,2376913,4307807,Estrela - RS,2023,2023,37,Produto Interno Bruto a preços correntes
6,Município,40,Mil Reais,145289,4307815,Estrela Velha - RS,2023,2023,37,Produto Interno Bruto a preços correntes
6,Município,40,Mil Reais,224862,4307831,Eugênio de Castro - RS,2023,2023,37,Produto Interno Bruto a preços correntes
6,Município,40,Mil Reais,189848,4307864,Fagundes Varela - RS,2023,2023,37,Produto Interno Bruto a preços correntes
6,Município,40,Mil Reais,4960621,4307906,Farroupilha - RS,2023,2023,37,Produto Interno Bruto a preços correntes
6,Município,40,Mil Reais,298533,4308003,Faxinal do Soturno - RS,2023,2023,37,Produto Interno Bruto a preços correntes
6,Município,40,Mil Reais,113640,4308052,Faxinalzinho - RS,2023,2023,37,Produto Interno Bruto a preços correntes
6,Município,40,Mil Reais,145766,4308078,Fazenda Vilanova - RS,2023,2023,37,Produto Interno Bruto a preços correntes
6,Município,40,Mil Reais,676581,4308102,Feliz - RS,2023,2023,37,Produto Interno Bruto a preços correntes
6,Município,40,Mil Reais,3336288,4308201,Flores da Cunha - RS,2023,2023,37,Produto Interno Bruto a preços correntes
6,Município,40,Mil Reais,77406,4308250,Floriano Peixoto - RS,2023,2023,37,Produto Interno Bruto a preços correntes
6,Município,40,Mil Reais,260495,4308300,Fontoura Xavier - RS,2023,2023,37,Produto Interno Bruto a preços correntes
6,Município,40,Mil Reais,263216,4308409,Formigueiro - RS,2023,2023,37,Produto Interno Bruto a preços correntes
6,Município,40,Mil Reais,64513,4308433,Forquetinha - RS,2023,2023,37,Produto Interno Bruto a preços correntes
6,Município,40,Mil Reais,330898,4308458,Fortaleza dos Valos - RS,2023,2023,37,Produto Interno Bruto a preços correntes
6,Município,40,Mil Reais,1792336,4308508,Frederico Westphalen - RS,2023,2023,37,Produto Interno Bruto a preços correntes
6,Município,40,Mil Reais,3565442,4308607,Garibaldi - RS,2023,2023,37,Produto Interno Bruto a preços correntes
6,Município,40,Mil Reais,134739,4308656,Garruchos - RS,2023,2023,37,Produto Interno Bruto a preços correntes
6,Município,40,Mil Reais,349016,4308706,Gaurama - RS,2023,2023,37,Produto Interno Bruto a preços correntes
6,Município,40,Mil Reais,234058,4308805,General Câmara - RS,2023,2023,37,Produto Interno Bruto a preços correntes
6,Município,40,Mil Reais,152256,4308854,Gentil - RS,2023,2023,37,Produto Interno Bruto a preços correntes
6,Município,40,Mil Reais,879960,4308904,Getúlio Vargas - RS,2023,2023,37,Produto Interno Bruto a preços correntes
6,Município,40,Mil Reais,1017468,4309001,Giruá - RS,2023,2023,37,Produto Interno Bruto a preços correntes
6,Município,40,Mil Reais,595369,4309050,Glorinha - RS,2023,2023,37,Produto Interno Bruto a preços correntes
6,Município,40,Mil Reais,3565830,4309100,Gramado - RS,2023,2023,37,Produto Interno Bruto a preços correntes
6,Município,40,Mil Reais,87589,4309126,Gramado dos Loureiros - RS,2023,2023,37,Produto Interno Bruto a preços correntes
6,Município,40,Mil Reais,124280,4309159,Gramado Xavier - RS,2023,2023,37,Produto Interno Bruto a preços correntes
6,Município,40,Mil Reais,15545558,4309209,Gravataí - RS,2023,2023,37,Produto Interno Bruto a preços correntes
6,Município,40,Mil Reais,107684,4309258,Guabiju - RS,2023,2023,37,Produto Interno Bruto a preços correntes
6,Município,40,Mil Reais,9001785,4309308,Guaíba - RS,2023,2023,37,Produto Interno Bruto a preços correntes
6,Município,40,Mil Reais,1264537,4309407,Guaporé - RS,2023,2023,37,Produto Interno Bruto a preços correntes
6,Município,40,Mil Reais,295743,4309506,Guarani das Missões - RS,2023,2023,37,Produto Interno Bruto a preços correntes
6,Município,40,Mil Reais,306941,4309555,Harmonia - RS,2023,2023,37,Produto Interno Bruto a preços correntes
6,Município,40,Mil Reais,88439,4309571,Herveiras - RS,2023,2023,37,Produto Interno Bruto a preços correntes
6,Município,40,Mil Reais,1828050,4309605,Horizontina - RS,2023,2023,37,Produto Interno Bruto a preços correntes
6,Município,40,Mil Reais,228860,4309654,Hulha Negra - RS,2023,2023,37,Produto Interno Bruto a preços correntes
6,Município,40,Mil Reais,218021,4309704,Humaitá - RS,2023,2023,37,Produto Interno Bruto a preços correntes
6,Município,40,Mil Reais,105469,4309753,Ibarama - RS,2023,2023,37,Produto Interno Bruto a preços correntes
6,Município,40,Mil Reais,298761,4309803,Ibiaçá - RS,2023,2023,37,Produto Interno Bruto a preços correntes
6,Município,40,Mil Reais,380199,4309902,Ibiraiaras - RS,2023,2023,37,Produto Interno Bruto a preços correntes
6,Município,40,Mil Reais,188102,4309951,Ibirapuitã - RS,2023,2023,37,Produto Interno Bruto a preços correntes
6,Município,40,Mil Reais,1708042,4310009,Ibirubá - RS,2023,2023,37,Produto Interno Bruto a preços correntes
6,Município,40,Mil Reais,2656127,4310108,Igrejinha - RS,2023,2023,37,Produto Interno Bruto a preços correntes
6,Município,40,Mil Reais,6105244,4310207,Ijuí - RS,2023,2023,37,Produto Interno Bruto a preços correntes
6,Município,40,Mil Reais,164900,4310306,Ilópolis - RS,2023,2023,37,Produto Interno Bruto a preços correntes
6,Município,40,Mil Reais,762866,4310330,Imbé - RS,2023,2023,37,Produto Interno Bruto a preços correntes
6,Município,40,Mil Reais,590476,4310363,Imigrante - RS,2023,2023,37,Produto Interno Bruto a preços correntes
6,Município,40,Mil Reais,443606,4310405,Independência - RS,2023,2023,37,Produto Interno Bruto a preços correntes
6,Município,40,Mil Reais,76396,4310413,Inhacorá - RS,2023,2023,37,Produto Interno Bruto a preços correntes
6,Município,40,Mil Reais,392922,4310439,Ipê - RS,2023,2023,37,Produto Interno Bruto a preços correntes
6,Município,40,Mil Reais,122376,4310462,Ipiranga do Sul - RS,2023,2023,37,Produto Interno Bruto a preços correntes
6,Município,40,Mil Reais,255785,4310504,Iraí - RS,2023,2023,37,Produto Interno Bruto a preços correntes
6,Município,40,Mil Reais,304167,4310538,Itaara - RS,2023,2023,37,Produto Interno Bruto a preços correntes
6,Município,40,Mil Reais,114342,4310553,Itacurubi - RS,2023,2023,37,Produto Interno Bruto a preços correntes
6,Município,40,Mil Reais,93881,4310579,Itapuca - RS,2023,2023,37,Produto Interno Bruto a preços correntes
6,Município,40,Mil Reais,2068939,4310603,Itaqui - RS,2023,2023,37,Produto Interno Bruto a preços correntes
6,Município,40,Mil Reais,103483,4310652,Itati - RS,2023,2023,37,Produto Interno Bruto a preços correntes
6,Município,40,Mil Reais,85113,4310702,Itatiba do Sul - RS,2023,2023,37,Produto Interno Bruto a preços correntes
6,Município,40,Mil Reais,53952,4310751,Ivorá - RS,2023,2023,37,Produto Interno Bruto a preços correntes
6,Município,40,Mil Reais,1538878,4310801,Ivoti - RS,2023,2023,37,Produto Interno Bruto a preços correntes
6,Município,40,Mil Reais,106763,4310850,Jaboticaba - RS,2023,2023,37,Produto Interno Bruto a preços correntes
6,Município,40,Mil Reais,125146,4310876,Jacuizinho - RS,2023,2023,37,Produto Interno Bruto a preços correntes
6,Município,40,Mil Reais,188689,4310900,Jacutinga - RS,2023,2023,37,Produto Interno Bruto a preços correntes
6,Município,40,Mil Reais,1034802,4311007,Jaguarão - RS,2023,2023,37,Produto Interno Bruto a preços correntes
6,Município,40,Mil Reais,328937,4311106,Jaguari - RS,2023,2023,37,Produto Interno Bruto a preços correntes
6,Município,40,Mil Reais,101810,4311122,Jaquirana - RS,2023,2023,37,Produto Interno Bruto a preços correntes
6,Município,40,Mil Reais,211635,4311130,Jari - RS,2023,2023,37,Produto Interno Bruto a preços correntes
6,Município,40,Mil Reais,345894,4311155,Jóia - RS,2023,2023,37,Produto Interno Bruto a preços correntes
6,Município,40,Mil Reais,1306882,4311205,Júlio de Castilhos - RS,2023,2023,37,Produto Interno Bruto a preços correntes
6,Município,40,Mil Reais,84224,4311239,Lagoa Bonita do Sul - RS,2023,2023,37,Produto Interno Bruto a preços correntes
6,Município,40,Mil Reais,149771,4311254,Lagoão - RS,2023,2023,37,Produto Interno Bruto a preços correntes
6,Município,40,Mil Reais,81864,4311270,Lagoa dos Três Cantos - RS,2023,2023,37,Produto Interno Bruto a preços correntes
6,Município,40,Mil Reais,1608163,4311304,Lagoa Vermelha - RS,2023,2023,37,Produto Interno Bruto a preços correntes
6,Município,40,Mil Reais,6705227,4311403,Lajeado - RS,2023,2023,37,Produto Interno Bruto a preços correntes
6,Município,40,Mil Reais,65433,4311429,Lajeado do Bugre - RS,2023,2023,37,Produto Interno Bruto a preços correntes
6,Município,40,Mil Reais,369845,4311502,Lavras do Sul - RS,2023,2023,37,Produto Interno Bruto a preços correntes
6,Município,40,Mil Reais,152571,4311601,Liberato Salzano - RS,2023,2023,37,Produto Interno Bruto a preços correntes
6,Município,40,Mil Reais,353109,4311627,Lindolfo Collor - RS,2023,2023,37,Produto Interno Bruto a preços correntes
6,Município,40,Mil Reais,76154,4311643,Linha Nova - RS,2023,2023,37,Produto Interno Bruto a preços correntes
6,Município,40,Mil Reais,260895,4311700,Machadinho - RS,2023,2023,37,Produto Interno Bruto a preços correntes
6,Município,40,Mil Reais,367963,4311718,Maçambará - RS,2023,2023,37,Produto Interno Bruto a preços correntes
6,Município,40,Mil Reais,101220,4311734,Mampituba - RS,2023,2023,37,Produto Interno Bruto a preços correntes
6,Município,40,Mil Reais,303342,4311759,Manoel Viana - RS,2023,2023,37,Produto Interno Bruto a preços correntes
6,Município,40,Mil Reais,228748,4311775,Maquiné - RS,2023,2023,37,Produto Interno Bruto a preços correntes
6,Município,40,Mil Reais,104147,4311791,Maratá - RS,2023,2023,37,Produto Interno Bruto a preços correntes
6,Município,40,Mil Reais,3738295,4311809,Marau - RS,2023,2023,37,Produto Interno Bruto a preços correntes
6,Município,40,Mil Reais,192535,4311908,Marcelino Ramos - RS,2023,2023,37,Produto Interno Bruto a preços correntes
6,Município,40,Mil Reais,117787,4311981,Mariana Pimentel - RS,2023,2023,37,Produto Interno Bruto a preços correntes
6,Município,40,Mil Reais,71583,4312005,Mariano Moro - RS,2023,2023,37,Produto Interno Bruto a preços correntes
6,Município,40,Mil Reais,137495,4312054,Marques de Souza - RS,2023,2023,37,Produto Interno Bruto a preços correntes
6,Município,40,Mil Reais,174006,4312104,Mata - RS,2023,2023,37,Produto Interno Bruto a preços correntes
6,Município,40,Mil Reais,128502,4312138,Mato Castelhano - RS,2023,2023,37,Produto Interno Bruto a preços correntes
6,Município,40,Mil Reais,295044,4312153,Mato Leitão - RS,2023,2023,37,Produto Interno Bruto a preços correntes
6,Município,40,Mil Reais,61648,4312179,Mato Queimado - RS,2023,2023,37,Produto Interno Bruto a preços correntes
6,Município,40,Mil Reais,159588,4312203,Maximiliano de Almeida - RS,2023,2023,37,Produto Interno Bruto a preços correntes
6,Município,40,Mil Reais,291061,4312252,Minas do Leão - RS,2023,2023,37,Produto Interno Bruto a preços correntes
6,Município,40,Mil Reais,200597,4312302,Miraguaí - RS,2023,2023,37,Produto Interno Bruto a preços correntes
6,Município,40,Mil Reais,73733,4312351,Montauri - RS,2023,2023,37,Produto Interno Bruto a preços correntes
6,Município,40,Mil Reais,117051,4312377,Monte Alegre dos Campos - RS,2023,2023,37,Produto Interno Bruto a preços correntes
6,Município,40,Mil Reais,126816,4312385,Monte Belo do Sul - RS,2023,2023,37,Produto Interno Bruto a preços correntes
6,Município,40,Mil Reais,5259437,4312401,Montenegro - RS,2023,2023,37,Produto Interno Bruto a preços correntes
6,Município,40,Mil Reais,102289,4312427,Mormaço - RS,2023,2023,37,Produto Interno Bruto a preços correntes
6,Município,40,Mil Reais,103248,4312443,Morrinhos do Sul - RS,2023,2023,37,Produto Interno Bruto a preços correntes
6,Município,40,Mil Reais,153226,4312450,Morro Redondo - RS,2023,2023,37,Produto Interno Bruto a preços correntes
6,Município,40,Mil Reais,304040,4312476,Morro Reuter - RS,2023,2023,37,Produto Interno Bruto a preços correntes
6,Município,40,Mil Reais,494341,4312500,Mostardas - RS,2023,2023,37,Produto Interno Bruto a preços correntes
6,Município,40,Mil Reais,273363,4312609,Muçum - RS,2023,2023,37,Produto Interno Bruto a preços correntes
6,Município,40,Mil Reais,950302,4312617,Muitos Capões - RS,2023,2023,37,Produto Interno Bruto a preços correntes
6,Município,40,Mil Reais,71170,4312625,Muliterno - RS,2023,2023,37,Produto Interno Bruto a preços correntes
6,Município,40,Mil Reais,2951960,4312658,Não-Me-Toque - RS,2023,2023,37,Produto Interno Bruto a preços correntes
6,Município,40,Mil Reais,101823,4312674,Nicolau Vergueiro - RS,2023,2023,37,Produto Interno Bruto a preços correntes
6,Município,40,Mil Reais,539374,4312708,Nonoai - RS,2023,2023,37,Produto Interno Bruto a preços correntes
6,Município,40,Mil Reais,201942,4312757,Nova Alvorada - RS,2023,2023,37,Produto Interno Bruto a preços correntes
6,Município,40,Mil Reais,474775,4312807,Nova Araçá - RS,2023,2023,37,Produto Interno Bruto a preços correntes
6,Município,40,Mil Reais,765058,4312906,Nova Bassano - RS,2023,2023,37,Produto Interno Bruto a preços correntes
6,Município,40,Mil Reais,137786,4312955,Nova Boa Vista - RS,2023,2023,37,Produto Interno Bruto a preços correntes
6,Município,40,Mil Reais,153973,4313003,Nova Bréscia - RS,2023,2023,37,Produto Interno Bruto a preços correntes
6,Município,40,Mil Reais,225892,4313011,Nova Candelária - RS,2023,2023,37,Produto Interno Bruto a preços correntes
6,Município,40,Mil Reais,197238,4313037,Nova Esperança do Sul - RS,2023,2023,37,Produto Interno Bruto a preços correntes
6,Município,40,Mil Reais,1054362,4313060,Nova Hartz - RS,2023,2023,37,Produto Interno Bruto a preços correntes
6,Município,40,Mil Reais,115884,4313086,Nova Pádua - RS,2023,2023,37,Produto Interno Bruto a preços correntes
6,Município,40,Mil Reais,306852,4313102,Nova Palma - RS,2023,2023,37,Produto Interno Bruto a preços correntes
6,Município,40,Mil Reais,1103618,4313201,Nova Petrópolis - RS,2023,2023,37,Produto Interno Bruto a preços correntes
6,Município,40,Mil Reais,1559276,4313300,Nova Prata - RS,2023,2023,37,Produto Interno Bruto a preços correntes
6,Município,40,Mil Reais,204997,4313334,Nova Ramada - RS,2023,2023,37,Produto Interno Bruto a preços correntes
6,Município,40,Mil Reais,206674,4313359,Nova Roma do Sul - RS,2023,2023,37,Produto Interno Bruto a preços correntes
6,Município,40,Mil Reais,3229383,4313375,Nova Santa Rita - RS,2023,2023,37,Produto Interno Bruto a preços correntes
6,Município,40,Mil Reais,131684,4313391,Novo Cabrais - RS,2023,2023,37,Produto Interno Bruto a preços correntes
6,Município,40,Mil Reais,11936582,4313409,Novo Hamburgo - RS,2023,2023,37,Produto Interno Bruto a preços correntes
6,Município,40,Mil Reais,140899,4313425,Novo Machado - RS,2023,2023,37,Produto Interno Bruto a preços correntes
6,Município,40,Mil Reais,73353,4313441,Novo Tiradentes - RS,2023,2023,37,Produto Interno Bruto a preços correntes
6,Município,40,Mil Reais,67741,4313466,Novo Xingu - RS,2023,2023,37,Produto Interno Bruto a preços correntes
6,Município,40,Mil Reais,120313,4313490,Novo Barreiro - RS,2023,2023,37,Produto Interno Bruto a preços correntes
6,Município,40,Mil Reais,2141950,4313508,Osório - RS,2023,2023,37,Produto Interno Bruto a preços correntes
6,Município,40,Mil Reais,162821,4313607,Paim Filho - RS,2023,2023,37,Produto Interno Bruto a preços correntes
6,Município,40,Mil Reais,739855,4313656,Palmares do Sul - RS,2023,2023,37,Produto Interno Bruto a preços correntes
6,Município,40,Mil Reais,1708324,4313706,Palmeira das Missões - RS,2023,2023,37,Produto Interno Bruto a preços correntes
6,Município,40,Mil Reais,265325,4313805,Palmitinho - RS,2023,2023,37,Produto Interno Bruto a preços correntes
6,Município,40,Mil Reais,4011216,4313904,Panambi - RS,2023,2023,37,Produto Interno Bruto a preços correntes
6,Município,40,Mil Reais,576614,4313953,Pantano Grande - RS,2023,2023,37,Produto Interno Bruto a preços correntes
6,Município,40,Mil Reais,488256,4314001,Paraí - RS,2023,2023,37,Produto Interno Bruto a preços correntes
6,Município,40,Mil Reais,230034,4314027,Paraíso do Sul - RS,2023,2023,37,Produto Interno Bruto a preços correntes
6,Município,40,Mil Reais,159254,4314035,Pareci Novo - RS,2023,2023,37,Produto Interno Bruto a preços correntes
6,Município,40,Mil Reais,1725746,4314050,Parobé - RS,2023,2023,37,Produto Interno Bruto a preços correntes
6,Município,40,Mil Reais,144618,4314068,Passa Sete - RS,2023,2023,37,Produto Interno Bruto a preços correntes
6,Município,40,Mil Reais,281871,4314076,Passo do Sobrado - RS,2023,2023,37,Produto Interno Bruto a preços correntes
6,Município,40,Mil Reais,14069540,4314100,Passo Fundo - RS,2023,2023,37,Produto Interno Bruto a preços correntes
6,Município,40,Mil Reais,238558,4314134,Paulo Bento - RS,2023,2023,37,Produto Interno Bruto a preços correntes
6,Município,40,Mil Reais,301262,4314159,Paverama - RS,2023,2023,37,Produto Interno Bruto a preços correntes
6,Município,40,Mil Reais,172852,4314175,Pedras Altas - RS,2023,2023,37,Produto Interno Bruto a preços correntes
6,Município,40,Mil Reais,242415,4314209,Pedro Osório - RS,2023,2023,37,Produto Interno Bruto a preços correntes
6,Município,40,Mil Reais,293084,4314308,Pejuçara - RS,2023,2023,37,Produto Interno Bruto a preços correntes
6,Município,40,Mil Reais,12480919,4314407,Pelotas - RS,2023,2023,37,Produto Interno Bruto a preços correntes
6,Município,40,Mil Reais,393452,4314423,Picada Café - RS,2023,2023,37,Produto Interno Bruto a preços correntes
6,Município,40,Mil Reais,154127,4314456,Pinhal - RS,2023,2023,37,Produto Interno Bruto a preços correntes
6,Município,40,Mil Reais,249016,4314464,Pinhal da Serra - RS,2023,2023,37,Produto Interno Bruto a preços correntes
6,Município,40,Mil Reais,500998,4314472,Pinhal Grande - RS,2023,2023,37,Produto Interno Bruto a preços correntes
6,Município,40,Mil Reais,140566,4314498,Pinheirinho do Vale - RS,2023,2023,37,Produto Interno Bruto a preços correntes
6,Município,40,Mil Reais,357896,4314506,Pinheiro Machado - RS,2023,2023,37,Produto Interno Bruto a preços correntes
6,Município,40,Mil Reais,93134,4314548,Pinto Bandeira - RS,2023,2023,37,Produto Interno Bruto a preços correntes
6,Município,40,Mil Reais,72016,4314555,Pirapó - RS,2023,2023,37,Produto Interno Bruto a preços correntes
6,Município,40,Mil Reais,744361,4314605,Piratini - RS,2023,2023,37,Produto Interno Bruto a preços correntes
6,Município,40,Mil Reais,325778,4314704,Planalto - RS,2023,2023,37,Produto Interno Bruto a preços correntes
6,Município,40,Mil Reais,100774,4314753,Poço das Antas - RS,2023,2023,37,Produto Interno Bruto a preços correntes
6,Município,40,Mil Reais,271978,4314779,Pontão - RS,2023,2023,37,Produto Interno Bruto a preços correntes
6,Município,40,Mil Reais,78317,4314787,Ponte Preta - RS,2023,2023,37,Produto Interno Bruto a preços correntes
6,Município,40,Mil Reais,1816677,4314803,Portão - RS,2023,2023,37,Produto Interno Bruto a preços correntes
6,Município,40,Mil Reais,104743272,4314902,Porto Alegre - RS,2023,2023,37,Produto Interno Bruto a preços correntes
6,Município,40,Mil Reais,128972,4315008,Porto Lucena - RS,2023,2023,37,Produto Interno Bruto a preços correntes
6,Município,40,Mil Reais,79557,4315057,Porto Mauá - RS,2023,2023,37,Produto Interno Bruto a preços correntes
6,Município,40,Mil Reais,48373,4315073,Porto Vera Cruz - RS,2023,2023,37,Produto Interno Bruto a preços correntes
6,Município,40,Mil Reais,230082,4315107,Porto Xavier - RS,2023,2023,37,Produto Interno Bruto a preços correntes
6,Município,40,Mil Reais,57904,4315131,Pouso Novo - RS,2023,2023,37,Produto Interno Bruto a preços correntes
6,Município,40,Mil Reais,371734,4315149,Presidente Lucena - RS,2023,2023,37,Produto Interno Bruto a preços correntes
6,Município,40,Mil Reais,181523,4315156,Progresso - RS,2023,2023,37,Produto Interno Bruto a preços correntes
6,Município,40,Mil Reais,93358,4315172,Protásio Alves - RS,2023,2023,37,Produto Interno Bruto a preços correntes
6,Município,40,Mil Reais,153758,4315206,Putinga - RS,2023,2023,37,Produto Interno Bruto a preços correntes
6,Município,40,Mil Reais,720057,4315305,Quaraí - RS,2023,2023,37,Produto Interno Bruto a preços correntes
6,Município,40,Mil Reais,136523,4315313,Quatro Irmãos - RS,2023,2023,37,Produto Interno Bruto a preços correntes
6,Município,40,Mil Reais,156253,4315321,Quevedos - RS,2023,2023,37,Produto Interno Bruto a preços correntes
6,Município,40,Mil Reais,172891,4315354,Quinze de Novembro - RS,2023,2023,37,Produto Interno Bruto a preços correntes
6,Município,40,Mil Reais,207604,4315404,Redentora - RS,2023,2023,37,Produto Interno Bruto a preços correntes
6,Município,40,Mil Reais,75597,4315453,Relvado - RS,2023,2023,37,Produto Interno Bruto a preços correntes
6,Município,40,Mil Reais,643230,4315503,Restinga Sêca - RS,2023,2023,37,Produto Interno Bruto a preços correntes
6,Município,40,Mil Reais,116660,4315552,Rio dos Índios - RS,2023,2023,37,Produto Interno Bruto a preços correntes
6,Município,40,Mil Reais,14106680,4315602,Rio Grande - RS,2023,2023,37,Produto Interno Bruto a preços correntes
6,Município,40,Mil Reais,1248019,4315701,Rio Pardo - RS,2023,2023,37,Produto Interno Bruto a preços correntes
6,Município,40,Mil Reais,165772,4315750,Riozinho - RS,2023,2023,37,Produto Interno Bruto a preços correntes
6,Município,40,Mil Reais,626611,4315800,Roca Sales - RS,2023,2023,37,Produto Interno Bruto a preços correntes
6,Município,40,Mil Reais,301150,4315909,Rodeio Bonito - RS,2023,2023,37,Produto Interno Bruto a preços correntes
6,Município,40,Mil Reais,91405,4315958,Rolador - RS,2023,2023,37,Produto Interno Bruto a preços correntes
6,Município,40,Mil Reais,951008,4316006,Rolante - RS,2023,2023,37,Produto Interno Bruto a preços correntes
6,Município,40,Mil Reais,402816,4316105,Ronda Alta - RS,2023,2023,37,Produto Interno Bruto a preços correntes
6,Município,40,Mil Reais,227716,4316204,Rondinha - RS,2023,2023,37,Produto Interno Bruto a preços correntes
6,Município,40,Mil Reais,396753,4316303,Roque Gonzales - RS,2023,2023,37,Produto Interno Bruto a preços correntes
6,Município,40,Mil Reais,1498313,4316402,Rosário do Sul - RS,2023,2023,37,Produto Interno Bruto a preços correntes
6,Município,40,Mil Reais,67102,4316428,Sagrada Família - RS,2023,2023,37,Produto Interno Bruto a preços correntes
6,Município,40,Mil Reais,170089,4316436,Saldanha Marinho - RS,2023,2023,37,Produto Interno Bruto a preços correntes
6,Município,40,Mil Reais,594921,4316451,Salto do Jacuí - RS,2023,2023,37,Produto Interno Bruto a preços correntes
6,Município,40,Mil Reais,162260,4316477,Salvador das Missões - RS,2023,2023,37,Produto Interno Bruto a preços correntes
6,Município,40,Mil Reais,395636,4316501,Salvador do Sul - RS,2023,2023,37,Produto Interno Bruto a preços correntes
6,Município,40,Mil Reais,877957,4316600,Sananduva - RS,2023,2023,37,Produto Interno Bruto a preços correntes
6,Município,40,Mil Reais,875561,4316709,Santa Bárbara do Sul - RS,2023,2023,37,Produto Interno Bruto a preços correntes
6,Município,40,Mil Reais,91361,4316733,Santa Cecília do Sul - RS,2023,2023,37,Produto Interno Bruto a preços correntes
6,Município,40,Mil Reais,427744,4316758,Santa Clara do Sul - RS,2023,2023,37,Produto Interno Bruto a preços correntes
6,Município,40,Mil Reais,13396618,4316808,Santa Cruz do Sul - RS,2023,2023,37,Produto Interno Bruto a preços correntes
6,Município,40,Mil Reais,10932024,4316907,Santa Maria - RS,2023,2023,37,Produto Interno Bruto a preços correntes
6,Município,40,Mil Reais,271501,4316956,Santa Maria do Herval - RS,2023,2023,37,Produto Interno Bruto a preços correntes
6,Município,40,Mil Reais,278310,4316972,Santa Margarida do Sul - RS,2023,2023,37,Produto Interno Bruto a preços correntes
6,Município,40,Mil Reais,237629,4317004,Santana da Boa Vista - RS,2023,2023,37,Produto Interno Bruto a preços correntes
6,Município,40,Mil Reais,3143614,4317103,Sant'Ana do Livramento - RS,2023,2023,37,Produto Interno Bruto a preços correntes
6,Município,40,Mil Reais,4530356,4317202,Santa Rosa - RS,2023,2023,37,Produto Interno Bruto a preços correntes
6,Município,40,Mil Reais,53742,4317251,Santa Tereza - RS,2023,2023,37,Produto Interno Bruto a preços correntes
6,Município,40,Mil Reais,1990739,4317301,Santa Vitória do Palmar - RS,2023,2023,37,Produto Interno Bruto a preços correntes
6,Município,40,Mil Reais,1861691,4317400,Santiago - RS,2023,2023,37,Produto Interno Bruto a preços correntes
6,Município,40,Mil Reais,3379818,4317509,Santo Ângelo - RS,2023,2023,37,Produto Interno Bruto a preços correntes
6,Município,40,Mil Reais,112425,4317558,Santo Antônio do Palma - RS,2023,2023,37,Produto Interno Bruto a preços correntes
6,Município,40,Mil Reais,2178831,4317608,Santo Antônio da Patrulha - RS,2023,2023,37,Produto Interno Bruto a preços correntes
6,Município,40,Mil Reais,433323,4317707,Santo Antônio das Missões - RS,2023,2023,37,Produto Interno Bruto a preços correntes
6,Município,40,Mil Reais,166647,4317756,Santo Antônio do Planalto - RS,2023,2023,37,Produto Interno Bruto a preços correntes
6,Município,40,Mil Reais,728450,4317806,Santo Augusto - RS,2023,2023,37,Produto Interno Bruto a preços correntes
6,Município,40,Mil Reais,766616,4317905,Santo Cristo - RS,2023,2023,37,Produto Interno Bruto a preços correntes
6,Município,40,Mil Reais,105537,4317954,Santo Expedito do Sul - RS,2023,2023,37,Produto Interno Bruto a preços correntes
6,Município,40,Mil Reais,2550388,4318002,São Borja - RS,2023,2023,37,Produto Interno Bruto a preços correntes
6,Município,40,Mil Reais,130564,4318051,São Domingos do Sul - RS,2023,2023,37,Produto Interno Bruto a preços correntes
6,Município,40,Mil Reais,592569,4318101,São Francisco de Assis - RS,2023,2023,37,Produto Interno Bruto a preços correntes
6,Município,40,Mil Reais,1202082,4318200,São Francisco de Paula - RS,2023,2023,37,Produto Interno Bruto a preços correntes
6,Município,40,Mil Reais,2682926,4318309,São Gabriel - RS,2023,2023,37,Produto Interno Bruto a preços correntes
6,Município,40,Mil Reais,712278,4318408,São Jerônimo - RS,2023,2023,37,Produto Interno Bruto a preços correntes
6,Município,40,Mil Reais,198261,4318424,São João da Urtiga - RS,2023,2023,37,Produto Interno Bruto a preços correntes
6,Município,40,Mil Reais,117973,4318432,São João do Polêsine - RS,2023,2023,37,Produto Interno Bruto a preços correntes
6,Município,40,Mil Reais,113154,4318440,São Jorge - RS,2023,2023,37,Produto Interno Bruto a preços correntes
6,Município,40,Mil Reais,76281,4318457,São José das Missões - RS,2023,2023,37,Produto Interno Bruto a preços correntes
6,Município,40,Mil Reais,55694,4318465,São José do Herval - RS,2023,2023,37,Produto Interno Bruto a preços correntes
6,Município,40,Mil Reais,149146,4318481,São José do Hortêncio - RS,2023,2023,37,Produto Interno Bruto a preços correntes
6,Município,40,Mil Reais,214097,4318499,São José do Inhacorá - RS,2023,2023,37,Produto Interno Bruto a preços correntes
6,Município,40,Mil Reais,1273464,4318507,São José do Norte - RS,2023,2023,37,Produto Interno Bruto a preços correntes
6,Município,40,Mil Reais,426238,4318606,São José do Ouro - RS,2023,2023,37,Produto Interno Bruto a preços correntes
6,Município,40,Mil Reais,111514,4318614,São José do Sul - RS,2023,2023,37,Produto Interno Bruto a preços correntes
6,Município,40,Mil Reais,177177,4318622,São José dos Ausentes - RS,2023,2023,37,Produto Interno Bruto a preços correntes
6,Município,40,Mil Reais,11740913,4318705,São Leopoldo - RS,2023,2023,37,Produto Interno Bruto a preços correntes
6,Município,40,Mil Reais,1719596,4318804,São Lourenço do Sul - RS,2023,2023,37,Produto Interno Bruto a preços correntes
6,Município,40,Mil Reais,1712990,4318903,São Luiz Gonzaga - RS,2023,2023,37,Produto Interno Bruto a preços correntes
6,Município,40,Mil Reais,1488757,4319000,São Marcos - RS,2023,2023,37,Produto Interno Bruto a preços correntes
6,Município,40,Mil Reais,304939,4319109,São Martinho - RS,2023,2023,37,Produto Interno Bruto a preços correntes
6,Município,40,Mil Reais,211210,4319125,São Martinho da Serra - RS,2023,2023,37,Produto Interno Bruto a preços correntes
6,Município,40,Mil Reais,517182,4319158,São Miguel das Missões - RS,2023,2023,37,Produto Interno Bruto a preços correntes
6,Município,40,Mil Reais,178749,4319208,São Nicolau - RS,2023,2023,37,Produto Interno Bruto a preços correntes
6,Município,40,Mil Reais,214703,4319307,São Paulo das Missões - RS,2023,2023,37,Produto Interno Bruto a preços correntes
6,Município,40,Mil Reais,122651,4319356,São Pedro da Serra - RS,2023,2023,37,Produto Interno Bruto a preços correntes
6,Município,40,Mil Reais,72911,4319364,São Pedro das Missões - RS,2023,2023,37,Produto Interno Bruto a preços correntes
6,Município,40,Mil Reais,139485,4319372,São Pedro do Butiá - RS,2023,2023,37,Produto Interno Bruto a preços correntes
6,Município,40,Mil Reais,505803,4319406,São Pedro do Sul - RS,2023,2023,37,Produto Interno Bruto a preços correntes
6,Município,40,Mil Reais,1123568,4319505,São Sebastião do Caí - RS,2023,2023,37,Produto Interno Bruto a preços correntes
6,Município,40,Mil Reais,1059509,4319604,São Sepé - RS,2023,2023,37,Produto Interno Bruto a preços correntes
6,Município,40,Mil Reais,124878,4319703,São Valentim - RS,2023,2023,37,Produto Interno Bruto a preços correntes
6,Município,40,Mil Reais,84857,4319711,São Valentim do Sul - RS,2023,2023,37,Produto Interno Bruto a preços correntes
6,Município,40,Mil Reais,67841,4319737,São Valério do Sul - RS,2023,2023,37,Produto Interno Bruto a preços correntes
6,Município,40,Mil Reais,105311,4319752,São Vendelino - RS,2023,2023,37,Produto Interno Bruto a preços correntes
6,Município,40,Mil Reais,469886,4319802,São Vicente do Sul - RS,2023,2023,37,Produto Interno Bruto a preços correntes
6,Município,40,Mil Reais,4674054,4319901,Sapiranga - RS,2023,2023,37,Produto Interno Bruto a preços correntes
6,Município,40,Mil Reais,4729408,4320008,Sapucaia do Sul - RS,2023,2023,37,Produto Interno Bruto a preços correntes
6,Município,40,Mil Reais,1427661,4320107,Sarandi - RS,2023,2023,37,Produto Interno Bruto a preços correntes
6,Município,40,Mil Reais,827496,4320206,Seberi - RS,2023,2023,37,Produto Interno Bruto a preços correntes
6,Município,40,Mil Reais,122595,4320230,Sede Nova - RS,2023,2023,37,Produto Interno Bruto a preços correntes
6,Município,40,Mil Reais,181686,4320263,Segredo - RS,2023,2023,37,Produto Interno Bruto a preços correntes
6,Município,40,Mil Reais,286810,4320305,Selbach - RS,2023,2023,37,Produto Interno Bruto a preços correntes
6,Município,40,Mil Reais,93393,4320321,Senador Salgado Filho - RS,2023,2023,37,Produto Interno Bruto a preços correntes
6,Município,40,Mil Reais,179897,4320354,Sentinela do Sul - RS,2023,2023,37,Produto Interno Bruto a preços correntes
6,Município,40,Mil Reais,988516,4320404,Serafina Corrêa - RS,2023,2023,37,Produto Interno Bruto a preços correntes
6,Município,40,Mil Reais,70329,4320453,Sério - RS,2023,2023,37,Produto Interno Bruto a preços correntes
6,Município,40,Mil Reais,389514,4320503,Sertão - RS,2023,2023,37,Produto Interno Bruto a preços correntes
6,Município,40,Mil Reais,344571,4320552,Sertão Santana - RS,2023,2023,37,Produto Interno Bruto a preços correntes
6,Município,40,Mil Reais,77186,4320578,Sete de Setembro - RS,2023,2023,37,Produto Interno Bruto a preços correntes
6,Município,40,Mil Reais,142412,4320602,Severiano de Almeida - RS,2023,2023,37,Produto Interno Bruto a preços correntes
6,Município,40,Mil Reais,72204,4320651,Silveira Martins - RS,2023,2023,37,Produto Interno Bruto a preços correntes
6,Município,40,Mil Reais,248267,4320677,Sinimbu - RS,2023,2023,37,Produto Interno Bruto a preços correntes
6,Município,40,Mil Reais,523240,4320701,Sobradinho - RS,2023,2023,37,Produto Interno Bruto a preços correntes
6,Município,40,Mil Reais,1312842,4320800,Soledade - RS,2023,2023,37,Produto Interno Bruto a preços correntes
6,Município,40,Mil Reais,176254,4320859,Tabaí - RS,2023,2023,37,Produto Interno Bruto a preços correntes
6,Município,40,Mil Reais,1870497,4320909,Tapejara - RS,2023,2023,37,Produto Interno Bruto a preços correntes
6,Município,40,Mil Reais,584149,4321006,Tapera - RS,2023,2023,37,Produto Interno Bruto a preços correntes
6,Município,40,Mil Reais,634090,4321105,Tapes - RS,2023,2023,37,Produto Interno Bruto a preços correntes
6,Município,40,Mil Reais,1815775,4321204,Taquara - RS,2023,2023,37,Produto Interno Bruto a preços correntes
6,Município,40,Mil Reais,1123745,4321303,Taquari - RS,2023,2023,37,Produto Interno Bruto a preços correntes
6,Município,40,Mil Reais,188337,4321329,Taquaruçu do Sul - RS,2023,2023,37,Produto Interno Bruto a preços correntes
6,Município,40,Mil Reais,135924,4321352,Tavares - RS,2023,2023,37,Produto Interno Bruto a preços correntes
6,Município,40,Mil Reais,614914,4321402,Tenente Portela - RS,2023,2023,37,Produto Interno Bruto a preços correntes
6,Município,40,Mil Reais,342570,4321436,Terra de Areia - RS,2023,2023,37,Produto Interno Bruto a preços correntes
6,Município,40,Mil Reais,2003351,4321451,Teutônia - RS,2023,2023,37,Produto Interno Bruto a preços correntes
6,Município,40,Mil Reais,173559,4321469,Tio Hugo - RS,2023,2023,37,Produto Interno Bruto a preços correntes
6,Município,40,Mil Reais,162975,4321477,Tiradentes do Sul - RS,2023,2023,37,Produto Interno Bruto a preços correntes
6,Município,40,Mil Reais,82304,4321493,Toropi - RS,2023,2023,37,Produto Interno Bruto a preços correntes
6,Município,40,Mil Reais,1835529,4321501,Torres - RS,2023,2023,37,Produto Interno Bruto a preços correntes
6,Município,40,Mil Reais,1579725,4321600,Tramandaí - RS,2023,2023,37,Produto Interno Bruto a preços correntes
6,Município,40,Mil Reais,86078,4321626,Travesseiro - RS,2023,2023,37,Produto Interno Bruto a preços correntes
6,Município,40,Mil Reais,134291,4321634,Três Arroios - RS,2023,2023,37,Produto Interno Bruto a preços correntes
6,Município,40,Mil Reais,372783,4321667,Três Cachoeiras - RS,2023,2023,37,Produto Interno Bruto a preços correntes
6,Município,40,Mil Reais,1046073,4321709,Três Coroas - RS,2023,2023,37,Produto Interno Bruto a preços correntes
6,Município,40,Mil Reais,1525082,4321808,Três de Maio - RS,2023,2023,37,Produto Interno Bruto a preços correntes
6,Município,40,Mil Reais,79197,4321832,Três Forquilhas - RS,2023,2023,37,Produto Interno Bruto a preços correntes
6,Município,40,Mil Reais,165901,4321857,Três Palmeiras - RS,2023,2023,37,Produto Interno Bruto a preços correntes
6,Município,40,Mil Reais,1228032,4321907,Três Passos - RS,2023,2023,37,Produto Interno Bruto a preços correntes
6,Município,40,Mil Reais,403531,4321956,Trindade do Sul - RS,2023,2023,37,Produto Interno Bruto a preços correntes
6,Município,40,Mil Reais,7571335,4322004,Triunfo - RS,2023,2023,37,Produto Interno Bruto a preços correntes
6,Município,40,Mil Reais,231162,4322103,Tucunduva - RS,2023,2023,37,Produto Interno Bruto a preços correntes
6,Município,40,Mil Reais,94250,4322152,Tunas - RS,2023,2023,37,Produto Interno Bruto a preços correntes
6,Município,40,Mil Reais,79798,4322186,Tupanci do Sul - RS,2023,2023,37,Produto Interno Bruto a preços correntes
6,Município,40,Mil Reais,1275254,4322202,Tupanciretã - RS,2023,2023,37,Produto Interno Bruto a preços correntes
6,Município,40,Mil Reais,604244,4322251,Tupandi - RS,2023,2023,37,Produto Interno Bruto a preços correntes
6,Município,40,Mil Reais,375006,4322301,Tuparendi - RS,2023,2023,37,Produto Interno Bruto a preços correntes
6,Município,40,Mil Reais,161326,4322327,Turuçu - RS,2023,2023,37,Produto Interno Bruto a preços correntes
6,Município,40,Mil Reais,73526,4322343,Ubiretama - RS,2023,2023,37,Produto Interno Bruto a preços correntes
6,Município,40,Mil Reais,64313,4322350,União da Serra - RS,2023,2023,37,Produto Interno Bruto a preços correntes
6,Município,40,Mil Reais,71038,4322376,Unistalda - RS,2023,2023,37,Produto Interno Bruto a preços correntes
6,Município,40,Mil Reais,3915554,4322400,Uruguaiana - RS,2023,2023,37,Produto Interno Bruto a preços correntes
6,Município,40,Mil Reais,3701333,4322509,Vacaria - RS,2023,2023,37,Produto Interno Bruto a preços correntes
6,Município,40,Mil Reais,156860,4322525,Vale Verde - RS,2023,2023,37,Produto Interno Bruto a preços correntes
6,Município,40,Mil Reais,380489,4322533,Vale do Sol - RS,2023,2023,37,Produto Interno Bruto a preços correntes
6,Município,40,Mil Reais,298091,4322541,Vale Real - RS,2023,2023,37,Produto Interno Bruto a preços correntes
6,Município,40,Mil Reais,81724,4322558,Vanini - RS,2023,2023,37,Produto Interno Bruto a preços correntes
6,Município,40,Mil Reais,4683134,4322608,Venâncio Aires - RS,2023,2023,37,Produto Interno Bruto a preços correntes
6,Município,40,Mil Reais,1126736,4322707,Vera Cruz - RS,2023,2023,37,Produto Interno Bruto a preços correntes
6,Município,40,Mil Reais,2395417,4322806,Veranópolis - RS,2023,2023,37,Produto Interno Bruto a preços correntes
6,Município,40,Mil Reais,104348,4322855,Vespasiano Corrêa - RS,2023,2023,37,Produto Interno Bruto a preços correntes
6,Município,40,Mil Reais,191223,4322905,Viadutos - RS,2023,2023,37,Produto Interno Bruto a preços correntes
6,Município,40,Mil Reais,5545184,4323002,Viamão - RS,2023,2023,37,Produto Interno Bruto a preços correntes
6,Município,40,Mil Reais,147864,4323101,Vicente Dutra - RS,2023,2023,37,Produto Interno Bruto a preços correntes
6,Município,40,Mil Reais,235754,4323200,Victor Graeff - RS,2023,2023,37,Produto Interno Bruto a preços correntes
6,Município,40,Mil Reais,376709,4323309,Vila Flores - RS,2023,2023,37,Produto Interno Bruto a preços correntes
6,Município,40,Mil Reais,155271,4323358,Vila Lângaro - RS,2023,2023,37,Produto Interno Bruto a preços correntes
6,Município,40,Mil Reais,393600,4323408,Vila Maria - RS,2023,2023,37,Produto Interno Bruto a preços correntes
6,Município,40,Mil Reais,217498,4323457,Vila Nova do Sul - RS,2023,2023,37,Produto Interno Bruto a preços correntes
6,Município,40,Mil Reais,137185,4323507,Vista Alegre - RS,2023,2023,37,Produto Interno Bruto a preços correntes
6,Município,40,Mil Reais,76367,4323606,Vista Alegre do Prata - RS,2023,2023,37,Produto Interno Bruto a preços correntes
6,Município,40,Mil Reais,94256,4323705,Vista Gaúcha - RS,2023,2023,37,Produto Interno Bruto a preços correntes
6,Município,40,Mil Reais,89071,4323754,Vitória das Missões - RS,2023,2023,37,Produto Interno Bruto a preços correntes
6,Município,40,Mil Reais,234678,4323770,Westfália - RS,2023,2023,37,Produto Interno Bruto a preços correntes
6,Município,40,Mil Reais,914704,4323804,Xangri-lá - RS,2023,2023,37,Produto Interno Bruto a preços correntes
6,Município,40,Mil Reais,1544633,5000203,Água Clara - MS,2023,2023,37,Produto Interno Bruto a preços correntes
6,Município,40,Mil Reais,384368,5000252,Alcinópolis - MS,2023,2023,37,Produto Interno Bruto a preços correntes
6,Município,40,Mil Reais,2426261,5000609,Amambai - MS,2023,2023,37,Produto Interno Bruto a preços correntes
6,Município,40,Mil Reais,783841,5000708,Anastácio - MS,2023,2023,37,Produto Interno Bruto a preços correntes
6,Município,40,Mil Reais,623710,5000807,Anaurilândia - MS,2023,2023,37,Produto Interno Bruto a preços correntes
6,Município,40,Mil Reais,1243471,5000856,Angélica - MS,2023,2023,37,Produto Interno Bruto a preços correntes
6,Município,40,Mil Reais,851781,5000906,Antônio João - MS,2023,2023,37,Produto Interno Bruto a preços correntes
6,Município,40,Mil Reais,2189222,5001003,Aparecida do Taboado - MS,2023,2023,37,Produto Interno Bruto a preços correntes
6,Município,40,Mil Reais,1437451,5001102,Aquidauana - MS,2023,2023,37,Produto Interno Bruto a preços correntes
6,Município,40,Mil Reais,1348752,5001243,Aral Moreira - MS,2023,2023,37,Produto Interno Bruto a preços correntes
6,Município,40,Mil Reais,1001346,5001508,Bandeirantes - MS,2023,2023,37,Produto Interno Bruto a preços correntes
6,Município,40,Mil Reais,1841917,5001904,Bataguassu - MS,2023,2023,37,Produto Interno Bruto a preços correntes
6,Município,40,Mil Reais,784829,5002001,Batayporã - MS,2023,2023,37,Produto Interno Bruto a preços correntes
6,Município,40,Mil Reais,1176300,5002100,Bela Vista - MS,2023,2023,37,Produto Interno Bruto a preços correntes
6,Município,40,Mil Reais,386420,5002159,Bodoquena - MS,2023,2023,37,Produto Interno Bruto a preços correntes
6,Município,40,Mil Reais,1586577,5002209,Bonito - MS,2023,2023,37,Produto Interno Bruto a preços correntes
6,Município,40,Mil Reais,1159417,5002308,Brasilândia - MS,2023,2023,37,Produto Interno Bruto a preços correntes
6,Município,40,Mil Reais,2553085,5002407,Caarapó - MS,2023,2023,37,Produto Interno Bruto a preços correntes
6,Município,40,Mil Reais,872276,5002605,Camapuã - MS,2023,2023,37,Produto Interno Bruto a preços correntes
6,Município,40,Mil Reais,42269768,5002704,Campo Grande - MS,2023,2023,37,Produto Interno Bruto a preços correntes
6,Município,40,Mil Reais,251148,5002803,Caracol - MS,2023,2023,37,Produto Interno Bruto a preços correntes
6,Município,40,Mil Reais,1059973,5002902,Cassilândia - MS,2023,2023,37,Produto Interno Bruto a preços correntes
6,Município,40,Mil Reais,3329527,5002951,Chapadão do Sul - MS,2023,2023,37,Produto Interno Bruto a preços correntes
6,Município,40,Mil Reais,172551,5003108,Corguinho - MS,2023,2023,37,Produto Interno Bruto a preços correntes
6,Município,40,Mil Reais,388241,5003157,Coronel Sapucaia - MS,2023,2023,37,Produto Interno Bruto a preços correntes
6,Município,40,Mil Reais,4187429,5003207,Corumbá - MS,2023,2023,37,Produto Interno Bruto a preços correntes
6,Município,40,Mil Reais,3341491,5003256,Costa Rica - MS,2023,2023,37,Produto Interno Bruto a preços correntes
6,Município,40,Mil Reais,1400833,5003306,Coxim - MS,2023,2023,37,Produto Interno Bruto a preços correntes
6,Município,40,Mil Reais,712633,5003454,Deodápolis - MS,2023,2023,37,Produto Interno Bruto a preços correntes
6,Município,40,Mil Reais,456777,5003488,Dois Irmãos do Buriti - MS,2023,2023,37,Produto Interno Bruto a preços correntes
6,Município,40,Mil Reais,259999,5003504,Douradina - MS,2023,2023,37,Produto Interno Bruto a preços correntes
6,Município,40,Mil Reais,20257953,5003702,Dourados - MS,2023,2023,37,Produto Interno Bruto a preços correntes
6,Município,40,Mil Reais,704592,5003751,Eldorado - MS,2023,2023,37,Produto Interno Bruto a preços correntes
6,Município,40,Mil Reais,769333,5003801,Fátima do Sul - MS,2023,2023,37,Produto Interno Bruto a preços correntes
6,Município,40,Mil Reais,186835,5003900,Figueirão - MS,2023,2023,37,Produto Interno Bruto a preços correntes
6,Município,40,Mil Reais,449930,5004007,Glória de Dourados - MS,2023,2023,37,Produto Interno Bruto a preços correntes
6,Município,40,Mil Reais,477600,5004106,Guia Lopes da Laguna - MS,2023,2023,37,Produto Interno Bruto a preços correntes
6,Município,40,Mil Reais,962593,5004304,Iguatemi - MS,2023,2023,37,Produto Interno Bruto a preços correntes
6,Município,40,Mil Reais,946307,5004403,Inocência - MS,2023,2023,37,Produto Interno Bruto a preços correntes
6,Município,40,Mil Reais,1525654,5004502,Itaporã - MS,2023,2023,37,Produto Interno Bruto a preços correntes
6,Município,40,Mil Reais,1546553,5004601,Itaquiraí - MS,2023,2023,37,Produto Interno Bruto a preços correntes
6,Município,40,Mil Reais,2005469,5004700,Ivinhema - MS,2023,2023,37,Produto Interno Bruto a preços correntes
6,Município,40,Mil Reais,242175,5004809,Japorã - MS,2023,2023,37,Produto Interno Bruto a preços correntes
6,Município,40,Mil Reais,717701,5004908,Jaraguari - MS,2023,2023,37,Produto Interno Bruto a preços correntes
6,Município,40,Mil Reais,1130237,5005004,Jardim - MS,2023,2023,37,Produto Interno Bruto a preços correntes
6,Município,40,Mil Reais,729978,5005103,Jateí - MS,2023,2023,37,Produto Interno Bruto a preços correntes
6,Município,40,Mil Reais,517930,5005152,Juti - MS,2023,2023,37,Produto Interno Bruto a preços correntes
6,Município,40,Mil Reais,420685,5005202,Ladário - MS,2023,2023,37,Produto Interno Bruto a preços correntes
6,Município,40,Mil Reais,1257650,5005251,Laguna Carapã - MS,2023,2023,37,Produto Interno Bruto a preços correntes
6,Município,40,Mil Reais,5921262,5005400,Maracaju - MS,2023,2023,37,Produto Interno Bruto a preços correntes
6,Município,40,Mil Reais,782435,5005608,Miranda - MS,2023,2023,37,Produto Interno Bruto a preços correntes
6,Município,40,Mil Reais,1018195,5005681,Mundo Novo - MS,2023,2023,37,Produto Interno Bruto a preços correntes
6,Município,40,Mil Reais,3670207,5005707,Naviraí - MS,2023,2023,37,Produto Interno Bruto a preços correntes
6,Município,40,Mil Reais,618784,5005806,Nioaque - MS,2023,2023,37,Produto Interno Bruto a preços correntes
6,Município,40,Mil Reais,2592615,5006002,Nova Alvorada do Sul - MS,2023,2023,37,Produto Interno Bruto a preços correntes
6,Município,40,Mil Reais,3568745,5006200,Nova Andradina - MS,2023,2023,37,Produto Interno Bruto a preços correntes
6,Município,40,Mil Reais,450886,5006259,Novo Horizonte do Sul - MS,2023,2023,37,Produto Interno Bruto a preços correntes
6,Município,40,Mil Reais,1389706,5006275,Paraíso das Águas - MS,2023,2023,37,Produto Interno Bruto a preços correntes
6,Município,40,Mil Reais,2012106,5006309,Paranaíba - MS,2023,2023,37,Produto Interno Bruto a preços correntes
6,Município,40,Mil Reais,371183,5006358,Paranhos - MS,2023,2023,37,Produto Interno Bruto a preços correntes
6,Município,40,Mil Reais,460934,5006408,Pedro Gomes - MS,2023,2023,37,Produto Interno Bruto a preços correntes
6,Município,40,Mil Reais,6069790,5006606,Ponta Porã - MS,2023,2023,37,Produto Interno Bruto a preços correntes
6,Município,40,Mil Reais,571511,5006903,Porto Murtinho - MS,2023,2023,37,Produto Interno Bruto a preços correntes
6,Município,40,Mil Reais,3353286,5007109,Ribas do Rio Pardo - MS,2023,2023,37,Produto Interno Bruto a preços correntes
6,Município,40,Mil Reais,3833911,5007208,Rio Brilhante - MS,2023,2023,37,Produto Interno Bruto a preços correntes
6,Município,40,Mil Reais,170386,5007307,Rio Negro - MS,2023,2023,37,Produto Interno Bruto a preços correntes
6,Município,40,Mil Reais,926597,5007406,Rio Verde de Mato Grosso - MS,2023,2023,37,Produto Interno Bruto a preços correntes
6,Município,40,Mil Reais,352337,5007505,Rochedo - MS,2023,2023,37,Produto Interno Bruto a preços correntes
6,Município,40,Mil Reais,642967,5007554,Santa Rita do Pardo - MS,2023,2023,37,Produto Interno Bruto a preços correntes
6,Município,40,Mil Reais,2883850,5007695,São Gabriel do Oeste - MS,2023,2023,37,Produto Interno Bruto a preços correntes
6,Município,40,Mil Reais,493949,5007703,Sete Quedas - MS,2023,2023,37,Produto Interno Bruto a preços correntes
6,Município,40,Mil Reais,2691218,5007802,Selvíria - MS,2023,2023,37,Produto Interno Bruto a preços correntes
6,Município,40,Mil Reais,4102346,5007901,Sidrolândia - MS,2023,2023,37,Produto Interno Bruto a preços correntes
6,Município,40,Mil Reais,1489093,5007935,Sonora - MS,2023,2023,37,Produto Interno Bruto a preços correntes
6,Município,40,Mil Reais,378151,5007950,Tacuru - MS,2023,2023,37,Produto Interno Bruto a preços correntes
6,Município,40,Mil Reais,215369,5007976,Taquarussu - MS,2023,2023,37,Produto Interno Bruto a preços correntes
6,Município,40,Mil Reais,1348544,5008008,Terenos - MS,2023,2023,37,Produto Interno Bruto a preços correntes
6,Município,40,Mil Reais,14761816,5008305,Três Lagoas - MS,2023,2023,37,Produto Interno Bruto a preços correntes
6,Município,40,Mil Reais,384734,5008404,Vicentina - MS,2023,2023,37,Produto Interno Bruto a preços correntes
6,Município,40,Mil Reais,169373,5100102,Acorizal - MT,2023,2023,37,Produto Interno Bruto a preços correntes
6,Município,40,Mil Reais,2479715,5100201,Água Boa - MT,2023,2023,37,Produto Interno Bruto a preços correntes
6,Município,40,Mil Reais,3034593,5100250,Alta Floresta - MT,2023,2023,37,Produto Interno Bruto a preços correntes
6,Município,40,Mil Reais,2036609,5100300,Alto Araguaia - MT,2023,2023,37,Produto Interno Bruto a preços correntes
6,Município,40,Mil Reais,307732,5100359,Alto Boa Vista - MT,2023,2023,37,Produto Interno Bruto a preços correntes
6,Município,40,Mil Reais,1233308,5100409,Alto Garças - MT,2023,2023,37,Produto Interno Bruto a preços correntes
6,Município,40,Mil Reais,171251,5100508,Alto Paraguai - MT,2023,2023,37,Produto Interno Bruto a preços correntes
6,Município,40,Mil Reais,1194826,5100607,Alto Taquari - MT,2023,2023,37,Produto Interno Bruto a preços correntes
6,Município,40,Mil Reais,291453,5100805,Apiacás - MT,2023,2023,37,Produto Interno Bruto a preços correntes
6,Município,40,Mil Reais,169005,5101001,Araguaiana - MT,2023,2023,37,Produto Interno Bruto a preços correntes
6,Município,40,Mil Reais,31097,5101209,Araguainha - MT,2023,2023,37,Produto Interno Bruto a preços correntes
6,Município,40,Mil Reais,864362,5101258,Araputanga - MT,2023,2023,37,Produto Interno Bruto a preços correntes
6,Município,40,Mil Reais,325467,5101308,Arenápolis - MT,2023,2023,37,Produto Interno Bruto a preços correntes
6,Município,40,Mil Reais,1451936,5101407,Aripuanã - MT,2023,2023,37,Produto Interno Bruto a preços correntes
6,Município,40,Mil Reais,143657,5101605,Barão de Melgaço - MT,2023,2023,37,Produto Interno Bruto a preços correntes
6,Município,40,Mil Reais,1774198,5101704,Barra do Bugres - MT,2023,2023,37,Produto Interno Bruto a preços correntes
6,Município,40,Mil Reais,3537696,5101803,Barra do Garças - MT,2023,2023,37,Produto Interno Bruto a preços correntes
6,Município,40,Mil Reais,1001994,5101852,Bom Jesus do Araguaia - MT,2023,2023,37,Produto Interno Bruto a preços correntes
6,Município,40,Mil Reais,2668091,5101902,Brasnorte - MT,2023,2023,37,Produto Interno Bruto a preços correntes
6,Município,40,Mil Reais,2795729,5102504,Cáceres - MT,2023,2023,37,Produto Interno Bruto a preços correntes
6,Município,40,Mil Reais,614856,5102603,Campinápolis - MT,2023,2023,37,Produto Interno Bruto a preços correntes
6,Município,40,Mil Reais,7917233,5102637,Campo Novo do Parecis - MT,2023,2023,37,Produto Interno Bruto a preços correntes
6,Município,40,Mil Reais,5099105,5102678,Campo Verde - MT,2023,2023,37,Produto Interno Bruto a preços correntes
6,Município,40,Mil Reais,2905079,5102686,Campos de Júlio - MT,2023,2023,37,Produto Interno Bruto a preços correntes
6,Município,40,Mil Reais,299035,5102694,Canabrava do Norte - MT,2023,2023,37,Produto Interno Bruto a preços correntes
6,Município,40,Mil Reais,3000654,5102702,Canarana - MT,2023,2023,37,Produto Interno Bruto a preços correntes
6,Município,40,Mil Reais,423098,5102793,Carlinda - MT,2023,2023,37,Produto Interno Bruto a preços correntes
6,Município,40,Mil Reais,261557,5102850,Castanheira - MT,2023,2023,37,Produto Interno Bruto a preços correntes
6,Município,40,Mil Reais,1817596,5103007,Chapada dos Guimarães - MT,2023,2023,37,Produto Interno Bruto a preços correntes
6,Município,40,Mil Reais,1192573,5103056,Cláudia - MT,2023,2023,37,Produto Interno Bruto a preços correntes
6,Município,40,Mil Reais,363690,5103106,Cocalinho - MT,2023,2023,37,Produto Interno Bruto a preços correntes
6,Município,40,Mil Reais,1958222,5103205,Colíder - MT,2023,2023,37,Produto Interno Bruto a preços correntes
6,Município,40,Mil Reais,852175,5103254,Colniza - MT,2023,2023,37,Produto Interno Bruto a preços correntes
6,Município,40,Mil Reais,1088026,5103304,Comodoro - MT,2023,2023,37,Produto Interno Bruto a preços correntes
6,Município,40,Mil Reais,1967776,5103353,Confresa - MT,2023,2023,37,Produto Interno Bruto a preços correntes
6,Município,40,Mil Reais,179152,5103361,Conquista D'Oeste - MT,2023,2023,37,Produto Interno Bruto a preços correntes
6,Município,40,Mil Reais,327751,5103379,Cotriguaçu - MT,2023,2023,37,Produto Interno Bruto a preços correntes
6,Município,40,Mil Reais,39050753,5103403,Cuiabá - MT,2023,2023,37,Produto Interno Bruto a preços correntes
6,Município,40,Mil Reais,135779,5103437,Curvelândia - MT,2023,2023,37,Produto Interno Bruto a preços correntes
6,Município,40,Mil Reais,777254,5103452,Denise - MT,2023,2023,37,Produto Interno Bruto a preços correntes
6,Município,40,Mil Reais,5741878,5103502,Diamantino - MT,2023,2023,37,Produto Interno Bruto a preços correntes
6,Município,40,Mil Reais,724834,5103601,Dom Aquino - MT,2023,2023,37,Produto Interno Bruto a preços correntes
6,Município,40,Mil Reais,1151311,5103700,Feliz Natal - MT,2023,2023,37,Produto Interno Bruto a preços correntes
6,Município,40,Mil Reais,112557,5103809,Figueirópolis D'Oeste - MT,2023,2023,37,Produto Interno Bruto a preços correntes
6,Município,40,Mil Reais,1385921,5103858,Gaúcha do Norte - MT,2023,2023,37,Produto Interno Bruto a preços correntes
6,Município,40,Mil Reais,506493,5103908,General Carneiro - MT,2023,2023,37,Produto Interno Bruto a preços correntes
6,Município,40,Mil Reais,115168,5103957,Glória D'Oeste - MT,2023,2023,37,Produto Interno Bruto a preços correntes
6,Município,40,Mil Reais,1286329,5104104,Guarantã do Norte - MT,2023,2023,37,Produto Interno Bruto a preços correntes
6,Município,40,Mil Reais,706016,5104203,Guiratinga - MT,2023,2023,37,Produto Interno Bruto a preços correntes
6,Município,40,Mil Reais,109660,5104500,Indiavaí - MT,2023,2023,37,Produto Interno Bruto a preços correntes
6,Município,40,Mil Reais,2175037,5104526,Ipiranga do Norte - MT,2023,2023,37,Produto Interno Bruto a preços correntes
6,Município,40,Mil Reais,856166,5104542,Itanhangá - MT,2023,2023,37,Produto Interno Bruto a preços correntes
6,Município,40,Mil Reais,666707,5104559,Itaúba - MT,2023,2023,37,Produto Interno Bruto a preços correntes
6,Município,40,Mil Reais,2049319,5104609,Itiquira - MT,2023,2023,37,Produto Interno Bruto a preços correntes
6,Município,40,Mil Reais,1711568,5104807,Jaciara - MT,2023,2023,37,Produto Interno Bruto a preços correntes
6,Município,40,Mil Reais,210301,5104906,Jangada - MT,2023,2023,37,Produto Interno Bruto a preços correntes
6,Município,40,Mil Reais,371424,5105002,Jauru - MT,2023,2023,37,Produto Interno Bruto a preços correntes
6,Município,40,Mil Reais,1859025,5105101,Juara - MT,2023,2023,37,Produto Interno Bruto a preços correntes
6,Município,40,Mil Reais,1845536,5105150,Juína - MT,2023,2023,37,Produto Interno Bruto a preços correntes
6,Município,40,Mil Reais,386051,5105176,Juruena - MT,2023,2023,37,Produto Interno Bruto a preços correntes
6,Município,40,Mil Reais,555049,5105200,Juscimeira - MT,2023,2023,37,Produto Interno Bruto a preços correntes
6,Município,40,Mil Reais,284219,5105234,Lambari D'Oeste - MT,2023,2023,37,Produto Interno Bruto a preços correntes
6,Município,40,Mil Reais,8238966,5105259,Lucas do Rio Verde - MT,2023,2023,37,Produto Interno Bruto a preços correntes
6,Município,40,Mil Reais,95374,5105309,Luciara - MT,2023,2023,37,Produto Interno Bruto a preços correntes
6,Município,40,Mil Reais,946663,5105507,Vila Bela da Santíssima Trindade - MT,2023,2023,37,Produto Interno Bruto a preços correntes
6,Município,40,Mil Reais,1029292,5105580,Marcelândia - MT,2023,2023,37,Produto Interno Bruto a preços correntes
6,Município,40,Mil Reais,1790694,5105606,Matupá - MT,2023,2023,37,Produto Interno Bruto a preços correntes
6,Município,40,Mil Reais,1163379,5105622,Mirassol d'Oeste - MT,2023,2023,37,Produto Interno Bruto a preços correntes
6,Município,40,Mil Reais,1492553,5105903,Nobres - MT,2023,2023,37,Produto Interno Bruto a preços correntes
6,Município,40,Mil Reais,399399,5106000,Nortelândia - MT,2023,2023,37,Produto Interno Bruto a preços correntes
6,Município,40,Mil Reais,433626,5106109,Nossa Senhora do Livramento - MT,2023,2023,37,Produto Interno Bruto a preços correntes
6,Município,40,Mil Reais,506046,5106158,Nova Bandeirantes - MT,2023,2023,37,Produto Interno Bruto a preços correntes
6,Município,40,Mil Reais,183702,5106174,Nova Nazaré - MT,2023,2023,37,Produto Interno Bruto a preços correntes
6,Município,40,Mil Reais,486837,5106182,Nova Lacerda - MT,2023,2023,37,Produto Interno Bruto a preços correntes
6,Município,40,Mil Reais,483791,5106190,Nova Santa Helena - MT,2023,2023,37,Produto Interno Bruto a preços correntes
6,Município,40,Mil Reais,216720,5106208,Nova Brasilândia - MT,2023,2023,37,Produto Interno Bruto a preços correntes
6,Município,40,Mil Reais,1057942,5106216,Nova Canaã do Norte - MT,2023,2023,37,Produto Interno Bruto a preços correntes
6,Município,40,Mil Reais,7647129,5106224,Nova Mutum - MT,2023,2023,37,Produto Interno Bruto a preços correntes
6,Município,40,Mil Reais,771964,5106232,Nova Olímpia - MT,2023,2023,37,Produto Interno Bruto a preços correntes
6,Município,40,Mil Reais,3184847,5106240,Nova Ubiratã - MT,2023,2023,37,Produto Interno Bruto a preços correntes
6,Município,40,Mil Reais,1185192,5106257,Nova Xavantina - MT,2023,2023,37,Produto Interno Bruto a preços correntes
6,Município,40,Mil Reais,626984,5106265,Novo Mundo - MT,2023,2023,37,Produto Interno Bruto a preços correntes
6,Município,40,Mil Reais,132646,5106273,Novo Horizonte do Norte - MT,2023,2023,37,Produto Interno Bruto a preços correntes
6,Município,40,Mil Reais,930872,5106281,Novo São Joaquim - MT,2023,2023,37,Produto Interno Bruto a preços correntes
6,Município,40,Mil Reais,833109,5106299,Paranaíta - MT,2023,2023,37,Produto Interno Bruto a preços correntes
6,Município,40,Mil Reais,2920746,5106307,Paranatinga - MT,2023,2023,37,Produto Interno Bruto a preços correntes
6,Município,40,Mil Reais,71503,5106315,Novo Santo Antônio - MT,2023,2023,37,Produto Interno Bruto a preços correntes
6,Município,40,Mil Reais,1490775,5106372,Pedra Preta - MT,2023,2023,37,Produto Interno Bruto a preços correntes
6,Município,40,Mil Reais,1146389,5106422,Peixoto de Azevedo - MT,2023,2023,37,Produto Interno Bruto a preços correntes
6,Município,40,Mil Reais,296060,5106455,Planalto da Serra - MT,2023,2023,37,Produto Interno Bruto a preços correntes
6,Município,40,Mil Reais,861874,5106505,Poconé - MT,2023,2023,37,Produto Interno Bruto a preços correntes
6,Município,40,Mil Reais,244682,5106653,Pontal do Araguaia - MT,2023,2023,37,Produto Interno Bruto a preços correntes
6,Município,40,Mil Reais,49856,5106703,Ponte Branca - MT,2023,2023,37,Produto Interno Bruto a preços correntes
6,Município,40,Mil Reais,2856805,5106752,Pontes e Lacerda - MT,2023,2023,37,Produto Interno Bruto a preços correntes
6,Município,40,Mil Reais,558330,5106778,Porto Alegre do Norte - MT,2023,2023,37,Produto Interno Bruto a preços correntes
6,Município,40,Mil Reais,1444695,5106802,Porto dos Gaúchos - MT,2023,2023,37,Produto Interno Bruto a preços correntes
6,Município,40,Mil Reais,323734,5106828,Porto Esperidião - MT,2023,2023,37,Produto Interno Bruto a preços correntes
6,Município,40,Mil Reais,99847,5106851,Porto Estrela - MT,2023,2023,37,Produto Interno Bruto a preços correntes
6,Município,40,Mil Reais,1242007,5107008,Poxoréu - MT,2023,2023,37,Produto Interno Bruto a preços correntes
6,Município,40,Mil Reais,8571209,5107040,Primavera do Leste - MT,2023,2023,37,Produto Interno Bruto a preços correntes
6,Município,40,Mil Reais,3771292,5107065,Querência - MT,2023,2023,37,Produto Interno Bruto a preços correntes
6,Município,40,Mil Reais,550358,5107107,São José dos Quatro Marcos - MT,2023,2023,37,Produto Interno Bruto a preços correntes
6,Município,40,Mil Reais,54024,5107156,Reserva do Cabaçal - MT,2023,2023,37,Produto Interno Bruto a preços correntes
6,Município,40,Mil Reais,814506,5107180,Ribeirão Cascalheira - MT,2023,2023,37,Produto Interno Bruto a preços correntes
6,Município,40,Mil Reais,192864,5107198,Ribeirãozinho - MT,2023,2023,37,Produto Interno Bruto a preços correntes
6,Município,40,Mil Reais,129895,5107206,Rio Branco - MT,2023,2023,37,Produto Interno Bruto a preços correntes
6,Município,40,Mil Reais,1133113,5107248,Santa Carmem - MT,2023,2023,37,Produto Interno Bruto a preços correntes
6,Município,40,Mil Reais,193731,5107263,Santo Afonso - MT,2023,2023,37,Produto Interno Bruto a preços correntes
6,Município,40,Mil Reais,70176,5107297,São José do Povo - MT,2023,2023,37,Produto Interno Bruto a preços correntes
6,Município,40,Mil Reais,1683036,5107305,São José do Rio Claro - MT,2023,2023,37,Produto Interno Bruto a preços correntes
6,Município,40,Mil Reais,843182,5107354,São José do Xingu - MT,2023,2023,37,Produto Interno Bruto a preços correntes
6,Município,40,Mil Reais,81085,5107404,São Pedro da Cipa - MT,2023,2023,37,Produto Interno Bruto a preços correntes
6,Município,40,Mil Reais,135694,5107578,Rondolândia - MT,2023,2023,37,Produto Interno Bruto a preços correntes
6,Município,40,Mil Reais,16568250,5107602,Rondonópolis - MT,2023,2023,37,Produto Interno Bruto a preços correntes
6,Município,40,Mil Reais,650377,5107701,Rosário Oeste - MT,2023,2023,37,Produto Interno Bruto a preços correntes
6,Município,40,Mil Reais,601239,5107743,Santa Cruz do Xingu - MT,2023,2023,37,Produto Interno Bruto a preços correntes
6,Município,40,Mil Reais,120131,5107750,Salto do Céu - MT,2023,2023,37,Produto Interno Bruto a preços correntes
6,Município,40,Mil Reais,1341337,5107768,Santa Rita do Trivelato - MT,2023,2023,37,Produto Interno Bruto a preços correntes
6,Município,40,Mil Reais,306137,5107776,Santa Terezinha - MT,2023,2023,37,Produto Interno Bruto a preços correntes
6,Município,40,Mil Reais,1313632,5107792,Santo Antônio do Leste - MT,2023,2023,37,Produto Interno Bruto a preços correntes
6,Município,40,Mil Reais,743717,5107800,Santo Antônio de Leverger - MT,2023,2023,37,Produto Interno Bruto a preços correntes
6,Município,40,Mil Reais,2351792,5107859,São Félix do Araguaia - MT,2023,2023,37,Produto Interno Bruto a preços correntes
6,Município,40,Mil Reais,6410247,5107875,Sapezal - MT,2023,2023,37,Produto Interno Bruto a preços correntes
6,Município,40,Mil Reais,160052,5107883,Serra Nova Dourada - MT,2023,2023,37,Produto Interno Bruto a preços correntes
6,Município,40,Mil Reais,11736047,5107909,Sinop - MT,2023,2023,37,Produto Interno Bruto a preços correntes
6,Município,40,Mil Reais,13748757,5107925,Sorriso - MT,2023,2023,37,Produto Interno Bruto a preços correntes
6,Município,40,Mil Reais,1540339,5107941,Tabaporã - MT,2023,2023,37,Produto Interno Bruto a preços correntes
6,Município,40,Mil Reais,5602200,5107958,Tangará da Serra - MT,2023,2023,37,Produto Interno Bruto a preços correntes
6,Município,40,Mil Reais,2467467,5108006,Tapurah - MT,2023,2023,37,Produto Interno Bruto a preços correntes
6,Município,40,Mil Reais,571448,5108055,Terra Nova do Norte - MT,2023,2023,37,Produto Interno Bruto a preços correntes
6,Município,40,Mil Reais,326968,5108105,Tesouro - MT,2023,2023,37,Produto Interno Bruto a preços correntes
6,Município,40,Mil Reais,241589,5108204,Torixoréu - MT,2023,2023,37,Produto Interno Bruto a preços correntes
6,Município,40,Mil Reais,601637,5108303,União do Sul - MT,2023,2023,37,Produto Interno Bruto a preços correntes
6,Município,40,Mil Reais,81318,5108352,Vale de São Domingos - MT,2023,2023,37,Produto Interno Bruto a preços correntes
6,Município,40,Mil Reais,13984218,5108402,Várzea Grande - MT,2023,2023,37,Produto Interno Bruto a preços correntes
6,Município,40,Mil Reais,1504304,5108501,Vera - MT,2023,2023,37,Produto Interno Bruto a preços correntes
6,Município,40,Mil Reais,920621,5108600,Vila Rica - MT,2023,2023,37,Produto Interno Bruto a preços correntes
6,Município,40,Mil Reais,236922,5108808,Nova Guarita - MT,2023,2023,37,Produto Interno Bruto a preços correntes
6,Município,40,Mil Reais,551799,5108857,Nova Marilândia - MT,2023,2023,37,Produto Interno Bruto a preços correntes
6,Município,40,Mil Reais,1490869,5108907,Nova Maringá - MT,2023,2023,37,Produto Interno Bruto a preços correntes
6,Município,40,Mil Reais,441951,5108956,Nova Monte Verde - MT,2023,2023,37,Produto Interno Bruto a preços correntes
6,Município,40,Mil Reais,477983,5200050,Abadia de Goiás - GO,2023,2023,37,Produto Interno Bruto a preços correntes
6,Município,40,Mil Reais,633025,5200100,Abadiânia - GO,2023,2023,37,Produto Interno Bruto a preços correntes
6,Município,40,Mil Reais,1188179,5200134,Acreúna - GO,2023,2023,37,Produto Interno Bruto a preços correntes
6,Município,40,Mil Reais,59486,5200159,Adelândia - GO,2023,2023,37,Produto Interno Bruto a preços correntes
6,Município,40,Mil Reais,476288,5200175,Água Fria de Goiás - GO,2023,2023,37,Produto Interno Bruto a preços correntes
6,Município,40,Mil Reais,74935,5200209,Água Limpa - GO,2023,2023,37,Produto Interno Bruto a preços correntes
6,Município,40,Mil Reais,3062185,5200258,Águas Lindas de Goiás - GO,2023,2023,37,Produto Interno Bruto a preços correntes
6,Município,40,Mil Reais,1832281,5200308,Alexânia - GO,2023,2023,37,Produto Interno Bruto a preços correntes
6,Município,40,Mil Reais,66408,5200506,Aloândia - GO,2023,2023,37,Produto Interno Bruto a preços correntes
6,Município,40,Mil Reais,623006,5200555,Alto Horizonte - GO,2023,2023,37,Produto Interno Bruto a preços correntes
6,Município,40,Mil Reais,408322,5200605,Alto Paraíso de Goiás - GO,2023,2023,37,Produto Interno Bruto a preços correntes
6,Município,40,Mil Reais,223109,5200803,Alvorada do Norte - GO,2023,2023,37,Produto Interno Bruto a preços correntes
6,Município,40,Mil Reais,124601,5200829,Amaralina - GO,2023,2023,37,Produto Interno Bruto a preços correntes
6,Município,40,Mil Reais,106099,5200852,Americano do Brasil - GO,2023,2023,37,Produto Interno Bruto a preços correntes
6,Município,40,Mil Reais,130845,5200902,Amorinópolis - GO,2023,2023,37,Produto Interno Bruto a preços correntes
6,Município,40,Mil Reais,20432109,5201108,Anápolis - GO,2023,2023,37,Produto Interno Bruto a preços correntes
6,Município,40,Mil Reais,26738,5201207,Anhanguera - GO,2023,2023,37,Produto Interno Bruto a preços correntes
6,Município,40,Mil Reais,730524,5201306,Anicuns - GO,2023,2023,37,Produto Interno Bruto a preços correntes
6,Município,40,Mil Reais,20888937,5201405,Aparecida de Goiânia - GO,2023,2023,37,Produto Interno Bruto a preços correntes
6,Município,40,Mil Reais,151337,5201454,Aparecida do Rio Doce - GO,2023,2023,37,Produto Interno Bruto a preços correntes
6,Município,40,Mil Reais,518582,5201504,Aporé - GO,2023,2023,37,Produto Interno Bruto a preços correntes
6,Município,40,Mil Reais,87232,5201603,Araçu - GO,2023,2023,37,Produto Interno Bruto a preços correntes
6,Município,40,Mil Reais,360573,5201702,Aragarças - GO,2023,2023,37,Produto Interno Bruto a preços correntes
6,Município,40,Mil Reais,237889,5201801,Aragoiânia - GO,2023,2023,37,Produto Interno Bruto a preços correntes
6,Município,40,Mil Reais,252818,5202155,Araguapaz - GO,2023,2023,37,Produto Interno Bruto a preços correntes
6,Município,40,Mil Reais,268947,5202353,Arenópolis - GO,2023,2023,37,Produto Interno Bruto a preços correntes
6,Município,40,Mil Reais,379921,5202502,Aruanã - GO,2023,2023,37,Produto Interno Bruto a preços correntes
6,Município,40,Mil Reais,111363,5202601,Aurilândia - GO,2023,2023,37,Produto Interno Bruto a preços correntes
6,Município,40,Mil Reais,83608,5202809,Avelinópolis - GO,2023,2023,37,Produto Interno Bruto a preços correntes
6,Município,40,Mil Reais,175462,5203104,Baliza - GO,2023,2023,37,Produto Interno Bruto a preços correntes
6,Município,40,Mil Reais,1686187,5203203,Barro Alto - GO,2023,2023,37,Produto Interno Bruto a preços correntes
6,Município,40,Mil Reais,1983166,5203302,Bela Vista de Goiás - GO,2023,2023,37,Produto Interno Bruto a preços correntes
6,Município,40,Mil Reais,418166,5203401,Bom Jardim de Goiás - GO,2023,2023,37,Produto Interno Bruto a preços correntes
6,Município,40,Mil Reais,1512295,5203500,Bom Jesus de Goiás - GO,2023,2023,37,Produto Interno Bruto a preços correntes
6,Município,40,Mil Reais,158520,5203559,Bonfinópolis - GO,2023,2023,37,Produto Interno Bruto a preços correntes
6,Município,40,Mil Reais,282294,5203575,Bonópolis - GO,2023,2023,37,Produto Interno Bruto a preços correntes
6,Município,40,Mil Reais,106412,5203609,Brazabrantes - GO,2023,2023,37,Produto Interno Bruto a preços correntes
6,Município,40,Mil Reais,305497,5203807,Britânia - GO,2023,2023,37,Produto Interno Bruto a preços correntes
6,Município,40,Mil Reais,561621,5203906,Buriti Alegre - GO,2023,2023,37,Produto Interno Bruto a preços correntes
6,Município,40,Mil Reais,78971,5203939,Buriti de Goiás - GO,2023,2023,37,Produto Interno Bruto a preços correntes
6,Município,40,Mil Reais,68010,5203962,Buritinópolis - GO,2023,2023,37,Produto Interno Bruto a preços correntes
6,Município,40,Mil Reais,484328,5204003,Cabeceiras - GO,2023,2023,37,Produto Interno Bruto a preços correntes
6,Município,40,Mil Reais,365150,5204102,Cachoeira Alta - GO,2023,2023,37,Produto Interno Bruto a preços correntes
6,Município,40,Mil Reais,45522,5204201,Cachoeira de Goiás - GO,2023,2023,37,Produto Interno Bruto a preços correntes
6,Município,40,Mil Reais,890576,5204250,Cachoeira Dourada - GO,2023,2023,37,Produto Interno Bruto a preços correntes
6,Município,40,Mil Reais,1219984,5204300,Caçu - GO,2023,2023,37,Produto Interno Bruto a preços correntes
6,Município,40,Mil Reais,1456338,5204409,Caiapônia - GO,2023,2023,37,Produto Interno Bruto a preços correntes
6,Município,40,Mil Reais,3782024,5204508,Caldas Novas - GO,2023,2023,37,Produto Interno Bruto a preços correntes
6,Município,40,Mil Reais,103502,5204557,Caldazinha - GO,2023,2023,37,Produto Interno Bruto a preços correntes
6,Município,40,Mil Reais,78260,5204607,Campestre de Goiás - GO,2023,2023,37,Produto Interno Bruto a preços correntes
6,Município,40,Mil Reais,135965,5204656,Campinaçu - GO,2023,2023,37,Produto Interno Bruto a preços correntes
6,Município,40,Mil Reais,422671,5204706,Campinorte - GO,2023,2023,37,Produto Interno Bruto a preços correntes
6,Município,40,Mil Reais,964885,5204805,Campo Alegre de Goiás - GO,2023,2023,37,Produto Interno Bruto a preços correntes
6,Município,40,Mil Reais,237751,5204854,Campo Limpo de Goiás - GO,2023,2023,37,Produto Interno Bruto a preços correntes
6,Município,40,Mil Reais,404844,5204904,Campos Belos - GO,2023,2023,37,Produto Interno Bruto a preços correntes
6,Município,40,Mil Reais,80964,5204953,Campos Verdes - GO,2023,2023,37,Produto Interno Bruto a preços correntes
6,Município,40,Mil Reais,543627,5205000,Carmo do Rio Verde - GO,2023,2023,37,Produto Interno Bruto a preços correntes
6,Município,40,Mil Reais,140321,5205059,Castelândia - GO,2023,2023,37,Produto Interno Bruto a preços correntes
6,Município,40,Mil Reais,10345993,5205109,Catalão - GO,2023,2023,37,Produto Interno Bruto a preços correntes
6,Município,40,Mil Reais,126676,5205208,Caturaí - GO,2023,2023,37,Produto Interno Bruto a preços correntes
6,Município,40,Mil Reais,373219,5205307,Cavalcante - GO,2023,2023,37,Produto Interno Bruto a preços correntes
6,Município,40,Mil Reais,986057,5205406,Ceres - GO,2023,2023,37,Produto Interno Bruto a preços correntes
6,Município,40,Mil Reais,533170,5205455,Cezarina - GO,2023,2023,37,Produto Interno Bruto a preços correntes
6,Município,40,Mil Reais,2486006,5205471,Chapadão do Céu - GO,2023,2023,37,Produto Interno Bruto a preços correntes
6,Município,40,Mil Reais,1351013,5205497,Cidade Ocidental - GO,2023,2023,37,Produto Interno Bruto a preços correntes
6,Município,40,Mil Reais,530183,5205513,Cocalzinho de Goiás - GO,2023,2023,37,Produto Interno Bruto a preços correntes
6,Município,40,Mil Reais,87397,5205521,Colinas do Sul - GO,2023,2023,37,Produto Interno Bruto a preços correntes
6,Município,40,Mil Reais,87370,5205703,Córrego do Ouro - GO,2023,2023,37,Produto Interno Bruto a preços correntes
6,Município,40,Mil Reais,340461,5205802,Corumbá de Goiás - GO,2023,2023,37,Produto Interno Bruto a preços correntes
6,Município,40,Mil Reais,1081678,5205901,Corumbaíba - GO,2023,2023,37,Produto Interno Bruto a preços correntes
6,Município,40,Mil Reais,5707718,5206206,Cristalina - GO,2023,2023,37,Produto Interno Bruto a preços correntes
6,Município,40,Mil Reais,134732,5206305,Cristianópolis - GO,2023,2023,37,Produto Interno Bruto a preços correntes
6,Município,40,Mil Reais,611859,5206404,Crixás - GO,2023,2023,37,Produto Interno Bruto a preços correntes
6,Município,40,Mil Reais,140959,5206503,Cromínia - GO,2023,2023,37,Produto Interno Bruto a preços correntes
6,Município,40,Mil Reais,115381,5206602,Cumari - GO,2023,2023,37,Produto Interno Bruto a preços correntes
6,Município,40,Mil Reais,59529,5206701,Damianópolis - GO,2023,2023,37,Produto Interno Bruto a preços correntes
6,Município,40,Mil Reais,60604,5206800,Damolândia - GO,2023,2023,37,Produto Interno Bruto a preços correntes
6,Município,40,Mil Reais,496504,5206909,Davinópolis - GO,2023,2023,37,Produto Interno Bruto a preços correntes
6,Município,40,Mil Reais,121731,5207105,Diorama - GO,2023,2023,37,Produto Interno Bruto a preços correntes
6,Município,40,Mil Reais,682108,5207253,Doverlândia - GO,2023,2023,37,Produto Interno Bruto a preços correntes
6,Município,40,Mil Reais,516263,5207352,Edealina - GO,2023,2023,37,Produto Interno Bruto a preços correntes
6,Município,40,Mil Reais,1196283,5207402,Edéia - GO,2023,2023,37,Produto Interno Bruto a preços correntes
6,Município,40,Mil Reais,113691,5207501,Estrela do Norte - GO,2023,2023,37,Produto Interno Bruto a preços correntes
6,Município,40,Mil Reais,211347,5207535,Faina - GO,2023,2023,37,Produto Interno Bruto a preços correntes
6,Município,40,Mil Reais,248809,5207600,Fazenda Nova - GO,2023,2023,37,Produto Interno Bruto a preços correntes
6,Município,40,Mil Reais,351013,5207808,Firminópolis - GO,2023,2023,37,Produto Interno Bruto a preços correntes
6,Município,40,Mil Reais,287569,5207907,Flores de Goiás - GO,2023,2023,37,Produto Interno Bruto a preços correntes
6,Município,40,Mil Reais,3918239,5208004,Formosa - GO,2023,2023,37,Produto Interno Bruto a preços correntes
6,Município,40,Mil Reais,133520,5208103,Formoso - GO,2023,2023,37,Produto Interno Bruto a preços correntes
6,Município,40,Mil Reais,244382,5208152,Gameleira de Goiás - GO,2023,2023,37,Produto Interno Bruto a preços correntes
6,Município,40,Mil Reais,113665,5208301,Divinópolis de Goiás - GO,2023,2023,37,Produto Interno Bruto a preços correntes
6,Município,40,Mil Reais,396359,5208400,Goianápolis - GO,2023,2023,37,Produto Interno Bruto a preços correntes
6,Município,40,Mil Reais,210732,5208509,Goiandira - GO,2023,2023,37,Produto Interno Bruto a preços correntes
6,Município,40,Mil Reais,2691742,5208608,Goianésia - GO,2023,2023,37,Produto Interno Bruto a preços correntes
6,Município,40,Mil Reais,75780846,5208707,Goiânia - GO,2023,2023,37,Produto Interno Bruto a preços correntes
6,Município,40,Mil Reais,1604687,5208806,Goianira - GO,2023,2023,37,Produto Interno Bruto a preços correntes
6,Município,40,Mil Reais,793947,5208905,Goiás - GO,2023,2023,37,Produto Interno Bruto a preços correntes
6,Município,40,Mil Reais,2725200,5209101,Goiatuba - GO,2023,2023,37,Produto Interno Bruto a preços correntes
6,Município,40,Mil Reais,338160,5209150,Gouvelândia - GO,2023,2023,37,Produto Interno Bruto a preços correntes
6,Município,40,Mil Reais,497334,5209200,Guapó - GO,2023,2023,37,Produto Interno Bruto a preços correntes
6,Município,40,Mil Reais,60565,5209291,Guaraíta - GO,2023,2023,37,Produto Interno Bruto a preços correntes
6,Município,40,Mil Reais,100115,5209408,Guarani de Goiás - GO,2023,2023,37,Produto Interno Bruto a preços correntes
6,Município,40,Mil Reais,73547,5209457,Guarinos - GO,2023,2023,37,Produto Interno Bruto a preços correntes
6,Município,40,Mil Reais,96557,5209606,Heitoraí - GO,2023,2023,37,Produto Interno Bruto a preços correntes
6,Município,40,Mil Reais,1528149,5209705,Hidrolândia - GO,2023,2023,37,Produto Interno Bruto a preços correntes
6,Município,40,Mil Reais,110997,5209804,Hidrolina - GO,2023,2023,37,Produto Interno Bruto a preços correntes
6,Município,40,Mil Reais,265592,5209903,Iaciara - GO,2023,2023,37,Produto Interno Bruto a preços correntes
6,Município,40,Mil Reais,373361,5209937,Inaciolândia - GO,2023,2023,37,Produto Interno Bruto a preços correntes
6,Município,40,Mil Reais,754047,5209952,Indiara - GO,2023,2023,37,Produto Interno Bruto a preços correntes
6,Município,40,Mil Reais,1880643,5210000,Inhumas - GO,2023,2023,37,Produto Interno Bruto a preços correntes
6,Município,40,Mil Reais,2797965,5210109,Ipameri - GO,2023,2023,37,Produto Interno Bruto a preços correntes
6,Município,40,Mil Reais,95822,5210158,Ipiranga de Goiás - GO,2023,2023,37,Produto Interno Bruto a preços correntes
6,Município,40,Mil Reais,1227631,5210208,Iporá - GO,2023,2023,37,Produto Interno Bruto a preços correntes
6,Município,40,Mil Reais,90980,5210307,Israelândia - GO,2023,2023,37,Produto Interno Bruto a preços correntes
6,Município,40,Mil Reais,2305609,5210406,Itaberaí - GO,2023,2023,37,Produto Interno Bruto a preços correntes
6,Município,40,Mil Reais,126630,5210562,Itaguari - GO,2023,2023,37,Produto Interno Bruto a preços correntes
6,Município,40,Mil Reais,119889,5210604,Itaguaru - GO,2023,2023,37,Produto Interno Bruto a preços correntes
6,Município,40,Mil Reais,188306,5210802,Itajá - GO,2023,2023,37,Produto Interno Bruto a preços correntes
6,Município,40,Mil Reais,599908,5210901,Itapaci - GO,2023,2023,37,Produto Interno Bruto a preços correntes
6,Município,40,Mil Reais,300251,5211008,Itapirapuã - GO,2023,2023,37,Produto Interno Bruto a preços correntes
6,Município,40,Mil Reais,734913,5211206,Itapuranga - GO,2023,2023,37,Produto Interno Bruto a preços correntes
6,Município,40,Mil Reais,412359,5211305,Itarumã - GO,2023,2023,37,Produto Interno Bruto a preços correntes
6,Município,40,Mil Reais,359651,5211404,Itauçu - GO,2023,2023,37,Produto Interno Bruto a preços correntes
6,Município,40,Mil Reais,6555376,5211503,Itumbiara - GO,2023,2023,37,Produto Interno Bruto a preços correntes
6,Município,40,Mil Reais,145722,5211602,Ivolândia - GO,2023,2023,37,Produto Interno Bruto a preços correntes
6,Município,40,Mil Reais,446723,5211701,Jandaia - GO,2023,2023,37,Produto Interno Bruto a preços correntes
6,Município,40,Mil Reais,1205296,5211800,Jaraguá - GO,2023,2023,37,Produto Interno Bruto a preços correntes
6,Município,40,Mil Reais,10026117,5211909,Jataí - GO,2023,2023,37,Produto Interno Bruto a preços correntes
6,Município,40,Mil Reais,112607,5212006,Jaupaci - GO,2023,2023,37,Produto Interno Bruto a preços correntes
6,Município,40,Mil Reais,51232,5212055,Jesúpolis - GO,2023,2023,37,Produto Interno Bruto a preços correntes
6,Município,40,Mil Reais,423165,5212105,Joviânia - GO,2023,2023,37,Produto Interno Bruto a preços correntes
6,Município,40,Mil Reais,884366,5212204,Jussara - GO,2023,2023,37,Produto Interno Bruto a preços correntes
6,Município,40,Mil Reais,67251,5212253,Lagoa Santa - GO,2023,2023,37,Produto Interno Bruto a preços correntes
6,Município,40,Mil Reais,452342,5212303,Leopoldo de Bulhões - GO,2023,2023,37,Produto Interno Bruto a preços correntes
6,Município,40,Mil Reais,6264671,5212501,Luziânia - GO,2023,2023,37,Produto Interno Bruto a preços correntes
6,Município,40,Mil Reais,101348,5212600,Mairipotaba - GO,2023,2023,37,Produto Interno Bruto a preços correntes
6,Município,40,Mil Reais,139650,5212709,Mambaí - GO,2023,2023,37,Produto Interno Bruto a preços correntes
6,Município,40,Mil Reais,411528,5212808,Mara Rosa - GO,2023,2023,37,Produto Interno Bruto a preços correntes
6,Município,40,Mil Reais,76281,5212907,Marzagão - GO,2023,2023,37,Produto Interno Bruto a preços correntes
6,Município,40,Mil Reais,225035,5212956,Matrinchã - GO,2023,2023,37,Produto Interno Bruto a preços correntes
6,Município,40,Mil Reais,327508,5213004,Maurilândia - GO,2023,2023,37,Produto Interno Bruto a preços correntes
6,Município,40,Mil Reais,179168,5213053,Mimoso de Goiás - GO,2023,2023,37,Produto Interno Bruto a preços correntes
6,Município,40,Mil Reais,1286497,5213087,Minaçu - GO,2023,2023,37,Produto Interno Bruto a preços correntes
6,Município,40,Mil Reais,4536325,5213103,Mineiros - GO,2023,2023,37,Produto Interno Bruto a preços correntes
6,Município,40,Mil Reais,73136,5213400,Moiporá - GO,2023,2023,37,Produto Interno Bruto a preços correntes
6,Município,40,Mil Reais,141790,5213509,Monte Alegre de Goiás - GO,2023,2023,37,Produto Interno Bruto a preços correntes
6,Município,40,Mil Reais,818049,5213707,Montes Claros de Goiás - GO,2023,2023,37,Produto Interno Bruto a preços correntes
6,Município,40,Mil Reais,1619839,5213756,Montividiu - GO,2023,2023,37,Produto Interno Bruto a preços correntes
6,Município,40,Mil Reais,124015,5213772,Montividiu do Norte - GO,2023,2023,37,Produto Interno Bruto a preços correntes
6,Município,40,Mil Reais,2524023,5213806,Morrinhos - GO,2023,2023,37,Produto Interno Bruto a preços correntes
6,Município,40,Mil Reais,68988,5213855,Morro Agudo de Goiás - GO,2023,2023,37,Produto Interno Bruto a preços correntes
6,Município,40,Mil Reais,170963,5213905,Mossâmedes - GO,2023,2023,37,Produto Interno Bruto a preços correntes
6,Município,40,Mil Reais,1366986,5214002,Mozarlândia - GO,2023,2023,37,Produto Interno Bruto a preços correntes
6,Município,40,Mil Reais,319880,5214051,Mundo Novo - GO,2023,2023,37,Produto Interno Bruto a preços correntes
6,Município,40,Mil Reais,105711,5214101,Mutunópolis - GO,2023,2023,37,Produto Interno Bruto a preços correntes
6,Município,40,Mil Reais,313258,5214408,Nazário - GO,2023,2023,37,Produto Interno Bruto a preços correntes
6,Município,40,Mil Reais,1548492,5214507,Nerópolis - GO,2023,2023,37,Produto Interno Bruto a preços correntes
6,Município,40,Mil Reais,1516123,5214606,Niquelândia - GO,2023,2023,37,Produto Interno Bruto a preços correntes
6,Município,40,Mil Reais,60721,5214705,Nova América - GO,2023,2023,37,Produto Interno Bruto a preços correntes
6,Município,40,Mil Reais,71369,5214804,Nova Aurora - GO,2023,2023,37,Produto Interno Bruto a preços correntes
6,Município,40,Mil Reais,932185,5214838,Nova Crixás - GO,2023,2023,37,Produto Interno Bruto a preços correntes
6,Município,40,Mil Reais,196168,5214861,Nova Glória - GO,2023,2023,37,Produto Interno Bruto a preços correntes
6,Município,40,Mil Reais,72975,5214879,Nova Iguaçu de Goiás - GO,2023,2023,37,Produto Interno Bruto a preços correntes
6,Município,40,Mil Reais,80910,5214903,Nova Roma - GO,2023,2023,37,Produto Interno Bruto a preços correntes
6,Município,40,Mil Reais,261701,5215009,Nova Veneza - GO,2023,2023,37,Produto Interno Bruto a preços correntes
6,Município,40,Mil Reais,105687,5215207,Novo Brasil - GO,2023,2023,37,Produto Interno Bruto a preços correntes
6,Município,40,Mil Reais,1349983,5215231,Novo Gama - GO,2023,2023,37,Produto Interno Bruto a preços correntes
6,Município,40,Mil Reais,190862,5215256,Novo Planalto - GO,2023,2023,37,Produto Interno Bruto a preços correntes
6,Município,40,Mil Reais,1147584,5215306,Orizona - GO,2023,2023,37,Produto Interno Bruto a preços correntes
6,Município,40,Mil Reais,217326,5215405,Ouro Verde de Goiás - GO,2023,2023,37,Produto Interno Bruto a preços correntes
6,Município,40,Mil Reais,486717,5215504,Ouvidor - GO,2023,2023,37,Produto Interno Bruto a preços correntes
6,Município,40,Mil Reais,1036141,5215603,Padre Bernardo - GO,2023,2023,37,Produto Interno Bruto a preços correntes
6,Município,40,Mil Reais,259528,5215652,Palestina de Goiás - GO,2023,2023,37,Produto Interno Bruto a preços correntes
6,Município,40,Mil Reais,2083486,5215702,Palmeiras de Goiás - GO,2023,2023,37,Produto Interno Bruto a preços correntes
6,Município,40,Mil Reais,58941,5215801,Palmelo - GO,2023,2023,37,Produto Interno Bruto a preços correntes
6,Município,40,Mil Reais,233772,5215900,Palminópolis - GO,2023,2023,37,Produto Interno Bruto a preços correntes
6,Município,40,Mil Reais,207977,5216007,Panamá - GO,2023,2023,37,Produto Interno Bruto a preços correntes
6,Município,40,Mil Reais,317830,5216304,Paranaiguara - GO,2023,2023,37,Produto Interno Bruto a preços correntes
6,Município,40,Mil Reais,1824836,5216403,Paraúna - GO,2023,2023,37,Produto Interno Bruto a preços correntes
6,Município,40,Mil Reais,790811,5216452,Perolândia - GO,2023,2023,37,Produto Interno Bruto a preços correntes
6,Município,40,Mil Reais,244843,5216809,Petrolina de Goiás - GO,2023,2023,37,Produto Interno Bruto a preços correntes
6,Município,40,Mil Reais,121147,5216908,Pilar de Goiás - GO,2023,2023,37,Produto Interno Bruto a preços correntes
6,Município,40,Mil Reais,1311747,5217104,Piracanjuba - GO,2023,2023,37,Produto Interno Bruto a preços correntes
6,Município,40,Mil Reais,953112,5217203,Piranhas - GO,2023,2023,37,Produto Interno Bruto a preços correntes
6,Município,40,Mil Reais,830089,5217302,Pirenópolis - GO,2023,2023,37,Produto Interno Bruto a preços correntes
6,Município,40,Mil Reais,1928362,5217401,Pires do Rio - GO,2023,2023,37,Produto Interno Bruto a preços correntes
6,Município,40,Mil Reais,1939904,5217609,Planaltina - GO,2023,2023,37,Produto Interno Bruto a preços correntes
6,Município,40,Mil Reais,840052,5217708,Pontalina - GO,2023,2023,37,Produto Interno Bruto a preços correntes
6,Município,40,Mil Reais,2072827,5218003,Porangatu - GO,2023,2023,37,Produto Interno Bruto a preços correntes
6,Município,40,Mil Reais,388339,5218052,Porteirão - GO,2023,2023,37,Produto Interno Bruto a preços correntes
6,Município,40,Mil Reais,305584,5218102,Portelândia - GO,2023,2023,37,Produto Interno Bruto a preços correntes
6,Município,40,Mil Reais,938125,5218300,Posse - GO,2023,2023,37,Produto Interno Bruto a preços correntes
6,Município,40,Mil Reais,86823,5218391,Professor Jamil - GO,2023,2023,37,Produto Interno Bruto a preços correntes
6,Município,40,Mil Reais,3123504,5218508,Quirinópolis - GO,2023,2023,37,Produto Interno Bruto a preços correntes
6,Município,40,Mil Reais,410814,5218607,Rialma - GO,2023,2023,37,Produto Interno Bruto a preços correntes
6,Município,40,Mil Reais,125402,5218706,Rianápolis - GO,2023,2023,37,Produto Interno Bruto a preços correntes
6,Município,40,Mil Reais,579154,5218789,Rio Quente - GO,2023,2023,37,Produto Interno Bruto a preços correntes
6,Município,40,Mil Reais,22310032,5218805,Rio Verde - GO,2023,2023,37,Produto Interno Bruto a preços correntes
6,Município,40,Mil Reais,767419,5218904,Rubiataba - GO,2023,2023,37,Produto Interno Bruto a preços correntes
6,Município,40,Mil Reais,279278,5219001,Sanclerlândia - GO,2023,2023,37,Produto Interno Bruto a preços correntes
6,Município,40,Mil Reais,183431,5219100,Santa Bárbara de Goiás - GO,2023,2023,37,Produto Interno Bruto a preços correntes
6,Município,40,Mil Reais,293229,5219209,Santa Cruz de Goiás - GO,2023,2023,37,Produto Interno Bruto a preços correntes
6,Município,40,Mil Reais,350881,5219258,Santa Fé de Goiás - GO,2023,2023,37,Produto Interno Bruto a preços correntes
6,Município,40,Mil Reais,1995752,5219308,Santa Helena de Goiás - GO,2023,2023,37,Produto Interno Bruto a preços correntes
6,Município,40,Mil Reais,147694,5219357,Santa Isabel - GO,2023,2023,37,Produto Interno Bruto a preços correntes
6,Município,40,Mil Reais,216189,5219407,Santa Rita do Araguaia - GO,2023,2023,37,Produto Interno Bruto a preços correntes
6,Município,40,Mil Reais,179620,5219456,Santa Rita do Novo Destino - GO,2023,2023,37,Produto Interno Bruto a preços correntes
6,Município,40,Mil Reais,100777,5219506,Santa Rosa de Goiás - GO,2023,2023,37,Produto Interno Bruto a preços correntes
6,Município,40,Mil Reais,105474,5219605,Santa Tereza de Goiás - GO,2023,2023,37,Produto Interno Bruto a preços correntes
6,Município,40,Mil Reais,259907,5219704,Santa Terezinha de Goiás - GO,2023,2023,37,Produto Interno Bruto a preços correntes
6,Município,40,Mil Reais,329277,5219712,Santo Antônio da Barra - GO,2023,2023,37,Produto Interno Bruto a preços correntes
6,Município,40,Mil Reais,200106,5219738,Santo Antônio de Goiás - GO,2023,2023,37,Produto Interno Bruto a preços correntes
6,Município,40,Mil Reais,972899,5219753,Santo Antônio do Descoberto - GO,2023,2023,37,Produto Interno Bruto a preços correntes
6,Município,40,Mil Reais,276813,5219803,São Domingos - GO,2023,2023,37,Produto Interno Bruto a preços correntes
6,Município,40,Mil Reais,173869,5219902,São Francisco de Goiás - GO,2023,2023,37,Produto Interno Bruto a preços correntes
6,Município,40,Mil Reais,597270,5220009,São João d'Aliança - GO,2023,2023,37,Produto Interno Bruto a preços correntes
6,Município,40,Mil Reais,148707,5220058,São João da Paraúna - GO,2023,2023,37,Produto Interno Bruto a preços correntes
6,Município,40,Mil Reais,2008425,5220108,São Luís de Montes Belos - GO,2023,2023,37,Produto Interno Bruto a preços correntes
6,Município,40,Mil Reais,221723,5220157,São Luiz do Norte - GO,2023,2023,37,Produto Interno Bruto a preços correntes
6,Município,40,Mil Reais,880802,5220207,São Miguel do Araguaia - GO,2023,2023,37,Produto Interno Bruto a preços correntes
6,Município,40,Mil Reais,337469,5220264,São Miguel do Passa Quatro - GO,2023,2023,37,Produto Interno Bruto a preços correntes
6,Município,40,Mil Reais,66124,5220280,São Patrício - GO,2023,2023,37,Produto Interno Bruto a preços correntes
6,Município,40,Mil Reais,2537275,5220405,São Simão - GO,2023,2023,37,Produto Interno Bruto a preços correntes
6,Município,40,Mil Reais,5495055,5220454,Senador Canedo - GO,2023,2023,37,Produto Interno Bruto a preços correntes
6,Município,40,Mil Reais,819680,5220504,Serranópolis - GO,2023,2023,37,Produto Interno Bruto a preços correntes
6,Município,40,Mil Reais,1594191,5220603,Silvânia - GO,2023,2023,37,Produto Interno Bruto a preços correntes
6,Município,40,Mil Reais,233339,5220686,Simolândia - GO,2023,2023,37,Produto Interno Bruto a preços correntes
6,Município,40,Mil Reais,104248,5220702,Sítio d'Abadia - GO,2023,2023,37,Produto Interno Bruto a preços correntes
6,Município,40,Mil Reais,97090,5221007,Taquaral de Goiás - GO,2023,2023,37,Produto Interno Bruto a preços correntes
6,Município,40,Mil Reais,47499,5221080,Teresina de Goiás - GO,2023,2023,37,Produto Interno Bruto a preços correntes
6,Município,40,Mil Reais,258448,5221197,Terezópolis de Goiás - GO,2023,2023,37,Produto Interno Bruto a preços correntes
6,Município,40,Mil Reais,96756,5221304,Três Ranchos - GO,2023,2023,37,Produto Interno Bruto a preços correntes
6,Município,40,Mil Reais,3631624,5221403,Trindade - GO,2023,2023,37,Produto Interno Bruto a preços correntes
6,Município,40,Mil Reais,82138,5221452,Trombas - GO,2023,2023,37,Produto Interno Bruto a preços correntes
6,Município,40,Mil Reais,359274,5221502,Turvânia - GO,2023,2023,37,Produto Interno Bruto a preços correntes
6,Município,40,Mil Reais,757326,5221551,Turvelândia - GO,2023,2023,37,Produto Interno Bruto a preços correntes
6,Município,40,Mil Reais,86672,5221577,Uirapuru - GO,2023,2023,37,Produto Interno Bruto a preços correntes
6,Município,40,Mil Reais,1637352,5221601,Uruaçu - GO,2023,2023,37,Produto Interno Bruto a preços correntes
6,Município,40,Mil Reais,405664,5221700,Uruana - GO,2023,2023,37,Produto Interno Bruto a preços correntes
6,Município,40,Mil Reais,152304,5221809,Urutaí - GO,2023,2023,37,Produto Interno Bruto a preços correntes
6,Município,40,Mil Reais,3621840,5221858,Valparaíso de Goiás - GO,2023,2023,37,Produto Interno Bruto a preços correntes
6,Município,40,Mil Reais,122376,5221908,Varjão - GO,2023,2023,37,Produto Interno Bruto a preços correntes
6,Município,40,Mil Reais,914943,5222005,Vianópolis - GO,2023,2023,37,Produto Interno Bruto a preços correntes
6,Município,40,Mil Reais,677600,5222054,Vicentinópolis - GO,2023,2023,37,Produto Interno Bruto a preços correntes
6,Município,40,Mil Reais,201846,5222203,Vila Boa - GO,2023,2023,37,Produto Interno Bruto a preços correntes
6,Município,40,Mil Reais,444209,5222302,Vila Propício - GO,2023,2023,37,Produto Interno Bruto a preços correntes
6,Município,40,Mil Reais,365669108,5300108,Brasília - DF,2023,2023,37,Produto Interno Bruto a preços correntes
